Soil_Type,Soil_pH,Soil_Moisture,Organic_Carbon,Electrical_Conductivity,Temperature_C,Humidity,Rainfall_mm,Sunlight_Hours,Wind_Speed_kmh,Crop_Type,Crop_Growth_Stage,Season,Irrigation_Type,Water_Source,Field_Area_hectare,Mulching_Used,Previous_Irrigation_mm,Region,Irrigation_Need,Predicted_Irrigation_Need,Recommended_Irrigation_mm,Actual_Irrigation_Need
Silt,6.56,26.1,0.35,3.38,18.11,43.18,1416.9,9.44,12.15,Sugarcane,Flowering,Zaid,Sprinkler,River,7.25,No,51.55,North,Medium,Medium,103.17,Medium
Sandy,6.41,46.46,1.54,1.69,29.0,61.17,64.11,10.31,11.02,Rice,Flowering,Kharif,Canal,Reservoir,2.11,No,32.89,West,Medium,Medium,110.0,Medium
Clay,5.84,35.79,1.48,3.31,14.7,36.16,1626.18,8.94,12.04,Wheat,Flowering,Zaid,Rainfed,Rainwater,7.51,Yes,79.52,South,Low,Low,39.5,Low
Clay,6.84,58.75,1.37,1.04,41.37,51.59,650.84,7.18,18.33,Cotton,Flowering,Rabi,Rainfed,Reservoir,14.18,No,20.98,Central,Medium,Medium,110.0,Medium
Loamy,6.52,41.98,1.45,1.2,30.67,76.81,513.85,4.2,17.08,Maize,Vegetative,Rabi,Rainfed,Rainwater,7.15,Yes,19.48,East,Medium,Medium,67.59,Medium
Sandy,6.82,62.39,0.84,0.39,41.48,85.16,1224.25,8.62,13.71,Wheat,Sowing,Kharif,Sprinkler,Groundwater,3.19,Yes,10.28,West,Low,Low,18.49,Low
Clay,5.81,56.5,0.74,0.49,25.14,80.27,501.07,4.77,17.02,Sugarcane,Flowering,Rabi,Sprinkler,Groundwater,6.38,No,91.21,North,Medium,Medium,79.5,Medium
Loamy,7.24,38.42,0.98,0.59,13.02,50.37,1254.93,7.8,16.03,Wheat,Harvest,Zaid,Drip,River,4.14,No,55.28,East,Low,Low,28.31,Low
Loamy,6.27,21.0,1.23,1.73,38.25,91.32,635.01,9.06,14.49,Cotton,Vegetative,Kharif,Canal,River,7.85,Yes,3.76,Central,Medium,Medium,95.54,Medium
Loamy,5.23,48.33,1.58,2.79,19.12,28.82,842.56,5.89,13.8,Maize,Sowing,Zaid,Drip,Reservoir,8.72,No,2.95,South,Low,Low,51.72,Low
Clay,7.72,64.01,0.62,0.63,12.7,50.52,2317.51,5.97,3.87,Cotton,Harvest,Zaid,Rainfed,Reservoir,7.07,Yes,115.76,Central,Low,Low,15.0,Low
Silt,7.58,26.55,0.94,0.28,38.87,82.37,1353.78,9.32,17.27,Rice,Harvest,Kharif,Rainfed,Rainwater,7.06,No,55.42,North,Low,Low,42.61,Low
Silt,6.34,55.78,0.54,1.37,37.13,85.75,1617.93,4.97,17.73,Sugarcane,Harvest,Rabi,Sprinkler,River,1.03,Yes,23.4,South,Low,Low,28.1,Low
Sandy,5.23,27.27,0.73,2.91,31.77,46.56,874.17,4.34,7.89,Wheat,Harvest,Rabi,Drip,Reservoir,6.43,No,35.71,Central,Low,Low,22.11,Low
Loamy,8.1,61.76,1.02,2.59,12.3,91.95,2445.49,10.0,5.99,Wheat,Vegetative,Zaid,Drip,Rainwater,10.6,No,10.47,Central,Low,Low,15.0,Low
Sandy,5.37,34.13,0.52,3.4,40.56,77.56,260.78,7.76,2.43,Maize,Flowering,Kharif,Canal,Groundwater,3.97,No,39.85,South,Medium,Medium,107.49,Medium
Loamy,6.88,63.65,1.3,2.64,38.67,58.67,542.56,6.89,19.06,Potato,Vegetative,Kharif,Canal,Groundwater,3.26,No,55.47,Central,Medium,Medium,83.05,Medium
Loamy,5.08,28.79,0.6,1.88,28.88,86.44,1241.17,7.56,11.17,Maize,Flowering,Rabi,Sprinkler,Reservoir,6.37,No,87.87,East,Medium,Medium,80.68,Medium
Loamy,6.95,31.21,1.48,2.51,25.46,54.19,639.99,7.18,4.12,Maize,Vegetative,Zaid,Sprinkler,River,10.08,No,61.98,West,Low,Low,50.45,Low
Loamy,5.24,19.67,0.42,3.33,18.0,38.61,1653.35,10.17,6.09,Maize,Harvest,Zaid,Drip,Rainwater,14.99,Yes,61.27,South,Low,Low,19.13,Low
Loamy,7.77,19.2,0.73,1.25,39.9,26.83,214.65,5.41,19.49,Cotton,Sowing,Kharif,Drip,Reservoir,6.58,Yes,19.52,North,Medium,Medium,110.0,Medium
Clay,5.66,18.13,0.91,3.2,22.91,69.79,1291.63,8.69,12.2,Sugarcane,Flowering,Kharif,Canal,Groundwater,10.59,No,19.94,Central,Medium,Medium,90.07,Medium
Loamy,5.63,27.49,0.95,1.71,35.82,34.22,289.1,4.06,2.48,Rice,Sowing,Kharif,Canal,Rainwater,4.74,No,43.38,South,Medium,Medium,110.0,Medium
Clay,7.6,24.49,1.48,3.49,15.28,71.23,1360.02,4.74,2.06,Wheat,Sowing,Zaid,Sprinkler,Groundwater,3.95,No,111.53,North,Low,Low,28.24,Low
Sandy,7.61,52.0,0.89,0.73,26.07,65.3,2170.25,5.54,10.25,Maize,Vegetative,Zaid,Canal,Rainwater,11.23,No,55.61,North,Medium,Medium,57.41,Medium
Silt,7.26,61.02,1.13,2.54,12.38,50.1,1824.97,7.35,7.64,Potato,Harvest,Kharif,Sprinkler,Groundwater,11.69,Yes,79.35,North,Low,Low,19.63,Low
Clay,5.21,22.75,0.5,1.22,23.75,86.89,1893.36,8.1,5.07,Rice,Flowering,Kharif,Rainfed,Rainwater,5.84,Yes,85.64,North,Medium,Medium,60.93,Medium
Silt,7.04,22.07,0.6,0.27,12.48,75.31,180.31,10.18,17.9,Rice,Flowering,Rabi,Canal,Groundwater,0.55,No,113.18,Central,High,Medium,110.0,High
Sandy,6.42,60.84,0.9,2.98,16.1,78.93,1283.09,10.69,10.0,Potato,Sowing,Rabi,Sprinkler,Rainwater,7.31,No,52.59,South,Low,Low,30.6,Low
Sandy,6.72,47.19,0.68,1.73,28.08,31.08,1816.67,6.28,1.94,Sugarcane,Vegetative,Rabi,Drip,Rainwater,2.85,No,112.39,Central,Low,Low,26.05,Low
Silt,7.27,36.34,1.49,3.09,39.37,51.92,469.11,4.11,18.15,Wheat,Flowering,Kharif,Sprinkler,Reservoir,6.09,No,2.24,West,Medium,Medium,110.0,Medium
Silt,7.09,62.24,0.52,1.07,23.75,59.28,848.32,8.6,9.89,Sugarcane,Harvest,Rabi,Drip,Reservoir,7.48,No,53.89,Central,Low,Low,18.37,Low
Clay,8.11,45.75,1.53,2.89,39.94,68.59,142.74,9.85,5.95,Maize,Harvest,Kharif,Canal,Reservoir,14.99,No,95.83,East,Medium,Medium,48.27,Medium
Silt,6.94,22.65,1.15,2.86,12.06,93.62,1647.76,7.53,5.16,Sugarcane,Harvest,Kharif,Drip,Groundwater,12.96,Yes,48.05,Central,Low,Low,26.37,Low
Loamy,6.31,27.21,1.34,2.91,17.52,84.49,2469.73,8.68,4.17,Cotton,Vegetative,Zaid,Canal,Reservoir,10.15,No,75.58,East,Low,Low,35.01,Low
Silt,7.62,64.76,0.58,3.38,29.98,50.1,2210.26,4.59,6.54,Maize,Flowering,Kharif,Canal,Rainwater,6.48,Yes,60.8,North,Low,Low,38.98,Low
Loamy,4.93,40.68,0.38,2.75,18.37,66.31,724.36,6.06,19.19,Maize,Flowering,Kharif,Sprinkler,Groundwater,6.96,No,36.98,Central,Medium,Medium,72.96,Medium
Clay,5.34,12.33,0.96,3.48,30.08,89.12,1462.02,10.12,5.23,Rice,Sowing,Kharif,Canal,Groundwater,10.31,Yes,63.63,West,Low,Low,36.96,Low
Silt,5.48,41.56,1.56,2.6,27.92,58.84,155.86,8.97,18.05,Sugarcane,Vegetative,Kharif,Canal,Reservoir,3.43,No,88.55,West,Medium,Medium,110.0,Medium
Sandy,7.48,14.54,0.41,0.31,27.62,80.93,1998.46,7.44,3.78,Sugarcane,Flowering,Kharif,Sprinkler,River,6.1,No,82.79,East,Medium,Medium,93.47,Medium
Sandy,7.05,33.68,1.32,1.07,15.44,56.14,831.25,4.97,13.96,Potato,Vegetative,Rabi,Rainfed,Groundwater,3.66,No,16.84,East,Medium,Medium,79.8,Medium
Silt,6.7,64.54,1.51,3.01,30.86,83.53,1888.86,5.73,16.65,Wheat,Sowing,Zaid,Rainfed,River,4.94,Yes,7.91,West,Low,Low,19.71,Low
Clay,7.26,53.43,0.77,2.19,18.52,50.86,1251.14,5.31,15.4,Potato,Sowing,Zaid,Sprinkler,River,5.0,No,114.19,West,Low,Low,24.66,Low
Sandy,6.09,43.23,1.35,2.29,30.84,66.75,345.45,9.44,12.31,Sugarcane,Vegetative,Rabi,Canal,Rainwater,4.68,Yes,71.81,East,Medium,Medium,110.0,Medium
Silt,5.29,61.23,1.0,0.37,37.45,35.39,1233.39,7.2,12.36,Wheat,Sowing,Kharif,Sprinkler,Groundwater,8.88,Yes,63.54,Central,Low,Low,26.91,Low
Clay,7.96,21.85,0.55,0.55,35.59,25.53,2354.46,8.06,11.67,Cotton,Vegetative,Zaid,Canal,River,2.12,No,108.56,South,High,High,151.66,High
Loamy,8.04,56.77,1.6,1.62,36.46,78.41,747.9,9.6,4.93,Sugarcane,Flowering,Zaid,Sprinkler,Groundwater,9.89,Yes,94.57,East,Low,Low,54.37,Low
Sandy,7.24,61.71,1.07,0.59,38.49,67.68,1965.85,9.65,15.32,Rice,Flowering,Kharif,Canal,River,8.83,No,40.36,Central,Medium,Medium,76.39,Medium
Silt,7.92,32.51,0.9,0.61,26.79,92.37,125.81,5.65,11.28,Potato,Vegetative,Rabi,Sprinkler,Rainwater,13.51,No,89.43,South,Medium,Medium,107.53,Medium
Clay,6.12,15.85,0.8,0.68,31.44,43.15,2010.04,6.9,1.35,Wheat,Harvest,Zaid,Canal,Rainwater,10.25,Yes,96.9,North,Low,Low,17.72,Low
Clay,8.0,12.77,1.16,1.68,38.62,68.29,585.77,4.97,3.25,Maize,Sowing,Kharif,Drip,Rainwater,10.56,No,75.06,West,Medium,Medium,110.0,Medium
Silt,5.93,64.33,0.58,0.17,31.23,33.0,8.68,10.49,6.78,Potato,Sowing,Kharif,Canal,Rainwater,12.67,No,26.52,South,Medium,Medium,110.0,Medium
Silt,5.29,50.08,1.32,1.94,22.27,53.92,247.54,6.99,19.54,Wheat,Harvest,Kharif,Rainfed,Rainwater,6.0,No,27.54,South,Medium,Medium,66.31,Medium
Loamy,6.04,60.09,1.07,0.72,30.15,81.2,1411.93,10.39,11.82,Wheat,Sowing,Rabi,Rainfed,Groundwater,13.14,No,3.92,South,Low,Low,32.17,Low
Silt,6.76,56.0,1.34,1.85,30.33,93.46,100.97,4.31,9.23,Sugarcane,Flowering,Rabi,Rainfed,Groundwater,1.72,No,104.15,Central,Medium,Medium,110.0,Medium
Loamy,5.65,15.47,1.13,1.72,30.76,66.75,1026.98,10.32,16.72,Potato,Sowing,Rabi,Canal,Rainwater,11.68,No,84.01,West,Medium,Medium,110.0,Medium
Silt,6.78,49.77,1.42,0.52,39.07,57.94,938.26,7.01,5.22,Sugarcane,Sowing,Zaid,Sprinkler,River,12.49,Yes,57.41,Central,Low,Low,44.86,Low
Silt,6.0,36.93,0.37,0.42,12.21,33.39,1087.82,7.93,11.95,Potato,Sowing,Rabi,Rainfed,River,4.28,Yes,53.63,West,Low,Low,33.38,Low
Sandy,8.0,48.78,0.43,2.27,12.19,91.77,462.21,5.34,4.33,Rice,Sowing,Rabi,Rainfed,River,14.67,No,74.48,Central,Low,Low,30.94,Low
Silt,6.46,34.34,1.58,1.59,18.23,37.71,2275.9,5.86,6.63,Potato,Harvest,Zaid,Rainfed,River,10.85,No,13.8,North,Low,Low,18.44,Low
Silt,5.92,62.35,0.99,3.39,20.22,92.4,1733.2,8.95,9.32,Maize,Flowering,Kharif,Sprinkler,Rainwater,3.67,Yes,96.88,North,Low,Low,18.61,Low
Sandy,5.5,21.36,1.29,1.61,32.05,45.92,695.4,5.65,6.6,Potato,Vegetative,Kharif,Drip,Reservoir,1.99,Yes,61.86,East,Medium,Medium,102.46,Medium
Clay,7.42,57.89,1.54,3.42,18.77,71.52,416.21,6.35,7.59,Cotton,Harvest,Rabi,Drip,Rainwater,9.22,Yes,56.72,North,Low,Low,32.59,Low
Silt,5.48,28.1,0.71,0.66,18.73,47.1,2305.37,6.78,14.21,Rice,Sowing,Rabi,Drip,Rainwater,2.1,No,109.56,West,Low,Low,38.54,Low
Silt,8.19,52.76,0.9,2.93,24.29,85.69,292.5,10.18,13.43,Cotton,Flowering,Kharif,Drip,Reservoir,14.72,No,91.44,Central,Medium,Medium,73.93,Medium
Sandy,5.62,42.65,1.34,0.41,37.77,83.06,1631.64,7.15,15.77,Rice,Vegetative,Kharif,Canal,Rainwater,1.34,No,98.15,South,Medium,Medium,76.54,Medium
Clay,5.96,51.53,0.76,2.87,15.96,89.78,2360.82,8.52,9.22,Maize,Flowering,Zaid,Sprinkler,River,6.11,No,55.72,West,Low,Low,17.8,Low
Silt,6.53,48.37,0.73,2.0,35.5,42.33,803.96,10.93,14.43,Maize,Vegetative,Zaid,Sprinkler,Reservoir,10.61,Yes,51.2,South,Medium,Medium,110.0,Medium
Clay,5.21,39.37,0.69,1.87,41.58,46.25,1630.76,10.93,4.32,Sugarcane,Sowing,Kharif,Rainfed,Groundwater,9.78,No,83.51,West,Low,Low,33.9,Low
Loamy,5.54,39.55,1.2,3.49,34.8,75.85,2232.45,6.98,15.35,Rice,Harvest,Zaid,Drip,Reservoir,12.96,Yes,97.86,West,Low,Low,36.32,Low
Clay,5.87,11.35,0.4,2.86,21.21,27.13,1792.65,9.39,4.38,Potato,Flowering,Zaid,Canal,Rainwater,4.81,Yes,79.07,South,Medium,Medium,110.0,Medium
Clay,5.19,47.96,0.4,0.16,41.45,49.77,2179.21,4.85,19.08,Rice,Harvest,Zaid,Drip,Groundwater,9.66,Yes,101.9,East,Low,Low,21.83,Low
Silt,6.77,24.13,0.59,2.47,40.82,83.52,149.3,10.8,16.37,Cotton,Vegetative,Zaid,Rainfed,Groundwater,14.04,No,66.93,South,High,High,134.04,High
Silt,6.19,48.7,0.44,2.92,26.89,27.57,50.1,5.61,9.67,Maize,Flowering,Zaid,Canal,Reservoir,11.18,Yes,3.07,West,Medium,Medium,110.0,Medium
Clay,7.13,9.8,1.22,3.23,15.35,73.08,526.35,5.31,17.79,Sugarcane,Sowing,Zaid,Sprinkler,Reservoir,3.5,No,72.25,West,Medium,Medium,110.0,Medium
Sandy,7.44,27.72,0.68,3.01,36.39,71.52,489.83,8.96,7.75,Sugarcane,Sowing,Zaid,Sprinkler,Rainwater,6.28,No,57.95,North,Low,Low,60.0,Low
Sandy,5.74,15.25,1.14,2.12,20.32,82.84,2382.27,10.87,10.7,Wheat,Harvest,Zaid,Sprinkler,Groundwater,8.99,No,62.13,Central,Medium,Medium,45.0,Medium
Loamy,4.85,47.32,1.47,0.33,31.13,87.73,292.63,10.23,16.75,Wheat,Flowering,Rabi,Canal,Reservoir,0.87,Yes,102.27,Central,Medium,Medium,66.63,Medium
Clay,7.92,13.0,1.38,1.79,12.51,47.47,2085.24,8.67,9.32,Maize,Flowering,Rabi,Sprinkler,River,8.34,No,105.21,North,Medium,Medium,79.54,Medium
Loamy,6.45,41.71,0.79,1.1,13.0,70.84,1482.69,5.12,9.66,Maize,Flowering,Zaid,Sprinkler,Rainwater,11.53,No,99.93,West,Low,Low,23.41,Low
Silt,5.09,54.62,0.43,1.72,37.09,55.82,440.62,7.37,16.62,Maize,Vegetative,Kharif,Drip,Rainwater,0.89,No,69.58,South,Medium,Medium,110.0,Medium
Silt,5.63,52.99,1.49,3.41,12.34,47.89,2189.71,10.04,14.34,Sugarcane,Vegetative,Rabi,Rainfed,Rainwater,1.84,Yes,86.76,South,Low,Low,40.69,Low
Sandy,5.73,61.45,1.24,0.81,37.99,85.02,1434.21,10.29,0.89,Cotton,Flowering,Rabi,Sprinkler,Reservoir,12.01,No,69.51,Central,Medium,Medium,57.02,Medium
Silt,6.13,32.62,0.84,2.68,33.09,93.04,303.39,6.94,0.57,Rice,Sowing,Kharif,Drip,Reservoir,7.79,No,94.27,North,Low,Low,40.42,Low
Clay,5.48,45.76,0.9,0.45,33.31,68.22,2379.48,4.85,19.99,Sugarcane,Sowing,Rabi,Rainfed,Reservoir,7.99,No,73.0,Central,Low,Low,32.18,Low
Silt,5.3,44.8,0.92,2.97,25.38,66.22,1208.85,8.86,5.06,Rice,Harvest,Zaid,Canal,River,13.59,No,51.89,East,Low,Low,24.05,Low
Clay,5.21,16.2,1.46,2.53,26.27,38.31,1237.88,7.0,7.18,Maize,Vegetative,Kharif,Sprinkler,Reservoir,6.76,Yes,111.22,West,Medium,Medium,110.0,Medium
Silt,8.18,17.18,0.98,0.88,34.89,54.16,798.81,6.81,1.8,Cotton,Sowing,Rabi,Drip,Rainwater,10.22,Yes,53.35,North,Low,Low,60.0,Low
Loamy,5.27,53.5,1.57,0.88,12.88,58.4,1396.99,5.92,5.07,Maize,Harvest,Kharif,Sprinkler,Rainwater,14.41,Yes,0.7,East,Low,Low,28.98,Low
Loamy,5.92,63.33,0.93,0.49,23.65,41.16,2312.99,5.65,5.84,Cotton,Flowering,Zaid,Canal,Groundwater,2.73,No,51.02,West,Low,Low,25.99,Low
Sandy,5.65,24.81,1.6,2.88,20.24,26.3,2196.12,5.05,11.38,Sugarcane,Flowering,Rabi,Canal,Groundwater,13.91,No,47.16,East,Medium,Medium,71.63,Medium
Loamy,7.44,62.06,0.85,3.46,38.5,33.44,239.22,4.71,4.91,Wheat,Harvest,Kharif,Rainfed,Reservoir,9.0,Yes,56.57,North,Low,Low,31.67,Low
Sandy,7.13,40.44,1.54,1.91,15.62,35.17,303.45,6.98,9.06,Wheat,Harvest,Kharif,Canal,Groundwater,7.56,No,65.88,Central,Low,Low,32.42,Low
Clay,7.83,10.04,0.9,3.22,19.84,58.04,2392.96,6.34,12.63,Wheat,Harvest,Rabi,Canal,Reservoir,9.16,Yes,72.04,East,Low,Low,22.07,Low
Clay,5.61,48.34,1.12,1.7,12.05,57.36,1402.94,8.68,1.79,Sugarcane,Harvest,Rabi,Drip,River,9.09,Yes,89.84,South,Low,Low,33.52,Low
Silt,7.41,31.84,1.42,2.32,41.76,54.96,1405.61,10.31,17.07,Sugarcane,Harvest,Zaid,Canal,Groundwater,2.62,No,80.44,North,Low,Low,37.6,Low
Silt,7.97,14.0,0.44,1.61,35.72,77.63,180.06,10.86,7.98,Wheat,Flowering,Kharif,Sprinkler,Reservoir,2.97,No,67.87,South,High,High,180.0,High
Loamy,7.48,26.87,1.29,0.72,20.12,66.08,1535.43,11.0,11.92,Potato,Flowering,Rabi,Rainfed,Reservoir,14.21,No,71.81,East,Medium,Medium,66.68,Medium
Clay,6.14,51.18,0.54,1.34,18.08,39.37,1880.62,8.51,15.2,Rice,Vegetative,Rabi,Canal,Reservoir,8.2,No,68.71,West,Medium,Medium,55.79,Medium
Silt,6.55,58.28,0.42,1.43,25.68,37.67,2306.93,7.67,4.15,Sugarcane,Vegetative,Kharif,Rainfed,Groundwater,5.29,Yes,81.07,South,Low,Low,28.29,Low
Clay,8.07,41.96,1.52,0.18,16.27,55.16,118.87,9.25,7.99,Potato,Flowering,Zaid,Canal,Rainwater,2.56,Yes,100.19,South,Medium,Medium,88.09,Medium
Sandy,6.31,25.67,1.38,1.07,15.41,73.78,1728.91,10.48,2.19,Rice,Harvest,Zaid,Sprinkler,Rainwater,1.96,No,74.08,North,Low,Low,24.72,Low
Clay,5.03,38.62,0.96,2.79,21.03,36.48,1811.41,6.8,14.43,Potato,Vegetative,Zaid,Canal,Rainwater,4.82,Yes,4.56,East,Low,Low,29.96,Low
Silt,5.35,39.0,0.64,2.35,34.5,82.79,1309.6,7.77,8.57,Wheat,Harvest,Kharif,Rainfed,River,6.98,Yes,81.61,North,Low,Low,19.42,Low
Sandy,5.05,11.48,1.16,3.0,37.01,77.23,1320.14,5.42,17.02,Potato,Sowing,Rabi,Rainfed,Rainwater,2.92,Yes,108.2,Central,Medium,Medium,110.0,Medium
Clay,7.2,40.77,0.86,2.08,38.74,47.41,606.45,6.29,19.79,Cotton,Sowing,Zaid,Drip,Rainwater,10.04,Yes,52.93,Central,Low,Low,43.53,Low
Clay,6.56,50.34,0.42,2.8,37.27,79.47,1574.51,7.05,2.5,Rice,Vegetative,Kharif,Drip,River,7.46,No,99.37,East,Medium,Medium,79.23,Medium
Sandy,5.38,60.58,0.42,0.22,15.15,58.42,894.52,9.98,16.66,Wheat,Harvest,Zaid,Drip,Reservoir,8.64,No,2.98,North,Low,Low,22.47,Low
Sandy,6.32,61.68,0.96,3.26,35.67,49.4,1145.23,8.95,0.59,Sugarcane,Vegetative,Kharif,Canal,River,9.44,Yes,23.37,East,Low,Low,34.66,Low
Loamy,5.21,30.47,1.09,1.28,39.1,32.28,619.74,6.75,4.02,Wheat,Vegetative,Rabi,Sprinkler,Reservoir,6.38,Yes,29.0,Central,Low,Low,33.53,Low
Loamy,7.14,16.16,0.8,3.47,25.26,26.99,453.05,4.12,7.77,Maize,Harvest,Kharif,Rainfed,Rainwater,4.44,No,34.95,Central,Low,Low,36.33,Low
Loamy,4.87,9.37,1.49,3.32,23.92,72.81,264.93,7.26,18.82,Maize,Sowing,Kharif,Rainfed,Groundwater,8.05,No,58.27,Central,Medium,Medium,91.4,Medium
Loamy,6.04,14.36,1.39,1.81,22.57,25.51,1394.9,8.13,2.59,Potato,Sowing,Rabi,Canal,River,13.63,Yes,15.31,North,Low,Low,60.0,Low
Sandy,7.85,28.6,1.51,0.21,30.96,61.19,2136.37,8.74,12.25,Potato,Sowing,Kharif,Canal,Reservoir,3.08,Yes,14.11,South,Low,Low,46.99,Low
Clay,6.69,14.6,1.07,2.54,22.17,28.47,997.53,4.26,0.84,Potato,Flowering,Kharif,Canal,Rainwater,1.85,Yes,94.6,Central,Medium,Medium,110.0,Medium
Loamy,5.14,52.81,1.44,2.02,30.68,41.61,1002.26,9.78,7.98,Sugarcane,Sowing,Rabi,Sprinkler,Rainwater,10.34,Yes,84.92,South,Low,Low,60.0,Low
Loamy,6.45,47.3,0.31,0.59,27.98,75.98,432.18,7.64,19.38,Rice,Flowering,Zaid,Sprinkler,Groundwater,9.67,Yes,36.99,East,Low,Low,60.0,Low
Sandy,4.83,17.17,1.33,1.35,32.06,75.64,719.78,7.19,17.09,Sugarcane,Vegetative,Rabi,Drip,Rainwater,3.11,No,89.18,East,High,High,180.0,High
Loamy,7.95,26.18,1.21,2.36,15.06,56.64,1873.37,8.72,13.36,Cotton,Vegetative,Rabi,Rainfed,Rainwater,1.13,Yes,57.52,West,Low,Low,43.28,Low
Sandy,6.28,61.01,0.93,2.41,27.48,51.69,661.04,5.33,17.92,Maize,Flowering,Zaid,Canal,River,4.05,No,12.02,North,Medium,Medium,90.07,Medium
Silt,6.74,27.05,1.58,0.43,19.91,89.3,1519.6,9.96,5.94,Sugarcane,Flowering,Rabi,Rainfed,Groundwater,10.06,Yes,39.55,West,Low,Low,44.68,Low
Loamy,6.1,8.87,1.56,1.29,23.95,25.73,712.9,10.67,15.02,Potato,Flowering,Kharif,Rainfed,River,13.74,No,91.73,West,Medium,Medium,110.0,Medium
Sandy,8.01,22.39,1.06,3.06,30.78,64.96,899.45,10.55,9.22,Wheat,Sowing,Rabi,Rainfed,Reservoir,4.01,No,87.1,North,Medium,Medium,77.86,Medium
Silt,7.97,25.57,1.38,3.49,35.53,77.22,1948.88,9.1,17.24,Rice,Sowing,Kharif,Rainfed,River,14.73,No,100.58,Central,Low,Low,31.91,Low
Sandy,7.03,23.92,1.35,2.41,32.66,79.02,2319.43,5.32,12.42,Potato,Flowering,Zaid,Canal,Rainwater,6.27,No,119.83,North,High,High,119.29,High
Loamy,4.88,28.66,0.32,2.98,41.02,64.54,301.6,7.09,5.75,Rice,Harvest,Zaid,Sprinkler,Groundwater,4.67,No,92.79,West,Low,Low,43.06,Low
Loamy,5.56,20.23,0.7,1.62,15.93,88.63,2153.87,7.75,2.6,Maize,Sowing,Zaid,Rainfed,Rainwater,0.91,No,8.28,North,Low,Low,33.23,Low
Silt,5.85,51.31,0.75,0.5,36.27,85.3,72.82,5.27,14.89,Cotton,Harvest,Rabi,Sprinkler,Rainwater,10.1,Yes,3.02,Central,Medium,Medium,69.32,Medium
Silt,4.97,31.79,1.24,2.6,41.11,69.41,2359.64,6.82,15.69,Cotton,Harvest,Rabi,Canal,Groundwater,8.25,No,4.68,North,Low,Low,15.0,Low
Loamy,5.68,37.57,1.03,1.42,35.89,52.32,479.12,10.99,3.43,Rice,Vegetative,Zaid,Sprinkler,Rainwater,1.25,No,76.95,South,Medium,Medium,110.0,Medium
Sandy,4.92,44.35,0.97,2.33,19.09,90.82,2470.12,10.47,11.54,Potato,Harvest,Kharif,Rainfed,Groundwater,13.49,Yes,87.5,South,Low,Low,15.0,Low
Loamy,5.97,54.33,0.74,1.55,23.86,66.35,712.58,7.22,4.45,Sugarcane,Flowering,Zaid,Drip,Groundwater,9.55,No,53.31,North,Low,Low,39.1,Low
Sandy,5.94,42.73,1.23,1.65,28.35,56.79,1436.76,4.99,11.69,Maize,Vegetative,Zaid,Canal,Reservoir,9.69,No,2.42,East,Medium,Medium,64.81,Medium
Silt,4.97,42.56,0.95,3.24,31.86,30.85,459.57,9.44,7.95,Potato,Vegetative,Rabi,Sprinkler,River,6.97,Yes,19.38,East,Low,Low,53.03,Low
Silt,7.22,61.63,1.2,1.58,18.98,53.68,252.21,6.28,10.48,Cotton,Flowering,Rabi,Rainfed,Reservoir,8.24,No,35.72,West,Medium,Medium,109.63,Medium
Sandy,7.47,37.06,0.68,2.92,15.17,31.76,1468.64,4.2,8.87,Wheat,Flowering,Kharif,Rainfed,Groundwater,11.76,Yes,105.46,North,Low,Low,33.95,Low
Loamy,8.18,63.37,0.82,0.92,36.1,50.66,1044.65,10.34,8.03,Cotton,Harvest,Rabi,Drip,River,13.85,No,14.3,East,Low,Low,22.35,Low
Clay,5.92,63.51,0.97,0.91,34.67,79.74,1486.95,5.96,17.82,Sugarcane,Flowering,Rabi,Drip,River,10.45,No,72.0,North,Medium,Medium,90.21,Medium
Clay,5.47,40.14,1.03,3.15,25.98,37.68,354.28,7.5,6.9,Potato,Harvest,Kharif,Sprinkler,Rainwater,10.6,No,8.57,East,Low,Low,33.12,Low
Sandy,7.24,26.79,0.54,0.34,31.09,91.27,385.72,4.96,15.97,Cotton,Harvest,Kharif,Sprinkler,River,14.36,Yes,66.07,North,Low,Low,40.7,Low
Sandy,7.83,35.28,1.34,2.83,17.38,71.89,1944.1,5.11,11.51,Wheat,Vegetative,Kharif,Sprinkler,Rainwater,2.18,No,80.36,East,Medium,Medium,63.65,Medium
Loamy,7.26,32.49,1.07,1.27,36.1,71.26,649.47,4.87,5.37,Potato,Sowing,Rabi,Sprinkler,Reservoir,8.73,Yes,10.03,West,Low,Low,45.61,Low
Sandy,7.42,38.74,0.52,0.1,31.82,47.85,2189.14,7.88,6.98,Maize,Sowing,Zaid,Drip,Rainwater,0.59,Yes,111.99,Central,Low,Low,39.04,Low
Loamy,5.06,32.59,0.3,0.26,32.74,27.15,1756.66,4.8,19.38,Potato,Harvest,Kharif,Sprinkler,Groundwater,11.22,Yes,27.88,South,Low,Low,20.82,Low
Loamy,5.76,58.02,0.52,0.93,13.9,69.45,1482.28,5.77,12.96,Maize,Vegetative,Kharif,Canal,Reservoir,11.89,No,6.77,West,Medium,Medium,54.16,Medium
Clay,8.09,22.35,0.93,1.8,16.3,69.38,1774.62,4.14,5.46,Potato,Flowering,Zaid,Rainfed,Reservoir,7.11,Yes,56.2,Central,Medium,Medium,51.15,Medium
Sandy,6.32,35.56,0.44,2.71,26.68,77.55,668.4,6.49,13.7,Sugarcane,Harvest,Rabi,Canal,Reservoir,5.96,Yes,111.7,West,Low,Low,38.51,Low
Sandy,5.55,34.63,1.47,2.16,26.22,68.61,847.21,6.28,14.06,Maize,Flowering,Kharif,Drip,Rainwater,6.14,Yes,94.01,North,Low,Low,52.42,Low
Clay,7.29,40.75,0.32,2.03,15.83,63.25,1248.54,8.8,0.74,Maize,Vegetative,Zaid,Sprinkler,River,14.23,Yes,9.85,Central,Low,Low,19.01,Low
Silt,5.66,33.96,1.31,2.72,13.95,73.28,805.73,5.45,15.75,Sugarcane,Harvest,Rabi,Rainfed,Rainwater,10.48,Yes,58.05,South,Low,Low,24.63,Low
Sandy,8.19,52.74,0.88,0.18,38.25,62.11,580.79,5.45,2.37,Sugarcane,Flowering,Zaid,Canal,Reservoir,11.62,No,81.05,South,Medium,Medium,110.0,Medium
Loamy,6.8,56.34,1.17,1.31,22.78,82.75,1226.76,4.25,14.73,Rice,Harvest,Zaid,Rainfed,Reservoir,3.17,Yes,90.37,West,Low,Low,16.98,Low
Sandy,5.92,44.71,0.39,1.43,19.65,89.11,758.68,8.05,12.69,Sugarcane,Flowering,Zaid,Sprinkler,Groundwater,1.08,Yes,2.94,North,Low,Low,31.95,Low
Clay,7.19,47.64,0.75,2.2,17.51,78.92,519.85,10.83,6.05,Potato,Harvest,Rabi,Rainfed,Rainwater,1.52,Yes,22.42,West,Low,Low,24.1,Low
Silt,7.05,23.72,1.37,2.73,15.59,40.13,269.77,4.26,17.24,Cotton,Vegetative,Rabi,Canal,Reservoir,4.97,Yes,112.51,North,High,Medium,110.0,High
Loamy,8.07,46.07,1.11,0.3,21.01,70.56,599.66,9.31,6.5,Wheat,Harvest,Kharif,Rainfed,Rainwater,10.98,No,35.49,North,Low,Low,15.5,Low
Clay,6.37,56.24,1.43,3.4,35.46,56.63,2424.51,9.29,18.3,Sugarcane,Sowing,Rabi,Canal,Rainwater,10.48,No,66.67,South,Low,Low,55.67,Low
Sandy,7.53,36.41,1.53,2.9,39.28,67.89,345.07,10.55,5.97,Cotton,Vegetative,Rabi,Canal,River,10.15,Yes,14.11,East,Low,Low,60.0,Low
Loamy,7.74,9.18,0.92,3.16,13.3,53.1,1974.67,9.61,7.85,Sugarcane,Sowing,Kharif,Rainfed,River,11.86,No,35.3,South,Low,Low,38.7,Low
Silt,7.84,8.22,0.62,0.83,22.84,61.44,1353.88,9.42,6.49,Wheat,Vegetative,Kharif,Sprinkler,Reservoir,12.69,No,16.72,Central,Medium,Medium,81.67,Medium
Silt,7.15,48.83,0.42,2.68,22.9,26.22,1265.81,5.72,19.0,Maize,Harvest,Zaid,Sprinkler,Groundwater,1.18,Yes,74.76,West,Low,Low,19.3,Low
Sandy,8.03,64.72,0.54,3.12,24.69,36.87,959.67,9.8,11.03,Potato,Harvest,Zaid,Canal,Groundwater,6.86,No,54.84,South,Low,Low,25.09,Low
Loamy,7.08,29.34,1.42,3.04,23.67,41.3,2270.09,5.91,18.44,Sugarcane,Sowing,Zaid,Drip,Reservoir,4.92,Yes,112.72,Central,Low,Low,47.08,Low
Sandy,5.53,63.65,1.02,2.54,30.92,78.65,1930.86,5.95,12.94,Rice,Sowing,Rabi,Drip,Rainwater,7.78,No,38.71,West,Low,Low,32.93,Low
Loamy,7.75,64.41,0.51,3.4,35.64,37.46,1142.94,5.62,6.43,Cotton,Vegetative,Rabi,Canal,Rainwater,5.64,Yes,104.91,East,Low,Low,23.44,Low
Loamy,5.67,14.57,0.62,1.94,18.15,81.54,2175.79,7.33,9.55,Potato,Sowing,Rabi,Rainfed,River,9.1,Yes,74.02,North,Low,Low,43.71,Low
Silt,7.85,41.91,0.76,1.17,32.16,46.4,2230.29,5.63,0.7,Maize,Flowering,Zaid,Rainfed,Reservoir,3.7,Yes,1.33,North,Low,Low,32.62,Low
Clay,5.09,50.46,0.36,0.77,39.78,31.02,883.7,8.05,10.94,Maize,Vegetative,Kharif,Drip,Rainwater,9.52,Yes,84.62,North,Medium,Medium,87.23,Medium
Silt,4.94,35.34,1.43,1.65,18.99,82.31,1935.43,9.02,2.51,Cotton,Harvest,Kharif,Drip,River,1.41,Yes,95.47,West,Low,Low,15.0,Low
Clay,4.9,15.92,0.75,2.24,28.3,72.45,261.34,9.41,1.73,Maize,Harvest,Kharif,Canal,Reservoir,10.68,Yes,61.09,Central,Medium,Medium,80.53,Medium
Silt,6.55,29.27,0.76,0.73,30.01,94.95,1623.21,10.07,4.86,Maize,Sowing,Zaid,Rainfed,River,3.75,Yes,68.52,South,Low,Low,34.84,Low
Loamy,5.06,8.02,0.58,2.14,39.31,87.04,142.99,5.86,12.85,Potato,Harvest,Rabi,Canal,Rainwater,4.21,Yes,59.83,South,Medium,Medium,59.49,Medium
Sandy,8.16,11.93,0.64,1.15,40.2,44.97,1806.31,5.25,4.89,Wheat,Harvest,Rabi,Sprinkler,Groundwater,8.91,Yes,113.34,North,Low,Low,26.76,Low
Loamy,7.3,44.53,0.35,0.71,31.22,78.52,180.68,6.86,5.4,Maize,Sowing,Rabi,Sprinkler,Rainwater,1.8,No,107.15,Central,Medium,Medium,85.17,Medium
Loamy,6.19,52.25,0.79,0.41,41.38,49.94,302.47,8.41,4.07,Rice,Vegetative,Kharif,Sprinkler,River,12.73,Yes,55.28,East,Low,Low,60.0,Low
Clay,7.81,9.11,1.11,1.01,32.08,61.97,140.9,4.49,18.21,Potato,Flowering,Zaid,Drip,River,8.79,No,79.61,West,High,High,180.0,High
Loamy,6.65,64.19,0.84,2.59,16.21,77.26,2058.78,5.43,12.85,Potato,Flowering,Zaid,Drip,River,10.29,Yes,106.92,North,Low,Low,29.44,Low
Loamy,5.1,8.62,1.51,0.41,33.06,76.08,384.71,9.32,5.22,Rice,Flowering,Rabi,Rainfed,Rainwater,11.94,No,71.11,East,Medium,Medium,110.0,Medium
Clay,7.58,24.97,1.25,2.64,13.26,69.82,1490.21,8.89,9.39,Cotton,Harvest,Zaid,Rainfed,Groundwater,9.6,No,105.7,East,Low,Low,28.41,Low
Loamy,4.94,31.92,1.38,1.79,23.95,65.96,992.06,9.71,12.52,Wheat,Flowering,Rabi,Drip,Reservoir,8.8,No,25.41,Central,Medium,Medium,64.47,Medium
Sandy,7.24,23.42,0.62,2.32,13.19,42.44,1469.47,6.12,12.16,Potato,Flowering,Zaid,Drip,Groundwater,13.41,Yes,109.45,North,Medium,Medium,88.92,Medium
Sandy,6.99,23.81,1.08,3.18,17.9,45.23,528.49,8.73,16.91,Potato,Harvest,Rabi,Rainfed,Rainwater,7.29,Yes,16.7,East,Low,Low,20.72,Low
Sandy,7.31,46.0,0.65,3.34,40.05,80.33,2025.25,8.39,5.43,Wheat,Vegetative,Kharif,Rainfed,Groundwater,8.01,Yes,85.54,Central,Low,Low,35.28,Low
Loamy,7.16,48.4,1.05,0.24,28.18,32.12,207.06,4.95,1.09,Potato,Sowing,Rabi,Canal,Reservoir,6.5,No,113.27,East,Low,Low,60.0,Low
Loamy,6.45,27.99,0.55,1.1,16.06,44.19,2106.41,9.58,17.9,Maize,Vegetative,Zaid,Rainfed,Groundwater,4.76,Yes,49.65,East,Low,Low,25.67,Low
Silt,6.35,56.72,1.08,3.14,22.19,30.36,1049.31,5.45,16.81,Cotton,Harvest,Rabi,Sprinkler,Groundwater,4.04,No,11.82,West,Low,Low,24.75,Low
Clay,5.7,11.44,0.92,0.78,13.56,55.81,75.43,5.62,13.54,Cotton,Flowering,Kharif,Sprinkler,River,5.56,No,59.95,East,High,Medium,110.0,High
Loamy,7.4,31.34,1.49,0.92,26.5,39.9,575.66,7.78,10.31,Rice,Flowering,Kharif,Sprinkler,Rainwater,5.52,No,94.42,Central,Medium,Medium,110.0,Medium
Loamy,6.67,39.87,1.39,0.22,25.31,31.51,2153.19,6.5,17.03,Maize,Harvest,Kharif,Rainfed,Reservoir,4.29,No,91.51,North,Low,Low,23.41,Low
Silt,7.27,32.55,1.41,2.21,34.64,44.25,1488.05,9.68,15.02,Rice,Harvest,Rabi,Drip,Groundwater,6.37,Yes,47.78,North,Low,Low,28.06,Low
Loamy,7.21,56.97,0.65,0.34,17.81,25.04,312.74,10.63,2.01,Cotton,Flowering,Kharif,Drip,River,2.31,Yes,13.65,Central,Low,Low,35.61,Low
Silt,6.48,17.99,0.48,2.68,18.46,41.72,1661.08,9.64,3.01,Maize,Vegetative,Rabi,Canal,Rainwater,7.59,No,62.42,Central,Medium,Medium,93.93,Medium
Clay,6.02,21.8,0.7,1.21,25.36,75.0,1386.81,10.65,6.6,Sugarcane,Sowing,Rabi,Rainfed,Reservoir,2.16,Yes,37.82,West,Low,Low,60.0,Low
Sandy,5.37,31.2,0.76,2.01,28.2,64.04,2110.28,8.34,14.72,Sugarcane,Harvest,Kharif,Rainfed,River,1.01,Yes,5.33,West,Low,Low,27.45,Low
Clay,7.9,28.4,1.18,0.82,39.94,70.68,977.91,9.93,10.13,Rice,Vegetative,Rabi,Sprinkler,Reservoir,4.48,Yes,87.64,South,Medium,Medium,110.0,Medium
Silt,7.23,29.7,0.94,0.11,25.84,32.96,1233.38,8.72,11.38,Potato,Harvest,Kharif,Canal,Rainwater,15.0,Yes,69.98,South,Low,Low,26.55,Low
Silt,5.98,25.54,0.42,0.84,41.99,91.52,2007.57,4.55,14.85,Sugarcane,Vegetative,Zaid,Rainfed,Reservoir,14.3,No,79.59,West,Medium,Medium,89.24,Medium
Clay,6.56,12.69,1.14,1.27,13.03,85.79,2165.24,9.53,5.34,Rice,Sowing,Zaid,Drip,Groundwater,6.26,Yes,51.34,East,Low,Low,53.78,Low
Sandy,7.16,10.18,1.37,3.41,26.02,92.75,2342.74,10.29,1.59,Wheat,Harvest,Zaid,Drip,River,13.0,Yes,0.48,North,Low,Low,24.99,Low
Loamy,5.3,36.5,0.76,1.78,37.7,38.69,248.63,10.12,2.11,Rice,Harvest,Kharif,Sprinkler,River,10.94,Yes,41.28,North,Low,Low,60.0,Low
Clay,5.14,46.42,0.31,1.86,16.74,73.83,557.68,5.89,1.43,Potato,Sowing,Zaid,Rainfed,Reservoir,7.15,Yes,22.44,North,Low,Low,46.77,Low
Clay,7.92,50.73,1.39,2.21,29.83,52.56,832.28,9.26,8.38,Potato,Vegetative,Zaid,Canal,River,14.9,No,5.21,East,Low,Low,34.48,Low
Clay,7.57,39.42,0.96,1.78,36.99,54.77,18.59,8.14,4.07,Rice,Sowing,Kharif,Rainfed,River,0.86,Yes,48.68,West,Low,Low,60.0,Low
Loamy,4.89,26.37,1.3,0.2,26.65,87.64,629.81,10.37,3.09,Wheat,Sowing,Rabi,Sprinkler,River,7.47,Yes,67.41,Central,Low,Low,52.16,Low
Sandy,7.25,34.62,0.48,2.66,25.44,48.28,978.19,10.32,4.59,Cotton,Vegetative,Rabi,Rainfed,River,6.74,No,5.93,West,Low,Low,58.46,Low
Silt,7.25,52.07,0.88,1.72,18.85,65.13,2129.04,10.46,3.5,Sugarcane,Vegetative,Zaid,Canal,Rainwater,7.01,Yes,94.83,East,Low,Low,18.41,Low
Loamy,7.36,36.54,0.66,0.25,22.88,60.61,1211.03,6.04,13.91,Wheat,Harvest,Kharif,Sprinkler,Groundwater,5.84,No,14.25,Central,Low,Low,15.0,Low
Clay,6.98,57.56,0.79,2.49,19.99,39.97,325.67,10.97,4.54,Sugarcane,Harvest,Rabi,Sprinkler,Groundwater,0.35,Yes,47.2,Central,Low,Low,41.96,Low
Silt,8.17,48.35,0.99,1.11,35.94,72.18,1768.02,7.0,17.53,Maize,Flowering,Zaid,Rainfed,Groundwater,6.9,No,54.21,West,Medium,Medium,52.08,Medium
Silt,6.17,15.12,1.0,1.03,19.58,65.61,1923.35,9.76,19.97,Potato,Harvest,Kharif,Sprinkler,Rainwater,0.55,No,54.18,South,Medium,Medium,45.0,Medium
Sandy,7.52,22.92,1.11,2.91,33.71,83.36,1133.13,9.61,14.1,Sugarcane,Vegetative,Zaid,Canal,Rainwater,7.25,Yes,2.2,North,Medium,Medium,90.42,Medium
Loamy,6.72,26.32,1.0,0.29,21.72,79.22,2490.2,8.7,18.04,Wheat,Harvest,Rabi,Sprinkler,Rainwater,13.94,No,21.92,South,Low,Low,17.84,Low
Silt,8.13,52.54,0.37,0.58,21.99,37.04,295.07,5.76,3.88,Wheat,Flowering,Zaid,Drip,Rainwater,3.39,No,19.08,North,Medium,Medium,106.97,Medium
Clay,6.79,36.52,0.67,2.23,23.84,93.26,172.55,6.04,10.03,Cotton,Sowing,Zaid,Rainfed,Rainwater,14.78,No,104.61,Central,Medium,Medium,72.29,Medium
Loamy,5.4,29.57,1.14,1.99,37.26,54.24,1094.38,6.29,7.62,Maize,Vegetative,Rabi,Rainfed,Groundwater,2.99,Yes,40.79,East,Low,Low,58.71,Low
Loamy,5.81,8.74,1.24,0.13,39.21,48.38,1110.11,6.41,10.34,Potato,Flowering,Kharif,Canal,Reservoir,9.37,Yes,113.75,West,Medium,Medium,110.0,Medium
Clay,5.5,42.2,0.73,1.04,30.06,72.08,1937.56,9.68,3.5,Maize,Flowering,Kharif,Canal,Groundwater,3.33,Yes,48.36,Central,Low,Low,28.3,Low
Loamy,6.45,19.05,0.99,3.22,40.7,94.25,1041.57,8.51,7.61,Potato,Vegetative,Zaid,Rainfed,River,1.19,Yes,59.58,West,Medium,Medium,110.0,Medium
Clay,5.91,39.23,1.1,1.47,38.45,73.33,2241.04,7.87,7.18,Rice,Harvest,Kharif,Sprinkler,River,2.55,No,31.71,East,Low,Low,31.54,Low
Loamy,6.47,51.44,0.58,0.79,20.12,53.22,764.46,4.25,18.83,Rice,Sowing,Rabi,Rainfed,Reservoir,7.96,Yes,87.77,South,Low,Low,60.0,Low
Clay,6.03,22.71,0.69,0.89,13.86,25.15,2047.21,6.28,18.84,Wheat,Flowering,Kharif,Drip,Rainwater,6.3,Yes,75.79,East,Medium,Medium,71.84,Medium
Sandy,8.04,61.8,1.41,0.43,28.1,57.75,1694.42,4.34,17.86,Rice,Sowing,Zaid,Rainfed,Groundwater,4.19,Yes,91.08,North,Low,Low,39.16,Low
Silt,6.12,50.22,0.97,2.35,34.37,33.23,1594.35,5.24,4.95,Cotton,Vegetative,Rabi,Sprinkler,Reservoir,0.48,No,48.6,West,Medium,Medium,52.35,Medium
Sandy,5.66,36.05,0.74,2.46,28.92,64.86,241.64,10.17,14.97,Maize,Flowering,Rabi,Rainfed,River,5.45,Yes,92.64,East,Medium,Medium,110.0,Medium
Silt,6.25,45.84,0.33,0.6,36.03,66.1,1521.31,4.95,5.06,Potato,Vegetative,Zaid,Drip,Reservoir,6.98,No,24.58,North,Medium,Medium,61.18,Medium
Loamy,7.23,21.1,0.43,0.23,17.34,67.61,727.1,9.88,9.98,Sugarcane,Vegetative,Kharif,Drip,Reservoir,2.91,No,80.51,South,Medium,Medium,85.28,Medium
Loamy,5.1,55.59,0.56,1.2,23.52,91.99,1162.0,7.2,14.1,Rice,Vegetative,Kharif,Drip,Groundwater,1.4,Yes,107.36,North,Low,Low,50.48,Low
Sandy,5.36,63.48,0.72,2.0,25.6,56.68,1200.56,10.82,18.51,Wheat,Flowering,Rabi,Sprinkler,Reservoir,6.25,No,99.34,Central,Medium,Medium,63.27,Medium
Sandy,6.61,8.8,1.34,1.02,12.55,77.92,1162.19,4.07,1.31,Wheat,Sowing,Kharif,Canal,Reservoir,4.87,No,55.59,West,Low,Low,50.36,Low
Loamy,5.63,58.07,0.6,0.43,38.1,66.37,2153.94,9.2,14.88,Wheat,Vegetative,Zaid,Sprinkler,Reservoir,5.61,No,110.44,East,Medium,Medium,62.15,Medium
Sandy,6.36,44.29,1.48,2.99,37.45,44.62,419.04,6.06,8.49,Potato,Harvest,Kharif,Drip,Rainwater,1.38,Yes,94.41,Central,Low,Low,51.25,Low
Loamy,7.73,42.78,0.99,1.16,40.32,81.14,1071.25,10.66,15.48,Maize,Flowering,Rabi,Canal,Reservoir,10.0,Yes,4.65,Central,Medium,Medium,79.02,Medium
Clay,7.66,44.78,1.51,1.67,40.24,42.17,2058.05,7.5,18.16,Potato,Vegetative,Zaid,Sprinkler,Rainwater,5.97,Yes,2.76,South,Medium,Medium,85.42,Medium
Sandy,4.99,52.82,0.82,0.41,40.6,44.95,2492.86,10.01,17.64,Potato,Flowering,Zaid,Rainfed,Reservoir,12.65,Yes,70.02,East,Medium,Medium,92.1,Medium
Sandy,8.08,20.82,0.5,2.47,32.04,92.35,1030.07,9.24,3.84,Rice,Vegetative,Zaid,Canal,Groundwater,14.56,No,99.27,South,Medium,Medium,75.56,Medium
Loamy,6.25,59.04,0.35,0.61,24.99,75.96,685.14,4.2,16.85,Sugarcane,Harvest,Kharif,Canal,Reservoir,5.64,No,74.22,East,Low,Low,32.91,Low
Silt,7.45,41.05,1.44,0.87,24.7,66.83,1239.78,4.88,10.28,Rice,Vegetative,Zaid,Canal,Rainwater,10.78,Yes,104.52,Central,Low,Low,32.6,Low
Clay,8.06,23.31,0.61,3.04,42.0,46.38,1498.37,10.33,18.62,Potato,Sowing,Kharif,Drip,Rainwater,9.12,No,69.98,East,Medium,Medium,83.04,Medium
Loamy,5.56,47.97,1.22,1.04,40.12,63.03,1007.25,5.05,15.44,Potato,Sowing,Rabi,Canal,Groundwater,5.07,Yes,86.73,West,Low,Low,50.35,Low
Loamy,7.62,56.85,1.03,3.41,13.39,42.81,256.97,7.27,1.46,Rice,Harvest,Kharif,Canal,River,0.58,Yes,117.76,South,Low,Low,27.68,Low
Loamy,5.91,47.57,0.44,1.26,21.83,92.14,128.46,8.34,16.33,Wheat,Vegetative,Zaid,Sprinkler,Groundwater,13.72,Yes,99.59,Central,Medium,Medium,84.21,Medium
Silt,5.98,43.59,1.33,2.61,32.68,43.34,979.75,9.51,9.93,Maize,Vegetative,Zaid,Drip,Reservoir,0.9,Yes,12.58,South,Low,Low,60.0,Low
Sandy,5.89,17.78,0.58,0.97,35.79,54.34,1850.82,4.94,8.67,Potato,Vegetative,Kharif,Rainfed,Rainwater,12.85,Yes,95.05,West,Medium,Medium,110.0,Medium
Clay,4.9,44.63,1.07,1.59,19.66,70.71,2194.46,8.13,18.12,Wheat,Vegetative,Kharif,Canal,Reservoir,6.28,Yes,109.71,North,Low,Low,20.34,Low
Loamy,6.36,18.41,0.34,0.52,16.03,50.01,1203.74,7.63,14.88,Maize,Sowing,Zaid,Canal,Groundwater,7.06,Yes,94.43,North,Low,Low,28.36,Low
Sandy,5.56,58.12,0.91,2.74,24.48,92.7,208.27,4.53,15.94,Maize,Flowering,Zaid,Sprinkler,River,7.37,Yes,60.78,West,Medium,Medium,105.19,Medium
Sandy,6.81,9.25,1.11,2.14,36.1,89.67,1770.41,7.59,16.88,Cotton,Vegetative,Rabi,Drip,River,5.56,Yes,110.4,South,Medium,Medium,71.65,Medium
Clay,6.32,20.09,0.68,0.43,13.88,25.33,2126.94,8.75,3.38,Potato,Vegetative,Kharif,Drip,Rainwater,0.77,No,40.28,South,Medium,Medium,90.25,Medium
Clay,7.17,13.88,1.17,0.27,34.13,39.54,939.1,10.91,16.31,Maize,Sowing,Zaid,Rainfed,Reservoir,3.77,Yes,104.62,South,Medium,Medium,110.0,Medium
Sandy,7.21,55.24,0.97,1.0,19.63,61.61,1170.76,6.06,6.8,Maize,Harvest,Kharif,Rainfed,Groundwater,7.91,No,8.39,Central,Low,Low,24.48,Low
Clay,7.57,47.53,0.72,0.46,27.55,68.95,2462.7,8.36,11.64,Cotton,Flowering,Zaid,Canal,Groundwater,9.46,No,118.28,Central,Medium,Medium,58.75,Medium
Loamy,7.18,25.88,0.87,2.71,30.5,29.67,1219.06,10.26,4.69,Potato,Flowering,Kharif,Sprinkler,Rainwater,9.15,Yes,102.81,North,Low,Low,51.05,Low
Silt,5.89,26.93,1.39,0.24,12.79,53.06,567.3,7.25,4.04,Cotton,Flowering,Kharif,Sprinkler,River,6.05,Yes,6.44,Central,Low,Low,60.0,Low
Loamy,7.8,53.94,0.65,1.51,30.69,33.43,1163.93,4.13,3.6,Potato,Harvest,Zaid,Sprinkler,Reservoir,12.99,Yes,14.72,South,Low,Low,23.37,Low
Sandy,6.18,10.52,0.73,3.29,17.35,50.87,1017.02,5.65,7.8,Rice,Vegetative,Zaid,Rainfed,Reservoir,0.83,No,85.81,Central,Medium,Medium,98.02,Medium
Sandy,7.95,59.08,1.45,2.72,16.7,68.55,2392.06,8.37,3.52,Potato,Flowering,Rabi,Rainfed,Groundwater,8.29,Yes,117.29,South,Low,Low,33.16,Low
Silt,5.85,61.83,0.54,2.36,24.0,75.44,2140.54,9.09,15.08,Wheat,Sowing,Kharif,Sprinkler,Reservoir,6.82,Yes,17.05,Central,Low,Low,26.25,Low
Loamy,5.87,11.72,1.5,3.34,38.05,41.72,428.24,7.61,15.83,Potato,Harvest,Zaid,Rainfed,Groundwater,13.1,Yes,106.9,East,Medium,Medium,110.0,Medium
Loamy,8.01,20.64,0.64,1.04,25.97,77.67,1427.02,9.99,15.42,Maize,Sowing,Rabi,Canal,Groundwater,14.15,No,95.97,West,Medium,Medium,85.36,Medium
Sandy,8.11,61.11,1.35,2.19,21.63,82.57,1541.91,8.86,18.24,Wheat,Flowering,Kharif,Canal,Reservoir,9.94,Yes,107.7,Central,Low,Low,15.0,Low
Silt,6.06,32.37,0.8,0.87,18.46,80.61,2049.01,4.49,0.55,Maize,Vegetative,Rabi,Sprinkler,Rainwater,3.93,No,110.7,East,Low,Low,27.49,Low
Clay,6.47,44.91,0.66,0.31,39.58,60.18,248.16,6.06,15.71,Cotton,Vegetative,Kharif,Drip,Reservoir,2.71,No,93.95,Central,High,Medium,110.0,High
Silt,4.83,52.51,1.58,0.2,23.77,36.62,691.78,10.99,3.71,Sugarcane,Flowering,Rabi,Rainfed,Reservoir,9.32,No,96.2,West,Low,Low,41.1,Low
Loamy,8.15,62.14,0.57,2.61,25.12,76.72,2471.19,10.28,2.81,Potato,Vegetative,Rabi,Sprinkler,River,14.1,Yes,13.33,West,Low,Low,26.32,Low
Clay,7.88,49.83,1.5,2.76,32.99,34.28,2175.16,9.43,8.19,Cotton,Harvest,Zaid,Rainfed,River,6.42,No,103.95,West,Low,Low,27.46,Low
Sandy,7.79,15.03,1.21,2.26,22.09,33.4,2330.03,4.43,6.94,Rice,Harvest,Zaid,Drip,Groundwater,14.76,No,104.84,South,Low,Low,36.54,Low
Silt,5.59,63.59,1.6,0.28,36.57,62.8,1254.76,7.72,2.32,Cotton,Sowing,Rabi,Sprinkler,Reservoir,12.81,No,119.58,West,Low,Low,38.06,Low
Sandy,7.0,36.86,0.53,1.18,12.74,50.88,1189.89,5.9,7.0,Cotton,Sowing,Zaid,Drip,Reservoir,5.06,Yes,23.38,South,Low,Low,48.16,Low
Silt,8.05,51.04,1.36,2.43,33.41,26.84,1869.01,9.53,6.34,Wheat,Sowing,Zaid,Sprinkler,Groundwater,12.75,Yes,15.62,East,Low,Low,28.16,Low
Sandy,6.61,50.93,0.57,2.29,31.68,67.5,1452.84,4.91,5.01,Sugarcane,Flowering,Rabi,Sprinkler,River,0.43,Yes,97.71,West,Low,Low,41.58,Low
Clay,6.89,15.12,0.97,2.91,18.07,31.49,1170.81,10.5,10.13,Rice,Flowering,Rabi,Canal,Rainwater,13.64,Yes,19.47,East,Medium,Medium,110.0,Medium
Clay,4.98,40.8,1.05,1.68,26.04,58.87,116.96,9.68,2.12,Potato,Vegetative,Zaid,Canal,Reservoir,7.65,No,18.01,East,Medium,Medium,110.0,Medium
Silt,7.83,11.61,0.59,0.54,37.84,44.26,2047.93,4.63,16.98,Sugarcane,Harvest,Zaid,Rainfed,Rainwater,3.96,No,36.21,Central,Medium,Medium,89.01,Medium
Sandy,6.27,54.89,0.8,2.05,39.04,77.06,571.34,4.84,3.27,Maize,Sowing,Kharif,Drip,River,4.25,Yes,72.97,West,Low,Low,60.0,Low
Sandy,5.38,64.25,0.49,1.65,30.0,63.93,867.25,5.43,2.44,Cotton,Sowing,Rabi,Rainfed,River,4.52,No,21.38,Central,Low,Low,35.45,Low
Clay,7.86,51.18,0.84,0.18,32.98,72.18,1793.37,10.23,17.57,Potato,Harvest,Rabi,Canal,Reservoir,2.38,No,2.68,East,Low,Low,19.74,Low
Sandy,7.79,46.35,0.52,1.21,17.06,71.25,1924.47,5.51,4.38,Cotton,Flowering,Rabi,Sprinkler,Groundwater,8.84,Yes,82.08,Central,Low,Low,36.09,Low
Sandy,5.92,12.04,0.56,0.25,15.66,58.01,1190.95,5.81,16.85,Wheat,Vegetative,Zaid,Sprinkler,Rainwater,2.92,No,25.66,Central,Medium,Medium,90.83,Medium
Sandy,5.59,21.72,0.78,0.93,36.55,56.23,1028.28,7.93,3.05,Cotton,Harvest,Rabi,Rainfed,Groundwater,12.88,Yes,83.82,West,Low,Low,35.47,Low
Silt,7.56,40.43,0.42,2.35,12.02,93.71,2029.03,9.51,3.02,Cotton,Flowering,Rabi,Drip,Reservoir,12.6,No,111.72,South,Low,Low,32.24,Low
Loamy,6.16,8.34,1.07,1.46,35.49,85.29,491.3,5.02,4.35,Maize,Harvest,Zaid,Sprinkler,Groundwater,5.81,No,114.75,West,Medium,Medium,91.37,Medium
Sandy,7.88,55.13,1.16,3.12,22.87,47.29,2314.02,9.35,11.17,Wheat,Sowing,Rabi,Sprinkler,River,11.72,Yes,7.11,East,Low,Low,23.81,Low
Clay,7.95,28.51,0.65,1.69,34.43,51.81,469.22,11.0,4.09,Potato,Flowering,Rabi,Rainfed,Rainwater,7.9,Yes,33.74,South,Low,Low,60.0,Low
Loamy,5.35,47.21,0.88,1.55,26.79,58.67,2080.47,7.43,19.55,Sugarcane,Vegetative,Kharif,Canal,River,11.83,No,19.5,Central,Medium,Medium,65.46,Medium
Loamy,5.68,37.45,1.12,0.33,25.16,38.84,1275.9,4.6,8.88,Potato,Harvest,Zaid,Drip,Rainwater,13.66,No,8.11,West,Low,Low,32.54,Low
Clay,5.06,27.68,1.28,2.63,29.51,86.58,609.51,5.18,17.82,Rice,Harvest,Rabi,Sprinkler,Rainwater,10.51,Yes,89.39,North,Low,Low,19.73,Low
Sandy,5.49,8.86,1.55,2.58,15.35,71.04,2119.8,7.17,8.55,Cotton,Harvest,Rabi,Drip,River,11.01,No,24.28,East,Low,Low,19.53,Low
Clay,5.0,9.42,1.08,0.24,12.6,65.95,608.26,10.87,5.81,Maize,Flowering,Kharif,Sprinkler,Reservoir,3.35,Yes,24.8,East,Medium,Medium,109.37,Medium
Silt,5.02,60.03,0.75,2.14,19.38,29.7,2220.35,5.76,19.76,Rice,Vegetative,Kharif,Drip,Groundwater,13.3,No,69.81,North,Medium,Medium,53.77,Medium
Clay,7.61,36.19,1.34,3.12,22.37,65.65,1200.45,10.28,8.26,Wheat,Flowering,Rabi,Rainfed,River,7.82,No,48.1,East,Low,Low,37.25,Low
Loamy,5.61,22.38,1.0,2.66,25.55,41.59,1923.08,9.01,1.21,Sugarcane,Sowing,Rabi,Sprinkler,Groundwater,4.88,Yes,21.76,West,Low,Low,29.23,Low
Loamy,7.62,12.88,1.09,0.17,35.33,87.54,581.31,7.81,4.59,Sugarcane,Harvest,Rabi,Canal,River,2.29,No,20.82,West,Medium,Medium,59.75,Medium
Sandy,7.11,61.49,0.66,1.11,33.48,57.76,2039.36,8.54,7.1,Rice,Harvest,Rabi,Sprinkler,Groundwater,2.19,No,40.98,Central,Low,Low,27.55,Low
Sandy,4.91,62.79,1.37,0.97,15.22,64.73,2447.25,6.35,5.01,Potato,Vegetative,Zaid,Sprinkler,Rainwater,5.03,Yes,76.06,South,Low,Low,19.7,Low
Loamy,7.79,49.43,1.51,0.45,14.89,46.53,1342.43,10.18,9.01,Maize,Vegetative,Kharif,Sprinkler,Rainwater,1.53,No,18.63,West,Low,Low,24.32,Low
Clay,7.16,43.47,0.7,0.37,32.62,60.12,1315.51,5.24,5.82,Wheat,Sowing,Kharif,Drip,River,9.07,No,101.93,West,Low,Low,34.22,Low
Sandy,5.08,51.2,1.19,0.65,15.76,80.39,93.61,11.0,18.02,Cotton,Sowing,Zaid,Sprinkler,Groundwater,5.41,No,6.51,North,Medium,Medium,90.04,Medium
Silt,5.85,11.95,1.49,2.34,34.36,89.02,401.79,6.01,11.45,Rice,Vegetative,Kharif,Sprinkler,Groundwater,8.56,Yes,66.3,North,Medium,Medium,110.0,Medium
Loamy,4.87,14.6,0.93,0.35,22.46,59.34,1554.59,6.52,7.56,Maize,Flowering,Zaid,Drip,Reservoir,12.63,Yes,23.23,West,Medium,Medium,92.61,Medium
Silt,7.53,46.97,0.65,2.34,37.36,82.68,1800.42,8.08,14.27,Rice,Sowing,Rabi,Drip,Reservoir,12.2,No,13.87,Central,Low,Low,25.13,Low
Clay,6.41,16.26,0.52,1.52,41.1,90.03,157.86,9.35,9.31,Potato,Flowering,Rabi,Rainfed,Groundwater,13.24,No,73.54,West,High,Medium,110.0,High
Clay,5.64,8.55,1.56,2.64,38.88,94.29,1269.96,6.95,12.31,Rice,Vegetative,Zaid,Rainfed,Rainwater,12.48,Yes,60.85,East,Medium,Medium,110.0,Medium
Loamy,4.8,48.48,1.06,2.05,37.01,45.81,2064.72,8.65,9.52,Sugarcane,Vegetative,Rabi,Rainfed,Reservoir,1.49,Yes,115.16,North,Low,Low,48.11,Low
Silt,5.47,57.44,0.37,0.67,22.37,48.06,1512.19,5.27,7.32,Potato,Flowering,Zaid,Canal,Rainwater,6.26,No,20.43,North,Low,Low,40.92,Low
Loamy,5.67,26.27,1.36,0.14,26.38,67.59,1299.48,8.43,8.91,Rice,Sowing,Kharif,Canal,Groundwater,4.22,Yes,82.07,South,Low,Low,60.0,Low
Loamy,7.22,59.2,1.36,0.16,16.2,47.2,916.28,5.33,5.09,Potato,Harvest,Kharif,Sprinkler,River,4.1,Yes,10.6,North,Low,Low,39.65,Low
Sandy,7.24,40.05,1.54,1.78,14.76,66.42,2034.35,8.05,3.77,Sugarcane,Harvest,Zaid,Canal,Reservoir,6.23,Yes,62.94,South,Low,Low,19.62,Low
Silt,5.38,35.54,1.15,1.04,26.81,94.86,125.6,9.35,6.09,Rice,Harvest,Kharif,Rainfed,Groundwater,8.77,No,86.58,North,Low,Low,31.95,Low
Loamy,5.7,52.71,0.43,1.83,22.37,88.67,1751.67,10.01,1.56,Wheat,Sowing,Rabi,Canal,Groundwater,9.68,No,85.15,Central,Low,Low,26.77,Low
Silt,6.38,25.32,0.47,0.3,30.15,45.67,1202.24,10.16,12.77,Wheat,Harvest,Kharif,Canal,Reservoir,9.46,No,38.5,West,Low,Low,20.05,Low
Loamy,7.17,37.35,0.67,1.32,24.66,47.17,1549.08,6.56,2.36,Sugarcane,Flowering,Rabi,Drip,Groundwater,3.03,Yes,40.89,East,Low,Low,43.37,Low
Clay,4.91,24.1,1.37,2.5,28.53,35.13,1494.12,6.52,16.67,Rice,Sowing,Rabi,Canal,Reservoir,9.81,Yes,89.24,East,Low,Low,39.45,Low
Sandy,8.04,40.3,1.55,3.38,28.06,41.23,71.32,8.6,5.77,Maize,Vegetative,Zaid,Drip,River,14.36,No,26.98,North,Medium,Medium,81.63,Medium
Silt,8.2,22.94,1.5,0.95,22.4,81.28,2044.34,9.14,3.98,Potato,Vegetative,Zaid,Rainfed,Groundwater,4.1,No,22.39,East,Medium,Medium,69.61,Medium
Clay,8.05,26.51,1.5,0.38,16.65,70.97,1806.23,5.05,7.53,Wheat,Vegetative,Zaid,Canal,River,10.88,Yes,6.28,Central,Low,Low,32.42,Low
Clay,6.13,35.74,0.97,2.41,29.96,88.75,2133.81,10.62,14.43,Cotton,Flowering,Kharif,Canal,Rainwater,7.21,No,39.96,Central,Medium,Medium,72.85,Medium
Sandy,5.74,61.05,1.11,2.44,37.33,37.64,918.67,4.55,6.71,Rice,Vegetative,Rabi,Sprinkler,Groundwater,11.37,Yes,103.79,Central,Low,Low,50.94,Low
Sandy,7.46,64.4,1.03,0.56,21.74,79.98,255.91,6.37,18.33,Rice,Flowering,Rabi,Sprinkler,Reservoir,3.87,No,57.68,East,Medium,Medium,79.89,Medium
Loamy,6.83,38.73,0.91,1.2,37.97,82.98,2076.36,5.63,13.42,Sugarcane,Vegetative,Zaid,Rainfed,Groundwater,6.35,Yes,116.29,North,Medium,Medium,63.52,Medium
Loamy,5.38,13.23,1.36,1.58,41.25,46.8,1782.4,8.89,5.04,Potato,Sowing,Zaid,Canal,River,6.98,No,116.21,West,Medium,Medium,95.15,Medium
Loamy,8.11,20.3,1.46,2.3,13.75,60.35,1152.12,6.51,18.33,Cotton,Sowing,Zaid,Canal,Rainwater,8.23,No,16.81,Central,Medium,Medium,72.88,Medium
Clay,4.94,45.63,0.54,3.45,17.71,68.2,2385.02,9.84,11.96,Sugarcane,Flowering,Zaid,Drip,Rainwater,13.51,Yes,35.82,East,Low,Low,42.54,Low
Silt,7.48,45.83,1.58,3.33,12.37,72.13,2031.04,7.15,15.55,Potato,Sowing,Rabi,Canal,Reservoir,1.32,No,63.57,West,Low,Low,33.19,Low
Silt,6.61,55.4,1.14,3.4,20.52,61.18,1118.93,4.52,15.76,Potato,Sowing,Kharif,Rainfed,River,9.61,Yes,80.04,South,Low,Low,28.76,Low
Clay,7.33,12.25,1.07,3.31,15.15,27.66,275.66,9.44,19.41,Maize,Flowering,Rabi,Drip,Reservoir,2.9,Yes,27.29,East,High,Medium,110.0,High
Silt,5.69,8.76,0.82,0.89,21.72,43.42,2278.41,10.89,0.85,Cotton,Vegetative,Kharif,Rainfed,Rainwater,9.9,No,97.45,North,Medium,Medium,86.96,Medium
Sandy,7.88,53.24,1.38,1.33,16.8,38.24,1999.05,5.55,19.31,Maize,Flowering,Kharif,Drip,River,0.45,Yes,3.03,Central,Low,Low,34.83,Low
Sandy,5.9,9.55,0.8,3.31,40.17,83.34,630.06,5.7,13.6,Cotton,Harvest,Zaid,Sprinkler,Rainwater,5.68,Yes,38.27,East,Medium,Medium,69.12,Medium
Loamy,6.31,63.36,1.45,2.92,13.94,57.96,2159.69,9.51,4.31,Maize,Flowering,Zaid,Sprinkler,Reservoir,3.14,No,100.48,East,Low,Low,24.79,Low
Silt,5.15,49.41,1.5,1.94,38.48,63.77,866.15,10.73,12.52,Potato,Sowing,Zaid,Sprinkler,Groundwater,8.82,No,86.8,South,Low,Low,41.28,Low
Silt,7.88,61.72,0.99,2.76,26.04,80.2,728.16,8.69,15.38,Sugarcane,Vegetative,Kharif,Rainfed,Rainwater,6.54,Yes,87.71,West,Low,Low,32.99,Low
Clay,7.05,36.58,0.74,0.63,17.32,85.41,1061.72,5.84,14.61,Maize,Sowing,Zaid,Sprinkler,Reservoir,8.25,No,117.35,Central,Low,Low,38.72,Low
Silt,6.69,50.7,0.66,2.5,17.05,26.04,677.81,7.6,6.99,Cotton,Sowing,Kharif,Canal,River,10.67,No,13.73,Central,Low,Low,25.62,Low
Loamy,6.61,8.2,0.48,2.79,28.89,58.18,2303.42,10.38,3.46,Sugarcane,Flowering,Zaid,Canal,River,14.21,Yes,85.35,North,Medium,Medium,97.77,Medium
Sandy,6.77,64.59,1.52,1.65,40.89,81.7,223.56,8.91,19.32,Maize,Sowing,Zaid,Sprinkler,Groundwater,4.55,Yes,99.93,Central,Medium,Medium,58.38,Medium
Sandy,7.21,36.12,0.97,1.51,41.49,26.84,966.23,5.88,4.6,Wheat,Vegetative,Rabi,Rainfed,Rainwater,6.25,No,22.21,Central,Medium,Medium,77.59,Medium
Sandy,6.78,33.31,0.9,0.33,28.04,83.21,5.18,10.33,9.05,Cotton,Flowering,Zaid,Sprinkler,Groundwater,2.75,Yes,83.53,West,Medium,Medium,110.0,Medium
Silt,7.58,24.87,1.31,2.81,35.65,82.0,351.9,8.23,17.82,Maize,Vegetative,Rabi,Canal,Reservoir,9.64,No,66.01,Central,High,High,180.0,High
Clay,7.38,54.31,0.75,0.37,14.13,26.35,1875.14,10.78,10.02,Rice,Harvest,Zaid,Canal,River,12.48,Yes,113.07,Central,Low,Low,22.78,Low
Sandy,6.65,13.72,0.48,3.28,18.51,51.2,1528.39,5.69,4.22,Maize,Flowering,Rabi,Sprinkler,Rainwater,12.18,No,43.84,South,Medium,Medium,66.65,Medium
Loamy,7.07,26.65,0.59,0.39,18.27,28.62,1553.08,6.74,11.34,Cotton,Flowering,Zaid,Rainfed,Groundwater,7.05,Yes,71.97,East,Low,Low,36.35,Low
Sandy,6.92,23.07,0.75,3.08,34.0,45.98,1682.83,5.49,15.78,Potato,Sowing,Kharif,Rainfed,Groundwater,6.44,No,11.86,West,Medium,Medium,84.78,Medium
Clay,7.99,13.24,1.39,3.15,41.66,41.68,1831.54,6.06,1.15,Cotton,Vegetative,Rabi,Canal,Groundwater,6.3,Yes,91.93,South,Medium,Medium,78.64,Medium
Sandy,6.63,61.45,1.58,2.65,28.91,89.11,1715.04,9.24,19.32,Rice,Harvest,Rabi,Drip,Reservoir,7.3,No,45.63,West,Low,Low,15.73,Low
Clay,8.03,24.89,0.41,2.53,15.77,37.13,1204.65,5.26,8.46,Rice,Vegetative,Zaid,Rainfed,Groundwater,13.05,No,33.57,South,Medium,Medium,96.32,Medium
Silt,5.38,50.0,1.51,3.12,33.71,94.79,476.88,10.22,7.41,Potato,Harvest,Kharif,Rainfed,Reservoir,12.49,No,59.34,South,Low,Low,31.86,Low
Clay,5.45,58.77,0.81,3.39,30.83,82.31,239.21,6.2,11.97,Maize,Sowing,Zaid,Sprinkler,River,10.57,No,29.45,North,Medium,Medium,97.29,Medium
Clay,5.3,63.58,0.89,1.16,41.12,74.43,2075.71,7.93,14.38,Potato,Harvest,Kharif,Drip,Reservoir,1.33,No,108.77,Central,Low,Low,15.0,Low
Loamy,6.84,10.62,0.57,3.2,20.82,75.12,487.97,5.56,10.6,Maize,Vegetative,Zaid,Drip,Rainwater,3.21,No,116.28,West,Medium,Medium,100.83,Medium
Loamy,6.17,47.65,0.55,0.35,24.55,53.41,408.12,10.03,8.63,Sugarcane,Harvest,Rabi,Rainfed,River,0.75,Yes,16.45,South,Low,Low,40.77,Low
Silt,7.89,29.02,0.77,1.64,20.21,39.69,1162.76,10.73,16.58,Sugarcane,Harvest,Kharif,Canal,Rainwater,8.41,No,26.79,North,Low,Low,30.0,Low
Loamy,7.89,26.61,0.86,2.73,28.5,37.0,587.09,9.9,2.43,Wheat,Harvest,Zaid,Sprinkler,River,7.01,Yes,90.6,Central,Low,Low,38.32,Low
Silt,6.15,52.38,0.34,1.52,14.85,72.87,714.17,8.64,6.03,Cotton,Sowing,Rabi,Drip,River,7.21,No,61.13,North,Low,Low,43.06,Low
Clay,5.16,60.57,1.0,1.15,38.72,52.15,124.37,8.85,2.4,Sugarcane,Flowering,Zaid,Drip,Rainwater,7.86,Yes,110.62,South,Medium,Medium,110.0,Medium
Sandy,4.86,47.44,0.91,2.13,21.83,41.45,884.08,5.77,19.41,Maize,Vegetative,Rabi,Rainfed,River,5.26,Yes,65.64,Central,Low,Low,26.58,Low
Sandy,5.71,14.26,1.52,2.13,21.68,65.76,510.19,4.76,9.9,Potato,Flowering,Kharif,Canal,Reservoir,11.77,Yes,70.06,West,Medium,Medium,110.0,Medium
Clay,7.37,34.9,1.25,2.25,26.7,81.64,3.88,6.71,5.84,Rice,Harvest,Rabi,Rainfed,River,9.33,No,108.41,North,Low,Low,22.38,Low
Loamy,7.53,28.74,0.95,3.49,12.77,39.3,1191.04,6.45,2.1,Potato,Flowering,Rabi,Drip,Reservoir,6.34,Yes,76.29,South,Low,Low,52.5,Low
Loamy,5.91,64.65,0.76,1.85,14.38,80.92,1085.32,5.59,13.99,Sugarcane,Harvest,Rabi,Sprinkler,River,9.37,No,70.93,South,Low,Low,23.16,Low
Loamy,7.85,17.15,1.44,0.82,29.12,77.03,288.59,6.33,1.33,Wheat,Harvest,Rabi,Rainfed,River,11.11,Yes,86.07,South,Medium,Medium,71.87,Medium
Sandy,8.14,53.56,0.91,3.16,17.46,61.52,2096.68,7.55,9.7,Maize,Vegetative,Rabi,Canal,Groundwater,7.02,Yes,72.66,Central,Low,Low,22.99,Low
Silt,5.27,61.26,1.25,1.75,29.48,29.01,2092.3,8.93,5.36,Rice,Vegetative,Zaid,Rainfed,River,0.92,No,38.92,Central,Low,Low,39.81,Low
Silt,8.02,63.2,0.5,1.66,32.5,60.88,1328.87,4.17,1.92,Sugarcane,Vegetative,Rabi,Rainfed,Groundwater,11.55,No,22.48,South,Medium,Medium,69.8,Medium
Sandy,6.49,38.12,1.34,1.57,17.75,30.11,2239.72,4.4,13.51,Wheat,Sowing,Kharif,Rainfed,Rainwater,14.63,Yes,90.3,Central,Low,Low,31.61,Low
Silt,6.81,29.4,1.02,2.38,38.31,36.29,1488.15,7.2,10.52,Cotton,Flowering,Kharif,Sprinkler,Reservoir,3.67,No,19.12,South,Medium,Medium,110.0,Medium
Clay,5.83,47.38,1.39,2.9,13.28,32.1,2265.86,5.75,0.57,Wheat,Sowing,Kharif,Drip,River,8.82,Yes,53.47,Central,Low,Low,24.95,Low
Silt,7.42,48.34,1.15,2.18,12.74,50.38,44.14,8.17,3.77,Cotton,Vegetative,Zaid,Canal,River,4.98,No,71.7,East,Medium,Medium,110.0,Medium
Clay,7.11,29.1,1.04,1.45,32.92,57.28,2160.29,7.2,8.35,Cotton,Flowering,Kharif,Sprinkler,Rainwater,5.86,Yes,45.6,West,Low,Low,57.12,Low
Clay,7.74,59.54,1.3,3.41,30.96,46.72,2163.3,9.04,19.45,Potato,Flowering,Zaid,Sprinkler,Rainwater,10.61,Yes,114.76,East,Medium,Medium,70.05,Medium
Silt,5.25,56.84,0.46,2.09,30.41,77.58,1673.25,10.84,12.45,Maize,Flowering,Zaid,Sprinkler,River,1.83,Yes,76.92,South,Medium,Medium,50.19,Medium
Silt,7.39,61.97,1.18,0.87,19.96,55.59,1528.8,8.68,2.59,Cotton,Sowing,Rabi,Canal,Reservoir,4.9,Yes,90.99,South,Low,Low,16.17,Low
Sandy,6.53,62.59,0.85,2.78,41.03,33.69,973.52,6.69,13.1,Wheat,Harvest,Kharif,Drip,River,7.83,No,37.53,West,Low,Low,15.0,Low
Clay,7.01,23.24,0.54,1.78,37.45,35.2,504.66,10.22,5.36,Wheat,Harvest,Rabi,Canal,Reservoir,7.45,No,95.21,North,Medium,Medium,49.19,Medium
Sandy,6.14,10.44,1.18,2.58,12.43,38.32,1959.67,7.82,14.89,Rice,Vegetative,Kharif,Drip,Rainwater,12.85,Yes,14.69,Central,Medium,Medium,109.92,Medium
Silt,7.46,35.29,0.67,1.51,18.04,69.38,1801.03,4.65,16.34,Maize,Flowering,Kharif,Drip,River,9.12,No,18.33,East,Medium,Medium,47.74,Medium
Sandy,6.3,42.87,0.86,1.83,12.07,39.65,899.2,4.87,4.6,Potato,Sowing,Rabi,Drip,Reservoir,5.38,Yes,37.28,North,Low,Low,40.79,Low
Clay,5.18,29.18,0.37,1.27,35.16,87.03,2433.06,9.32,13.9,Cotton,Harvest,Rabi,Drip,River,6.03,Yes,2.78,South,Low,Low,24.93,Low
Loamy,8.12,57.81,1.08,2.77,40.18,46.58,2233.51,4.03,16.96,Maize,Harvest,Rabi,Sprinkler,Groundwater,9.3,No,111.27,Central,Low,Low,15.0,Low
Loamy,7.76,54.83,1.45,0.11,28.97,45.14,983.22,8.34,18.69,Cotton,Sowing,Zaid,Sprinkler,Reservoir,5.58,No,24.4,South,Low,Low,60.0,Low
Loamy,6.22,59.12,1.3,2.53,19.2,50.67,1111.32,8.84,8.98,Wheat,Vegetative,Rabi,Sprinkler,Reservoir,4.16,No,94.91,North,Low,Low,26.16,Low
Clay,5.86,36.89,1.0,1.27,13.04,43.23,1843.23,7.16,14.13,Sugarcane,Sowing,Zaid,Drip,River,2.61,No,95.86,North,Low,Low,28.42,Low
Clay,7.76,24.64,1.01,3.07,22.25,33.56,1683.45,7.26,12.32,Cotton,Flowering,Zaid,Canal,Groundwater,14.01,No,107.16,South,Medium,Medium,81.45,Medium
Loamy,6.44,40.71,0.92,1.32,35.31,93.48,1509.61,6.98,8.41,Wheat,Vegetative,Zaid,Sprinkler,Groundwater,3.7,Yes,7.74,South,Low,Low,28.72,Low
Clay,5.45,10.47,1.47,3.43,35.11,78.71,460.7,5.67,15.4,Rice,Sowing,Rabi,Rainfed,Rainwater,3.82,No,72.2,Central,Medium,Medium,110.0,Medium
Clay,7.06,41.52,0.4,0.22,34.0,44.22,2378.03,6.14,6.56,Potato,Flowering,Kharif,Sprinkler,River,8.58,No,29.05,West,Medium,Medium,96.17,Medium
Sandy,7.73,17.98,0.98,0.52,21.45,70.51,31.71,8.57,2.06,Cotton,Flowering,Kharif,Drip,River,7.67,Yes,87.19,East,Medium,Medium,110.0,Medium
Silt,7.29,60.53,0.41,1.02,25.03,83.57,1861.17,10.0,2.3,Sugarcane,Sowing,Zaid,Rainfed,Reservoir,7.14,No,111.3,South,Low,Low,22.35,Low
Clay,5.15,44.5,1.56,3.48,13.33,59.75,1627.95,6.67,4.18,Sugarcane,Harvest,Zaid,Canal,River,3.31,Yes,2.47,West,Low,Low,16.21,Low
Clay,7.83,33.6,0.66,3.35,39.8,65.69,286.11,9.8,14.75,Potato,Vegetative,Zaid,Rainfed,Rainwater,6.04,Yes,72.03,West,Medium,Medium,110.0,Medium
Clay,5.3,26.79,1.56,0.91,20.79,77.93,338.14,8.19,2.89,Wheat,Flowering,Kharif,Drip,Rainwater,8.16,No,27.68,North,Low,Low,59.05,Low
Silt,5.09,37.45,0.91,2.43,36.3,26.29,1727.13,4.61,15.6,Rice,Flowering,Rabi,Sprinkler,Rainwater,6.76,No,85.66,Central,Medium,Medium,110.0,Medium
Clay,7.63,48.22,1.44,0.71,25.86,28.27,743.39,6.88,14.49,Maize,Harvest,Rabi,Rainfed,Rainwater,1.73,Yes,81.82,South,Low,Low,27.42,Low
Sandy,8.0,16.0,0.84,1.15,13.89,31.15,1609.75,5.75,5.71,Rice,Sowing,Zaid,Drip,Groundwater,8.05,Yes,63.98,West,Low,Low,46.23,Low
Silt,7.72,46.04,1.31,3.49,31.7,47.19,1184.59,10.89,17.36,Wheat,Vegetative,Zaid,Rainfed,River,8.72,No,39.69,South,Medium,Medium,86.28,Medium
Silt,7.31,15.25,1.12,2.5,38.94,76.51,2292.28,6.46,18.63,Maize,Flowering,Rabi,Rainfed,River,14.07,No,12.87,Central,High,High,148.95,High
Loamy,5.27,37.38,1.32,2.63,32.74,29.7,2389.53,4.88,13.5,Cotton,Vegetative,Zaid,Sprinkler,Rainwater,7.41,No,81.14,West,Medium,Medium,93.46,Medium
Sandy,7.83,8.95,1.31,1.03,25.12,58.91,1913.04,9.53,6.53,Sugarcane,Flowering,Kharif,Drip,Rainwater,8.45,No,10.24,South,Medium,Medium,110.0,Medium
Sandy,7.9,16.5,0.58,0.99,21.61,72.9,677.5,8.78,6.98,Rice,Flowering,Zaid,Sprinkler,Reservoir,10.58,Yes,36.19,East,Medium,Medium,110.0,Medium
Clay,5.8,29.25,1.37,3.37,22.55,34.3,112.97,4.73,19.41,Cotton,Harvest,Kharif,Sprinkler,Groundwater,8.99,No,55.96,Central,Medium,Medium,74.06,Medium
Loamy,5.18,12.15,1.55,2.69,41.31,62.72,2054.16,5.71,13.91,Potato,Harvest,Kharif,Sprinkler,River,9.54,No,76.06,Central,Medium,Medium,64.05,Medium
Silt,6.08,51.34,0.47,3.11,39.26,59.41,2491.38,5.91,4.8,Wheat,Harvest,Zaid,Canal,Groundwater,5.99,Yes,36.64,North,Low,Low,15.0,Low
Silt,8.15,53.75,0.42,0.46,34.37,68.77,517.69,6.69,2.84,Cotton,Harvest,Rabi,Sprinkler,Groundwater,5.31,Yes,71.33,South,Low,Low,34.44,Low
Clay,7.8,53.36,0.88,0.38,34.75,53.73,531.56,6.22,2.55,Sugarcane,Harvest,Kharif,Drip,Rainwater,13.18,No,75.24,North,Low,Low,37.22,Low
Silt,6.18,10.88,0.87,2.17,15.03,86.37,2451.79,4.72,9.73,Maize,Flowering,Zaid,Sprinkler,Rainwater,14.48,Yes,60.36,Central,Medium,Medium,79.34,Medium
Loamy,6.83,22.12,1.29,1.17,31.6,47.58,1625.16,9.09,7.66,Rice,Flowering,Kharif,Drip,Groundwater,1.94,Yes,73.66,East,Medium,Medium,98.89,Medium
Silt,7.21,37.38,0.98,2.64,33.14,63.68,390.98,6.8,18.55,Sugarcane,Flowering,Zaid,Sprinkler,River,6.44,Yes,74.75,West,Medium,Medium,110.0,Medium
Sandy,7.54,53.43,0.7,1.27,12.15,68.97,2373.76,5.46,11.57,Rice,Harvest,Kharif,Canal,Groundwater,11.48,No,41.89,East,Low,Low,18.21,Low
Loamy,6.34,26.53,1.41,0.9,30.33,38.08,865.66,8.77,19.39,Potato,Vegetative,Zaid,Canal,Rainwater,7.18,Yes,92.34,Central,Medium,Medium,84.92,Medium
Sandy,7.12,57.28,0.75,0.34,13.86,94.75,95.0,5.98,12.21,Rice,Harvest,Rabi,Sprinkler,Reservoir,3.95,No,0.24,East,Medium,Medium,72.86,Medium
Sandy,5.66,16.7,1.34,1.88,33.23,27.93,901.07,7.59,11.34,Potato,Vegetative,Zaid,Canal,River,7.56,Yes,19.12,South,Medium,Medium,106.76,Medium
Loamy,5.0,10.72,1.57,1.4,14.44,94.48,1921.0,7.61,0.74,Cotton,Sowing,Zaid,Sprinkler,River,5.52,Yes,27.42,South,Low,Low,26.08,Low
Silt,6.94,20.63,1.36,1.0,32.86,32.05,2212.11,6.6,16.3,Sugarcane,Harvest,Zaid,Canal,Groundwater,14.18,Yes,109.17,South,Medium,Medium,71.74,Medium
Silt,5.54,16.04,1.44,0.32,39.94,35.98,127.17,6.18,3.99,Maize,Vegetative,Rabi,Drip,Rainwater,6.27,Yes,18.82,East,High,Medium,110.0,High
Silt,7.2,40.23,0.8,1.04,33.62,79.12,671.22,8.67,1.16,Wheat,Sowing,Rabi,Rainfed,Rainwater,13.06,Yes,113.26,North,Low,Low,41.99,Low
Loamy,7.26,13.66,1.26,1.01,34.65,91.96,536.18,8.25,8.19,Cotton,Harvest,Zaid,Canal,Rainwater,14.1,Yes,67.35,East,Low,Low,33.14,Low
Sandy,5.64,38.48,0.68,2.32,41.13,65.01,1316.46,7.79,3.55,Maize,Sowing,Rabi,Canal,Rainwater,11.56,No,8.8,West,Low,Low,42.79,Low
Clay,6.98,33.81,0.84,2.79,35.2,46.47,1061.49,6.76,19.67,Wheat,Vegetative,Kharif,Sprinkler,Rainwater,3.38,No,13.79,West,Medium,Medium,78.85,Medium
Clay,4.93,45.1,1.38,3.11,31.68,60.07,1389.11,9.04,8.05,Sugarcane,Harvest,Zaid,Canal,River,12.53,No,103.02,South,Low,Low,23.21,Low
Silt,4.88,29.3,0.47,3.47,23.07,65.63,2333.78,7.83,3.16,Maize,Harvest,Rabi,Rainfed,River,12.07,No,115.04,West,Low,Low,19.54,Low
Clay,6.54,18.56,0.7,1.67,25.86,33.55,371.8,7.11,1.64,Rice,Flowering,Zaid,Drip,Rainwater,5.23,No,47.6,Central,Medium,Medium,110.0,Medium
Clay,6.78,11.72,0.52,2.31,41.51,27.1,1006.64,6.63,10.01,Cotton,Harvest,Kharif,Drip,Groundwater,11.66,No,112.26,West,Medium,Medium,83.38,Medium
Clay,6.17,35.48,1.59,1.79,30.31,93.39,1840.26,8.33,6.9,Potato,Sowing,Rabi,Rainfed,Reservoir,9.78,No,26.66,East,Low,Low,41.52,Low
Silt,6.7,42.76,0.93,1.91,36.82,36.16,9.25,10.56,17.73,Potato,Harvest,Rabi,Canal,Reservoir,6.1,No,54.42,Central,Medium,Medium,62.71,Medium
Sandy,7.67,61.84,0.67,0.91,14.76,57.01,1698.35,8.77,18.06,Maize,Flowering,Kharif,Sprinkler,River,6.18,Yes,96.84,Central,Low,Low,26.5,Low
Silt,6.08,34.99,0.75,2.42,40.76,84.24,104.39,5.58,13.58,Potato,Vegetative,Kharif,Rainfed,Reservoir,3.65,Yes,63.94,West,Medium,Medium,85.37,Medium
Loamy,5.23,28.46,1.59,2.45,12.66,37.63,1290.39,4.48,19.72,Rice,Flowering,Kharif,Rainfed,Rainwater,2.57,No,112.23,South,Medium,Medium,110.0,Medium
Clay,5.52,51.42,0.41,3.03,34.23,33.73,961.49,8.59,9.52,Sugarcane,Harvest,Kharif,Rainfed,Rainwater,7.48,Yes,78.0,East,Low,Low,35.2,Low
Loamy,6.2,13.52,0.74,0.73,23.61,68.87,88.63,6.57,4.23,Maize,Vegetative,Rabi,Rainfed,Reservoir,13.26,Yes,93.21,East,Medium,Medium,110.0,Medium
Clay,7.24,63.82,0.48,1.48,27.74,42.24,745.24,10.75,6.47,Maize,Harvest,Zaid,Drip,Groundwater,9.39,No,111.28,West,Low,Low,20.69,Low
Sandy,7.53,52.9,0.53,2.41,24.66,75.0,2401.92,5.86,16.34,Maize,Flowering,Kharif,Drip,Reservoir,4.84,Yes,91.19,East,Low,Low,19.31,Low
Sandy,6.23,64.8,1.46,2.92,13.18,34.64,1915.56,9.69,6.25,Cotton,Vegetative,Rabi,Canal,Reservoir,0.4,No,71.11,West,Low,Low,16.35,Low
Loamy,6.54,14.86,1.16,1.22,39.97,49.95,703.05,8.22,9.94,Sugarcane,Vegetative,Zaid,Canal,Reservoir,5.45,No,98.18,North,Medium,Medium,110.0,Medium
Loamy,7.49,23.69,1.41,2.55,39.1,26.39,1956.16,7.46,17.68,Potato,Harvest,Zaid,Drip,Rainwater,6.36,No,78.0,South,Medium,Medium,58.48,Medium
Silt,5.64,21.23,0.99,2.54,20.64,66.38,415.01,7.53,2.13,Rice,Sowing,Zaid,Canal,Rainwater,6.87,No,36.91,North,Low,Low,41.02,Low
Loamy,7.49,41.91,1.1,3.27,34.47,87.19,900.75,8.43,17.15,Sugarcane,Flowering,Rabi,Canal,Reservoir,0.73,No,14.43,South,Medium,Medium,81.08,Medium
Loamy,5.28,61.06,0.39,3.13,41.9,79.12,2051.54,7.83,16.2,Potato,Sowing,Kharif,Sprinkler,Rainwater,10.48,No,36.45,North,Low,Low,34.57,Low
Sandy,4.93,60.71,0.47,1.54,23.15,29.32,82.25,7.05,19.63,Maize,Harvest,Kharif,Drip,Rainwater,0.98,No,52.33,South,Medium,Medium,45.0,Medium
Loamy,6.44,48.35,1.56,0.89,13.32,40.57,153.65,10.01,15.84,Rice,Flowering,Kharif,Canal,Groundwater,0.66,No,28.61,North,Medium,Medium,110.0,Medium
Silt,4.88,20.38,1.05,3.4,38.57,72.89,1632.48,8.53,14.79,Potato,Harvest,Rabi,Drip,Reservoir,10.66,Yes,6.63,East,Medium,Medium,52.89,Medium
Clay,6.8,60.47,1.17,0.85,37.19,33.52,2293.37,8.95,3.81,Rice,Vegetative,Rabi,Sprinkler,Rainwater,7.79,No,50.77,Central,Medium,Medium,58.85,Medium
Loamy,7.74,60.48,0.75,1.97,30.02,30.8,2351.41,10.04,4.05,Rice,Harvest,Rabi,Canal,Rainwater,13.61,Yes,109.08,North,Low,Low,15.0,Low
Silt,5.44,28.35,0.52,0.99,19.7,78.86,2252.63,9.1,3.63,Sugarcane,Vegetative,Rabi,Sprinkler,River,1.14,No,38.32,South,Low,Low,49.55,Low
Loamy,7.02,47.06,0.76,3.32,27.23,70.23,1759.56,10.77,0.65,Cotton,Flowering,Rabi,Rainfed,Groundwater,10.75,Yes,49.83,Central,Low,Low,29.7,Low
Silt,6.76,31.16,1.0,3.32,21.46,81.79,1883.88,8.89,11.37,Wheat,Harvest,Rabi,Drip,River,6.61,No,40.13,South,Low,Low,15.0,Low
Loamy,5.79,49.74,0.34,0.24,25.73,80.82,1312.83,6.33,18.7,Maize,Vegetative,Zaid,Canal,Groundwater,7.82,Yes,109.16,Central,Low,Low,40.57,Low
Sandy,5.62,36.76,0.36,3.46,28.09,55.91,1006.73,5.86,10.77,Cotton,Vegetative,Rabi,Rainfed,River,3.07,No,15.57,East,Medium,Medium,110.0,Medium
Loamy,6.96,62.86,1.21,0.35,24.73,74.58,1186.43,9.63,15.69,Potato,Vegetative,Zaid,Rainfed,Groundwater,9.49,Yes,109.11,East,Low,Low,38.49,Low
Loamy,7.85,30.29,1.47,0.85,27.15,43.63,1537.9,9.95,16.7,Maize,Harvest,Kharif,Rainfed,Reservoir,7.15,No,31.78,North,Low,Low,27.78,Low
Sandy,7.03,36.07,1.39,0.97,14.91,30.3,1774.9,5.17,1.03,Maize,Sowing,Kharif,Rainfed,Rainwater,4.67,Yes,72.22,East,Low,Low,30.21,Low
Sandy,6.36,57.77,0.57,0.54,38.81,53.47,423.84,7.25,5.89,Wheat,Harvest,Zaid,Rainfed,Groundwater,13.32,No,16.42,West,Low,Low,21.52,Low
Sandy,8.09,44.24,0.56,2.44,21.16,25.6,1847.48,6.43,6.29,Rice,Vegetative,Kharif,Canal,River,2.91,No,87.02,North,Low,Low,47.37,Low
Sandy,4.83,34.17,1.21,3.08,29.21,60.29,186.32,8.37,17.42,Rice,Vegetative,Zaid,Canal,Groundwater,4.58,No,27.62,East,Medium,Medium,110.0,Medium
Sandy,4.99,52.24,0.91,1.15,21.74,37.56,2368.6,5.21,17.59,Sugarcane,Sowing,Zaid,Rainfed,Rainwater,9.42,No,27.54,Central,Low,Low,35.91,Low
Silt,6.84,40.02,0.76,3.03,26.37,65.09,1910.84,7.32,7.34,Sugarcane,Harvest,Rabi,Sprinkler,Groundwater,10.43,No,60.56,Central,Low,Low,30.2,Low
Silt,7.95,50.69,1.47,2.06,27.81,47.72,1871.45,10.7,10.87,Wheat,Flowering,Kharif,Canal,Rainwater,4.42,Yes,33.65,Central,Low,Low,23.13,Low
Silt,6.29,60.47,1.07,0.48,17.8,78.3,91.38,6.99,16.08,Maize,Flowering,Kharif,Drip,Groundwater,9.57,Yes,57.04,Central,Medium,Medium,75.24,Medium
Clay,6.16,53.23,0.35,2.43,28.32,52.75,1782.04,5.28,1.35,Sugarcane,Sowing,Zaid,Canal,Reservoir,9.58,Yes,94.3,West,Low,Low,25.84,Low
Loamy,7.48,44.26,1.19,2.98,14.45,81.59,1087.48,10.08,3.17,Rice,Vegetative,Kharif,Rainfed,Reservoir,9.2,Yes,100.26,East,Low,Low,34.95,Low
Loamy,7.34,8.4,0.92,0.36,37.4,36.69,2155.46,8.29,18.59,Cotton,Flowering,Zaid,Rainfed,Groundwater,1.77,Yes,22.65,South,Medium,Medium,81.59,Medium
Loamy,6.78,30.25,1.37,3.15,19.73,45.25,1032.26,10.81,2.02,Sugarcane,Sowing,Zaid,Rainfed,Groundwater,7.48,No,114.06,West,Low,Low,34.54,Low
Clay,4.91,60.01,1.02,3.04,35.33,37.81,2142.45,9.23,13.65,Cotton,Sowing,Rabi,Canal,Groundwater,1.94,Yes,7.08,South,Low,Low,20.87,Low
Sandy,7.76,27.73,1.24,0.47,32.92,31.71,1302.11,4.41,9.83,Potato,Sowing,Zaid,Sprinkler,Rainwater,9.42,Yes,41.48,South,Low,Low,58.95,Low
Loamy,7.52,41.09,0.31,2.69,16.1,48.11,1303.63,4.45,3.24,Sugarcane,Vegetative,Rabi,Rainfed,River,2.95,Yes,65.91,South,Low,Low,54.12,Low
Silt,5.26,37.37,0.44,0.3,34.94,42.83,1698.71,8.31,7.76,Wheat,Flowering,Kharif,Drip,River,4.42,Yes,67.4,South,Low,Low,40.88,Low
Silt,6.22,21.8,1.13,0.41,33.27,52.89,221.13,6.93,11.25,Maize,Harvest,Kharif,Canal,Reservoir,4.98,Yes,11.93,West,Medium,Medium,94.81,Medium
Clay,5.16,23.43,1.31,0.85,16.5,41.61,1057.62,9.85,7.69,Wheat,Sowing,Rabi,Sprinkler,Rainwater,0.91,No,19.34,South,Low,Low,32.97,Low
Loamy,6.97,44.55,1.32,1.27,17.65,85.12,2211.74,4.93,7.81,Wheat,Flowering,Rabi,Rainfed,Groundwater,0.49,No,19.01,Central,Low,Low,18.9,Low
Sandy,5.35,49.38,1.17,1.79,32.73,50.85,1941.99,7.7,8.27,Potato,Flowering,Kharif,Drip,Groundwater,7.62,No,99.82,South,Medium,Medium,102.64,Medium
Sandy,5.99,28.96,1.24,2.68,16.98,80.71,592.7,8.21,17.35,Sugarcane,Harvest,Kharif,Rainfed,Reservoir,2.41,Yes,81.05,North,Low,Low,20.76,Low
Silt,8.04,56.13,0.43,3.04,30.88,48.23,1876.82,5.14,4.52,Cotton,Vegetative,Kharif,Canal,Groundwater,12.13,Yes,14.4,North,Low,Low,47.63,Low
Silt,7.05,42.54,0.88,0.82,12.21,71.37,1913.37,9.36,12.78,Wheat,Harvest,Zaid,Rainfed,Rainwater,5.63,No,35.5,Central,Low,Low,15.0,Low
Loamy,5.55,10.39,1.02,1.65,25.79,32.37,2421.27,10.51,0.67,Wheat,Sowing,Rabi,Canal,River,9.65,Yes,21.45,South,Low,Low,58.38,Low
Sandy,7.53,41.74,1.3,2.52,28.23,84.59,2077.9,9.63,10.95,Wheat,Sowing,Zaid,Canal,River,4.66,No,66.68,Central,Low,Low,15.05,Low
Silt,5.06,39.08,1.08,2.13,22.45,41.93,988.66,5.8,11.15,Maize,Vegetative,Zaid,Rainfed,Reservoir,1.81,Yes,71.71,West,Low,Low,60.0,Low
Loamy,7.68,64.84,0.77,1.2,18.59,89.86,829.33,8.48,12.8,Rice,Flowering,Rabi,Sprinkler,Rainwater,12.5,No,110.2,Central,Medium,Medium,77.63,Medium
Clay,7.1,16.31,0.42,3.39,29.97,78.18,2325.04,8.89,5.94,Wheat,Sowing,Kharif,Canal,Reservoir,13.33,No,59.51,East,Low,Low,51.13,Low
Sandy,5.15,60.95,0.81,2.92,27.82,52.04,1666.42,7.85,5.62,Maize,Sowing,Zaid,Drip,Reservoir,8.39,No,110.73,South,Low,Low,18.06,Low
Loamy,5.24,37.15,1.16,1.6,28.4,93.08,1078.46,8.41,4.37,Rice,Vegetative,Rabi,Sprinkler,Reservoir,6.28,No,15.15,Central,Low,Low,47.86,Low
Silt,6.99,29.72,1.36,2.73,32.24,78.9,1105.16,10.04,17.41,Cotton,Flowering,Kharif,Drip,River,6.36,No,6.72,Central,Medium,Medium,110.0,Medium
Loamy,8.14,25.47,0.74,1.06,15.96,56.41,1763.64,7.36,3.64,Cotton,Vegetative,Zaid,Drip,Rainwater,3.42,Yes,65.96,West,Low,Low,33.03,Low
Clay,5.81,52.16,1.51,0.11,20.76,78.29,1815.98,8.62,18.97,Wheat,Vegetative,Kharif,Canal,River,12.73,Yes,58.15,South,Low,Low,25.42,Low
Sandy,7.06,36.94,1.1,0.92,40.19,43.39,2227.31,5.79,17.93,Maize,Sowing,Zaid,Drip,Groundwater,0.51,Yes,69.11,Central,Low,Low,49.85,Low
Silt,7.85,35.45,0.74,2.02,14.68,38.78,126.16,8.26,3.73,Rice,Sowing,Rabi,Sprinkler,Groundwater,13.22,Yes,57.85,North,Low,Low,60.0,Low
Silt,5.93,64.78,1.56,0.28,40.25,73.43,2350.6,9.36,1.51,Rice,Harvest,Rabi,Rainfed,Groundwater,2.7,No,109.51,East,Low,Low,22.56,Low
Sandy,7.14,49.26,1.33,1.48,16.66,88.04,1313.62,7.78,16.16,Sugarcane,Flowering,Zaid,Drip,Reservoir,9.13,No,112.93,Central,Medium,Medium,81.84,Medium
Loamy,8.19,42.66,0.99,2.61,18.42,78.57,1889.19,7.65,2.71,Wheat,Sowing,Rabi,Canal,Groundwater,0.47,Yes,63.71,Central,Low,Low,32.09,Low
Sandy,5.66,43.74,0.85,0.57,30.3,45.36,1231.82,5.19,19.08,Rice,Flowering,Rabi,Canal,River,3.39,No,79.29,East,Medium,Medium,90.07,Medium
Loamy,7.18,23.48,0.31,2.48,12.05,89.95,1988.12,8.27,16.32,Rice,Harvest,Zaid,Sprinkler,Reservoir,13.69,No,56.45,North,Medium,Medium,45.0,Medium
Sandy,5.48,18.42,0.98,1.7,21.88,89.57,1990.81,7.87,4.17,Cotton,Harvest,Rabi,Canal,River,2.66,No,98.0,Central,Low,Low,24.95,Low
Silt,6.31,24.23,1.49,3.3,14.01,89.68,1916.48,9.94,13.83,Maize,Sowing,Zaid,Sprinkler,Reservoir,14.56,Yes,113.16,North,Low,Low,34.85,Low
Loamy,5.16,58.32,1.54,1.72,25.65,46.29,1126.07,5.76,15.39,Sugarcane,Flowering,Zaid,Rainfed,Rainwater,4.41,Yes,106.3,North,Low,Low,56.27,Low
Loamy,6.68,47.65,1.36,2.1,20.39,70.25,235.2,5.27,4.74,Cotton,Sowing,Zaid,Rainfed,Rainwater,6.39,No,10.93,North,Low,Low,48.08,Low
Loamy,7.83,27.61,1.41,1.61,31.39,49.56,1844.72,5.54,5.89,Rice,Harvest,Kharif,Rainfed,Rainwater,11.72,No,77.3,South,Low,Low,24.01,Low
Loamy,7.02,20.47,0.72,2.92,15.44,51.77,954.46,6.88,9.64,Cotton,Harvest,Rabi,Drip,Reservoir,0.66,Yes,44.94,Central,Low,Low,20.63,Low
Loamy,5.02,26.94,1.59,2.96,22.27,75.28,1309.64,4.05,15.11,Sugarcane,Flowering,Rabi,Sprinkler,Groundwater,14.68,No,118.02,East,Medium,Medium,94.0,Medium
Loamy,5.67,30.13,1.42,3.21,38.47,68.9,531.48,9.55,8.62,Potato,Harvest,Rabi,Canal,Reservoir,7.41,Yes,100.99,North,Low,Low,29.55,Low
Sandy,6.17,27.0,1.03,2.56,29.4,40.05,2102.05,5.87,1.28,Cotton,Sowing,Rabi,Drip,Groundwater,8.88,No,65.38,North,Low,Low,41.94,Low
Clay,7.87,47.54,0.54,0.25,32.47,39.13,1914.71,7.72,18.64,Wheat,Flowering,Rabi,Canal,Groundwater,11.62,No,74.8,West,Medium,Medium,52.63,Medium
Loamy,7.43,25.91,1.49,2.46,22.33,75.35,910.86,6.6,4.42,Cotton,Vegetative,Rabi,Sprinkler,Reservoir,10.43,No,94.16,South,Low,Low,56.21,Low
Sandy,5.87,37.3,1.47,2.61,35.08,94.19,808.85,8.42,6.8,Rice,Vegetative,Rabi,Canal,River,13.01,No,111.0,South,Medium,Medium,110.0,Medium
Loamy,5.77,33.16,1.33,0.71,22.16,36.94,275.96,9.35,9.73,Potato,Sowing,Kharif,Canal,Groundwater,11.04,No,104.49,North,Low,Low,60.0,Low
Loamy,8.01,36.54,0.76,2.34,27.51,61.94,1357.33,8.38,15.85,Rice,Vegetative,Rabi,Sprinkler,Groundwater,14.74,Yes,68.84,Central,Low,Low,52.71,Low
Clay,6.51,51.1,1.43,1.93,20.55,40.83,2086.07,4.99,15.15,Maize,Flowering,Rabi,Drip,Reservoir,9.33,No,1.62,Central,Medium,Medium,59.32,Medium
Sandy,5.92,23.06,1.23,0.2,24.03,84.15,1842.31,8.75,2.77,Cotton,Flowering,Zaid,Drip,Reservoir,10.23,Yes,78.97,West,Medium,Medium,66.73,Medium
Loamy,4.84,30.01,1.26,0.15,15.2,75.35,1929.78,6.15,4.17,Wheat,Vegetative,Zaid,Rainfed,Groundwater,5.17,No,33.77,South,Low,Low,29.16,Low
Loamy,6.65,63.5,0.71,0.7,12.27,68.62,702.59,9.05,12.55,Potato,Vegetative,Rabi,Sprinkler,Rainwater,12.96,Yes,51.69,West,Low,Low,22.72,Low
Clay,5.31,59.58,1.28,2.16,32.74,67.91,1560.45,6.79,13.15,Wheat,Sowing,Kharif,Drip,Groundwater,12.75,Yes,63.8,East,Low,Low,37.39,Low
Sandy,7.06,52.42,1.16,0.87,20.34,89.14,1940.06,9.34,11.3,Maize,Harvest,Rabi,Sprinkler,Reservoir,7.34,No,75.16,North,Low,Low,17.68,Low
Loamy,7.01,45.8,0.4,1.17,22.55,59.05,1642.47,10.94,19.22,Potato,Vegetative,Kharif,Drip,River,8.39,No,85.1,West,Medium,Medium,81.42,Medium
Loamy,5.83,49.12,1.49,3.36,15.55,92.57,1932.5,5.84,2.12,Potato,Flowering,Kharif,Drip,Groundwater,11.24,No,97.14,West,Low,Low,33.76,Low
Loamy,6.8,32.03,1.24,1.39,16.45,92.35,2404.97,4.3,2.07,Maize,Vegetative,Rabi,Drip,Rainwater,5.68,Yes,97.55,Central,Low,Low,27.46,Low
Sandy,7.01,28.95,1.08,3.08,21.87,27.84,1791.57,9.42,6.53,Maize,Flowering,Zaid,Drip,Groundwater,14.34,No,61.37,Central,Low,Low,34.05,Low
Sandy,6.83,40.61,0.98,3.21,21.76,51.6,355.25,7.07,14.41,Sugarcane,Vegetative,Zaid,Rainfed,River,7.19,Yes,68.78,East,Low,Low,60.0,Low
Silt,8.0,50.52,1.55,1.3,34.77,84.33,899.91,5.89,5.18,Rice,Harvest,Kharif,Drip,Groundwater,12.74,No,61.08,East,Low,Low,39.12,Low
Sandy,7.65,46.97,0.73,1.85,40.42,76.39,2476.59,7.27,12.37,Cotton,Harvest,Zaid,Sprinkler,Groundwater,3.91,No,58.74,North,Low,Low,15.0,Low
Loamy,7.92,10.44,0.75,1.85,41.96,27.6,1952.42,8.32,14.42,Maize,Harvest,Rabi,Sprinkler,Reservoir,10.67,No,117.89,South,Medium,Medium,45.0,Medium
Loamy,5.75,30.73,1.11,2.19,13.42,94.57,715.73,7.1,10.17,Cotton,Harvest,Zaid,Drip,Reservoir,14.81,No,85.42,North,Low,Low,19.46,Low
Loamy,4.84,50.38,0.88,0.36,27.87,50.88,1536.32,4.2,7.79,Maize,Flowering,Kharif,Rainfed,Rainwater,2.6,No,5.24,East,Low,Low,48.8,Low
Clay,6.78,23.88,0.59,1.97,18.9,92.73,2433.18,5.53,4.88,Potato,Sowing,Zaid,Canal,Rainwater,0.31,No,75.37,West,Low,Low,40.72,Low
Sandy,7.78,28.93,1.58,2.02,31.05,39.1,1556.98,9.64,2.16,Potato,Sowing,Zaid,Drip,Rainwater,8.03,Yes,12.16,East,Low,Low,30.15,Low
Clay,7.43,49.32,1.56,1.66,26.5,46.44,1872.22,5.07,10.05,Wheat,Harvest,Zaid,Sprinkler,Rainwater,10.42,Yes,17.26,South,Low,Low,20.18,Low
Loamy,7.66,61.05,1.45,0.87,14.35,28.45,193.99,6.81,11.77,Rice,Harvest,Kharif,Rainfed,Rainwater,14.17,No,46.86,East,Medium,Medium,57.07,Medium
Loamy,4.96,41.57,0.42,3.09,31.7,35.44,2149.63,4.82,1.85,Maize,Sowing,Zaid,Sprinkler,Groundwater,3.61,No,105.54,North,Low,Low,49.9,Low
Clay,6.06,54.56,0.87,2.33,14.03,85.06,1639.37,5.65,18.73,Wheat,Vegetative,Kharif,Rainfed,Rainwater,13.89,No,78.47,West,Medium,Medium,48.96,Medium
Loamy,6.28,19.56,1.39,1.19,19.2,61.45,598.5,10.02,16.02,Wheat,Flowering,Kharif,Canal,River,14.99,No,29.62,North,Medium,Medium,110.0,Medium
Clay,7.08,47.15,0.33,1.0,30.62,72.48,1644.58,10.65,13.85,Wheat,Vegetative,Kharif,Rainfed,Groundwater,9.39,Yes,100.06,South,Medium,Medium,52.05,Medium
Silt,7.99,43.0,0.97,0.53,27.17,26.91,140.68,7.36,13.17,Cotton,Sowing,Rabi,Drip,Groundwater,7.12,No,106.56,North,Medium,Medium,110.0,Medium
Clay,5.79,36.27,1.28,3.44,40.07,44.45,57.47,4.31,3.4,Potato,Flowering,Kharif,Sprinkler,Reservoir,7.17,Yes,99.13,Central,Medium,Medium,110.0,Medium
Silt,7.91,20.69,0.82,1.23,30.37,30.3,22.27,8.44,18.57,Rice,Vegetative,Zaid,Sprinkler,River,10.6,No,65.83,West,High,High,180.0,High
Silt,6.76,48.51,0.46,0.12,18.0,88.84,1404.51,4.59,3.39,Wheat,Harvest,Kharif,Canal,Groundwater,14.67,Yes,48.4,North,Low,Low,19.87,Low
Sandy,8.03,17.67,1.57,0.72,20.33,28.08,1936.15,4.92,16.89,Sugarcane,Vegetative,Kharif,Drip,Groundwater,10.67,No,38.15,Central,Medium,Medium,110.0,Medium
Clay,6.2,32.6,1.14,3.28,15.28,88.92,1112.85,9.9,4.87,Wheat,Flowering,Kharif,Rainfed,Rainwater,10.42,No,97.34,Central,Low,Low,44.16,Low
Loamy,6.5,59.66,0.77,2.91,15.43,84.57,2451.77,4.03,0.82,Potato,Flowering,Zaid,Rainfed,Groundwater,12.56,No,63.04,West,Low,Low,40.33,Low
Loamy,6.63,63.71,0.69,0.15,22.15,45.61,729.32,5.92,15.17,Cotton,Flowering,Rabi,Drip,River,3.44,Yes,116.12,West,Low,Low,39.85,Low
Sandy,7.55,29.56,0.65,1.26,27.91,77.89,2230.53,6.7,14.38,Cotton,Vegetative,Rabi,Sprinkler,Groundwater,9.27,No,87.72,South,Medium,Medium,74.73,Medium
Sandy,7.08,27.51,0.51,2.58,30.63,32.54,1642.84,5.71,10.06,Rice,Vegetative,Rabi,Canal,Reservoir,9.91,No,83.18,West,Medium,Medium,110.0,Medium
Silt,7.77,55.9,0.65,2.19,17.36,34.15,1203.6,9.29,10.84,Potato,Flowering,Zaid,Drip,Rainwater,12.02,Yes,113.62,North,Low,Low,57.78,Low
Sandy,5.14,63.57,1.33,2.31,40.06,54.93,1546.38,5.25,11.15,Rice,Vegetative,Kharif,Drip,Reservoir,1.08,No,47.23,West,Medium,Medium,66.19,Medium
Clay,8.06,46.43,1.42,2.94,29.83,57.79,161.09,6.3,7.4,Wheat,Harvest,Zaid,Canal,River,1.18,No,89.4,North,Low,Low,29.38,Low
Loamy,7.91,27.99,0.58,2.41,33.75,66.55,2200.35,6.08,13.44,Wheat,Vegetative,Kharif,Rainfed,Groundwater,8.46,No,5.97,Central,Medium,Medium,45.94,Medium
Sandy,7.92,22.03,0.42,3.42,34.39,62.14,2121.36,9.8,17.87,Wheat,Flowering,Zaid,Drip,Reservoir,4.25,No,35.07,North,High,High,138.62,High
Sandy,6.17,17.52,0.8,3.4,35.89,76.26,1016.24,7.29,13.05,Cotton,Harvest,Zaid,Sprinkler,River,13.62,No,30.77,Central,Medium,Medium,65.47,Medium
Loamy,5.39,20.6,1.28,0.39,32.57,52.02,2212.31,7.09,9.37,Cotton,Harvest,Zaid,Canal,River,7.2,No,39.08,Central,Medium,Medium,45.0,Medium
Clay,7.16,36.11,0.7,2.94,25.72,78.02,1895.07,9.26,17.28,Sugarcane,Vegetative,Zaid,Drip,River,3.54,Yes,22.44,East,Low,Low,46.44,Low
Sandy,6.63,18.71,1.49,1.25,31.78,92.87,687.78,10.53,9.24,Cotton,Sowing,Zaid,Drip,River,3.94,Yes,43.78,West,Low,Low,56.22,Low
Silt,4.87,16.03,1.25,2.86,34.66,38.25,154.05,5.32,8.67,Sugarcane,Flowering,Rabi,Drip,River,7.15,Yes,60.37,Central,High,Medium,110.0,High
Loamy,6.92,17.02,0.48,2.81,31.54,47.67,167.46,10.77,15.43,Maize,Sowing,Rabi,Canal,Rainwater,14.43,No,107.11,East,High,High,180.0,High
Silt,7.94,24.07,1.53,2.06,12.74,84.12,1894.31,5.48,14.85,Cotton,Sowing,Zaid,Rainfed,Reservoir,9.48,No,55.33,North,Medium,Medium,57.35,Medium
Clay,5.36,18.1,1.43,0.7,16.89,68.94,899.75,9.01,13.37,Sugarcane,Harvest,Rabi,Sprinkler,River,10.65,Yes,46.98,East,Low,Low,36.56,Low
Clay,5.03,36.74,1.21,2.56,37.71,65.41,168.05,10.12,4.98,Maize,Flowering,Zaid,Rainfed,Rainwater,4.38,No,75.89,North,Medium,Medium,110.0,Medium
Clay,6.7,21.47,0.97,2.39,16.04,59.6,1479.48,6.58,4.1,Sugarcane,Flowering,Rabi,Sprinkler,Reservoir,6.05,Yes,28.59,North,Medium,Medium,110.0,Medium
Clay,6.08,64.83,1.36,0.14,37.05,30.57,1174.04,9.52,1.37,Sugarcane,Harvest,Kharif,Sprinkler,Rainwater,6.55,Yes,81.1,South,Low,Low,35.79,Low
Clay,5.85,12.64,0.8,2.96,18.83,53.49,2154.73,6.48,5.19,Maize,Flowering,Rabi,Rainfed,Reservoir,3.97,Yes,20.75,West,Medium,Medium,89.1,Medium
Loamy,7.56,29.19,1.26,0.36,13.68,56.53,461.88,5.18,3.55,Rice,Harvest,Kharif,Rainfed,Reservoir,2.26,Yes,92.64,South,Low,Low,44.3,Low
Sandy,6.2,36.24,0.88,0.46,27.37,56.67,1421.95,4.98,17.3,Sugarcane,Sowing,Zaid,Drip,Rainwater,3.28,No,89.93,South,Low,Low,60.0,Low
Loamy,6.39,33.76,0.86,0.82,14.54,72.57,1135.23,10.18,13.2,Sugarcane,Vegetative,Zaid,Rainfed,Rainwater,6.77,No,79.42,East,Medium,Medium,80.23,Medium
Loamy,6.15,47.22,0.84,0.27,23.59,38.98,1134.08,7.97,5.38,Sugarcane,Flowering,Kharif,Drip,River,2.0,Yes,18.92,South,Low,Low,34.67,Low
Loamy,7.31,44.94,1.0,2.75,20.34,53.75,2373.12,5.32,10.13,Maize,Flowering,Kharif,Rainfed,Reservoir,0.38,No,73.01,West,Medium,Medium,48.64,Medium
Clay,6.45,46.05,0.37,2.53,28.59,25.19,1111.62,9.29,15.63,Wheat,Vegetative,Kharif,Sprinkler,River,2.73,No,46.84,North,Medium,Medium,85.38,Medium
Loamy,8.04,50.18,0.47,0.81,22.02,63.5,1778.4,8.94,7.75,Maize,Harvest,Rabi,Sprinkler,Rainwater,3.39,No,68.74,West,Low,Low,17.07,Low
Clay,7.34,18.08,1.21,2.12,24.62,56.42,1837.86,8.98,18.94,Maize,Sowing,Kharif,Canal,River,0.39,Yes,75.54,Central,Low,Low,46.93,Low
Loamy,7.1,36.86,0.63,2.86,40.75,49.25,1850.43,8.43,13.15,Potato,Harvest,Zaid,Sprinkler,River,0.45,No,118.36,South,Low,Low,20.65,Low
Silt,6.74,23.71,1.38,1.2,14.08,54.13,1322.33,10.47,12.39,Potato,Sowing,Zaid,Sprinkler,Reservoir,1.23,No,67.36,Central,Medium,Medium,71.52,Medium
Sandy,5.67,21.78,1.08,1.0,41.94,94.64,1486.26,7.0,19.6,Wheat,Flowering,Rabi,Sprinkler,River,13.3,No,37.94,West,High,High,101.4,High
Silt,7.23,64.8,1.16,1.76,32.1,70.42,260.78,10.6,3.28,Sugarcane,Harvest,Zaid,Sprinkler,Groundwater,11.21,Yes,37.27,Central,Low,Medium,53.86,Low
Clay,5.52,22.52,0.58,3.38,12.57,39.84,1249.61,10.88,16.39,Wheat,Flowering,Zaid,Rainfed,River,2.07,Yes,102.65,West,Medium,Medium,84.13,Medium
Silt,6.17,26.0,0.61,1.44,32.31,71.56,1199.83,5.9,6.28,Cotton,Flowering,Kharif,Rainfed,River,0.33,Yes,62.59,East,Low,Low,40.35,Low
Sandy,7.23,10.4,1.27,1.48,40.23,32.47,929.26,10.52,16.89,Potato,Sowing,Kharif,Canal,Reservoir,7.27,Yes,25.54,North,Medium,Medium,110.0,Medium
Sandy,5.94,18.07,0.69,2.34,17.66,32.67,5.26,8.46,13.33,Cotton,Harvest,Rabi,Drip,River,11.71,Yes,35.36,Central,Medium,Medium,94.23,Medium
Clay,8.1,13.11,0.59,3.3,17.33,70.22,1840.41,5.8,4.44,Wheat,Harvest,Zaid,Sprinkler,Groundwater,8.39,No,44.76,West,Low,Low,15.75,Low
Clay,6.58,13.47,1.16,2.47,25.07,39.79,2319.7,8.44,19.57,Sugarcane,Vegetative,Kharif,Sprinkler,Reservoir,2.66,Yes,117.68,East,Medium,Medium,110.0,Medium
Loamy,5.56,34.66,0.88,2.84,33.8,46.83,2245.84,8.81,3.23,Maize,Vegetative,Zaid,Canal,Rainwater,13.87,No,64.06,East,Medium,Medium,87.16,Medium
Loamy,6.17,30.4,0.38,1.27,22.88,28.37,2115.16,7.79,3.64,Cotton,Vegetative,Rabi,Canal,Reservoir,6.86,Yes,35.1,West,Low,Low,29.52,Low
Silt,5.58,52.06,0.38,2.65,14.59,55.87,2435.98,7.53,5.16,Rice,Harvest,Rabi,Rainfed,Reservoir,11.73,Yes,98.09,North,Low,Low,25.74,Low
Sandy,7.91,13.16,1.4,0.93,17.54,63.68,2442.87,9.57,10.15,Rice,Vegetative,Kharif,Rainfed,River,2.7,No,26.3,West,Medium,Medium,103.74,Medium
Clay,7.18,12.19,1.57,1.0,28.17,30.71,989.19,10.31,15.97,Maize,Sowing,Zaid,Sprinkler,River,1.15,No,86.41,North,Medium,Medium,110.0,Medium
Silt,7.98,49.58,0.68,2.6,28.91,81.2,2104.65,8.43,1.73,Maize,Harvest,Zaid,Sprinkler,River,0.5,Yes,12.12,East,Low,Low,15.0,Low
Clay,5.95,12.31,1.45,3.37,13.57,34.63,88.42,9.24,1.54,Sugarcane,Flowering,Kharif,Canal,Reservoir,14.01,No,111.6,Central,High,Medium,110.0,High
Loamy,6.1,36.78,1.19,1.75,17.75,73.86,1925.08,5.52,7.52,Wheat,Flowering,Kharif,Rainfed,Groundwater,5.54,Yes,87.27,South,Low,Low,28.26,Low
Silt,5.75,50.85,0.69,1.44,25.62,57.84,922.17,4.59,8.41,Sugarcane,Sowing,Zaid,Rainfed,River,8.15,Yes,71.55,North,Low,Low,50.36,Low
Clay,6.05,9.29,0.42,3.23,34.42,60.15,28.5,6.68,11.21,Rice,Vegetative,Kharif,Sprinkler,River,13.18,Yes,21.15,Central,High,High,180.0,High
Sandy,6.32,43.0,0.42,2.12,15.36,37.61,2200.49,9.79,12.43,Maize,Harvest,Zaid,Canal,Groundwater,3.85,Yes,53.48,Central,Low,Low,25.3,Low
Clay,6.19,61.23,0.51,0.61,19.6,76.05,1201.05,9.58,13.01,Potato,Sowing,Kharif,Sprinkler,Reservoir,11.22,No,21.05,North,Low,Low,28.17,Low
Sandy,7.4,20.7,0.85,0.53,33.91,93.31,53.52,10.0,0.85,Cotton,Harvest,Zaid,Drip,Groundwater,0.5,Yes,105.34,South,Medium,Medium,52.28,Medium
Silt,7.62,54.34,0.66,1.38,32.31,61.72,2118.38,9.04,18.52,Wheat,Vegetative,Kharif,Rainfed,River,0.5,Yes,48.38,East,Medium,Medium,57.04,Medium
Loamy,7.0,23.52,1.02,0.92,12.98,82.39,1694.09,8.46,5.76,Sugarcane,Sowing,Kharif,Sprinkler,Groundwater,13.57,Yes,75.64,West,Low,Low,25.37,Low
Clay,5.66,12.1,0.61,3.49,37.95,71.56,801.76,7.92,6.74,Sugarcane,Harvest,Rabi,Canal,River,8.94,No,113.07,North,Medium,Medium,68.77,Medium
Silt,7.08,43.72,0.47,2.7,24.79,65.68,1369.49,6.34,12.37,Sugarcane,Sowing,Zaid,Sprinkler,Rainwater,14.74,No,106.84,West,Low,Low,27.46,Low
Sandy,5.45,13.99,0.93,3.42,32.97,33.06,221.3,9.65,3.9,Maize,Flowering,Kharif,Canal,Reservoir,1.08,Yes,37.27,West,High,Medium,110.0,High
Silt,5.24,60.85,0.83,1.65,32.73,69.36,2489.45,10.19,7.52,Wheat,Harvest,Zaid,Sprinkler,River,13.66,No,49.29,South,Low,Low,15.0,Low
Sandy,5.3,45.36,0.94,0.68,33.88,40.7,960.27,8.91,2.93,Rice,Harvest,Rabi,Sprinkler,Rainwater,6.6,Yes,59.5,East,Low,Low,26.61,Low
Loamy,6.2,32.65,0.75,0.32,27.16,60.38,265.61,8.25,4.35,Wheat,Harvest,Zaid,Canal,River,7.9,No,98.05,Central,Low,Low,32.67,Low
Sandy,7.78,44.38,1.14,2.7,32.87,83.6,129.58,6.41,17.98,Sugarcane,Vegetative,Kharif,Rainfed,River,2.1,Yes,78.28,Central,Medium,Medium,88.53,Medium
Silt,5.62,11.93,0.37,0.91,16.61,59.39,470.88,9.01,14.67,Potato,Harvest,Rabi,Rainfed,Rainwater,0.8,Yes,65.21,Central,Low,Low,36.53,Low
Clay,7.7,52.85,1.43,2.46,21.91,43.15,136.79,4.46,8.27,Cotton,Sowing,Zaid,Sprinkler,Groundwater,10.72,No,27.41,South,Low,Low,60.0,Low
Silt,6.16,18.86,1.21,1.05,20.49,35.68,81.53,7.56,10.6,Wheat,Flowering,Kharif,Rainfed,River,8.36,Yes,46.3,Central,High,Medium,110.0,High
Silt,7.16,40.98,0.72,2.93,40.96,90.55,2322.59,4.26,15.83,Sugarcane,Vegetative,Zaid,Rainfed,Rainwater,14.79,No,102.86,South,Medium,Medium,78.73,Medium
Sandy,4.91,36.48,1.33,1.38,33.85,86.33,829.06,10.83,16.24,Wheat,Vegetative,Rabi,Rainfed,Groundwater,8.95,No,63.61,West,Medium,Medium,60.56,Medium
Silt,5.5,13.0,0.33,1.95,27.73,43.09,1810.88,7.28,3.32,Wheat,Harvest,Rabi,Rainfed,Groundwater,6.36,Yes,45.28,North,Low,Low,17.88,Low
Sandy,5.46,31.08,0.81,0.95,13.2,69.48,1440.02,6.42,2.86,Rice,Flowering,Zaid,Canal,Groundwater,14.23,Yes,28.89,Central,Low,Low,30.27,Low
Clay,5.47,35.32,0.65,0.69,21.28,55.92,910.04,7.06,11.29,Potato,Sowing,Rabi,Drip,Groundwater,9.66,No,48.39,West,Low,Low,38.04,Low
Sandy,5.45,26.52,1.16,2.22,13.2,33.17,270.44,8.54,11.66,Potato,Vegetative,Rabi,Rainfed,River,12.33,No,31.42,Central,Medium,Medium,102.25,Medium
Sandy,7.76,55.28,1.37,1.18,31.37,49.36,990.47,9.69,1.67,Sugarcane,Sowing,Rabi,Canal,Reservoir,4.68,No,112.15,Central,Low,Low,45.94,Low
Clay,6.04,38.33,1.54,0.45,27.04,48.9,1696.12,7.26,14.53,Sugarcane,Harvest,Rabi,Rainfed,Groundwater,9.9,Yes,13.32,South,Low,Low,18.47,Low
Sandy,7.63,28.03,1.18,2.44,20.75,89.27,1008.5,8.63,3.9,Cotton,Vegetative,Rabi,Sprinkler,Groundwater,7.28,No,73.67,East,Low,Low,20.51,Low
Loamy,5.11,49.74,0.6,0.14,41.79,86.53,1832.73,9.97,9.87,Cotton,Vegetative,Zaid,Sprinkler,Reservoir,2.77,No,91.12,Central,Medium,Medium,56.19,Medium
Silt,6.21,15.11,1.51,2.82,29.17,30.56,1550.71,4.33,2.91,Sugarcane,Harvest,Zaid,Rainfed,Reservoir,6.18,Yes,56.86,North,Low,Low,25.23,Low
Sandy,5.46,53.84,0.68,2.94,31.89,60.88,817.62,8.1,6.79,Cotton,Sowing,Rabi,Canal,River,10.51,Yes,46.44,West,Low,Low,38.78,Low
Loamy,7.82,16.5,1.08,3.0,25.36,81.08,1942.45,9.72,10.84,Sugarcane,Flowering,Rabi,Sprinkler,Rainwater,0.96,No,24.86,South,Medium,Medium,96.97,Medium
Sandy,5.17,22.09,0.82,1.76,39.08,46.72,691.67,5.34,19.01,Maize,Harvest,Kharif,Sprinkler,Reservoir,13.13,Yes,118.2,West,Medium,Medium,78.89,Medium
Silt,4.86,14.24,0.44,0.61,35.22,64.04,1667.75,5.04,12.56,Wheat,Harvest,Rabi,Rainfed,River,4.67,Yes,100.82,East,Medium,Medium,45.0,Medium
Loamy,4.82,54.39,0.82,1.59,36.04,71.37,1324.32,7.69,7.65,Sugarcane,Harvest,Zaid,Drip,Rainwater,12.96,Yes,116.56,South,Low,Low,37.29,Low
Clay,6.1,49.06,0.71,1.43,38.97,58.16,262.65,10.49,11.32,Potato,Vegetative,Zaid,Canal,Reservoir,3.47,No,60.06,North,High,Medium,110.0,High
Clay,5.82,57.35,1.53,2.96,17.67,29.3,1231.65,5.0,15.46,Potato,Flowering,Zaid,Canal,Reservoir,2.84,No,8.23,Central,Medium,Medium,67.66,Medium
Silt,6.7,52.41,1.58,3.31,35.98,26.37,1951.32,8.04,9.52,Cotton,Vegetative,Kharif,Canal,Groundwater,11.91,No,119.58,Central,Medium,Medium,90.26,Medium
Clay,7.48,51.97,1.41,0.53,36.68,58.76,1970.07,9.83,3.41,Wheat,Sowing,Rabi,Sprinkler,Reservoir,7.08,Yes,9.21,East,Low,Low,47.53,Low
Loamy,7.11,58.64,0.76,2.72,28.84,55.49,950.73,5.84,19.4,Sugarcane,Flowering,Rabi,Rainfed,River,5.09,Yes,112.32,West,Low,Low,42.93,Low
Silt,6.0,53.34,1.59,3.11,32.36,67.59,1598.14,10.77,16.88,Sugarcane,Harvest,Rabi,Rainfed,Rainwater,0.33,No,69.86,South,Low,Low,18.12,Low
Clay,6.94,16.69,1.22,2.55,22.77,81.23,1102.33,4.24,1.11,Wheat,Flowering,Rabi,Rainfed,River,6.19,No,116.55,Central,Medium,Medium,85.87,Medium
Silt,7.09,30.03,0.51,2.67,17.83,47.66,256.67,4.0,3.03,Cotton,Sowing,Rabi,Canal,Reservoir,13.61,Yes,33.23,West,Low,Low,60.0,Low
Silt,5.09,15.59,0.61,0.61,37.31,70.19,498.25,6.11,11.5,Maize,Sowing,Zaid,Rainfed,Rainwater,4.51,No,11.29,South,Medium,Medium,110.0,Medium
Sandy,5.55,48.29,1.29,1.12,38.64,60.81,458.53,9.51,1.13,Cotton,Vegetative,Kharif,Drip,Reservoir,7.43,Yes,1.13,North,Low,Low,39.62,Low
Clay,5.66,36.16,1.03,1.05,41.57,42.09,2366.75,9.16,12.23,Wheat,Vegetative,Kharif,Drip,Rainwater,9.81,Yes,56.59,East,Medium,Medium,68.19,Medium
Silt,6.6,20.55,1.41,3.28,22.93,30.21,1088.83,5.5,11.32,Maize,Sowing,Kharif,Canal,Rainwater,1.67,No,10.63,South,Medium,Medium,81.35,Medium
Silt,5.95,29.99,1.49,3.3,19.43,56.99,1114.57,4.38,14.93,Wheat,Vegetative,Kharif,Sprinkler,River,4.52,Yes,59.18,Central,Low,Low,38.98,Low
Loamy,5.09,33.79,0.42,2.5,26.28,85.54,1129.33,7.99,8.27,Wheat,Sowing,Zaid,Canal,River,10.23,No,42.1,West,Low,Low,29.33,Low
Silt,5.82,37.4,0.71,3.28,19.26,70.98,1695.03,4.11,17.15,Wheat,Sowing,Zaid,Drip,River,10.38,No,80.79,East,Low,Low,25.42,Low
Silt,6.67,37.17,0.84,3.48,22.75,56.45,2326.25,9.66,5.49,Wheat,Harvest,Kharif,Canal,Reservoir,9.67,No,22.19,South,Low,Low,21.51,Low
Clay,6.85,22.19,1.36,1.84,25.21,51.25,800.33,5.98,2.28,Wheat,Vegetative,Zaid,Canal,Rainwater,13.04,Yes,118.21,South,Medium,Medium,70.9,Medium
Clay,7.15,33.73,0.82,2.99,27.36,46.48,627.16,5.69,4.5,Rice,Flowering,Rabi,Drip,River,13.28,Yes,29.22,East,Low,Low,60.0,Low
Loamy,5.05,55.23,1.37,3.11,22.78,87.54,2235.58,4.78,3.38,Potato,Vegetative,Kharif,Sprinkler,Groundwater,11.3,No,32.81,West,Low,Low,29.6,Low
Loamy,5.19,29.41,0.77,0.48,23.2,31.24,676.82,5.62,16.56,Wheat,Sowing,Kharif,Rainfed,Reservoir,14.7,Yes,19.46,South,Low,Low,58.17,Low
Sandy,6.18,59.5,0.7,2.53,33.1,53.84,1531.02,7.74,13.74,Potato,Sowing,Rabi,Canal,River,0.57,No,70.82,West,Low,Low,39.52,Low
Sandy,5.76,49.15,1.25,1.52,27.59,84.23,2136.72,9.89,1.08,Cotton,Sowing,Kharif,Sprinkler,Rainwater,9.93,No,50.2,Central,Low,Low,28.25,Low
Clay,5.8,52.7,0.31,1.27,14.93,79.93,1077.68,4.11,18.02,Potato,Flowering,Rabi,Drip,River,7.52,Yes,48.72,North,Low,Low,25.47,Low
Silt,4.98,44.45,1.46,0.28,20.27,71.62,514.18,8.5,5.6,Potato,Vegetative,Rabi,Drip,Rainwater,3.95,No,20.21,South,Low,Low,38.16,Low
Sandy,5.5,21.7,0.41,3.36,20.83,80.74,1613.98,6.31,13.08,Maize,Harvest,Zaid,Drip,Groundwater,14.2,No,86.09,Central,Medium,Medium,45.0,Medium
Loamy,7.08,49.93,0.7,0.64,31.81,43.05,869.73,10.44,4.12,Rice,Vegetative,Rabi,Sprinkler,Rainwater,4.25,Yes,22.81,East,Low,Low,49.34,Low
Clay,5.13,42.35,1.28,1.41,41.52,68.61,1968.04,9.99,9.69,Sugarcane,Sowing,Zaid,Canal,Rainwater,2.78,Yes,7.73,North,Low,Low,33.61,Low
Loamy,7.64,57.24,1.05,3.02,38.32,47.96,2212.67,4.16,13.85,Sugarcane,Vegetative,Zaid,Rainfed,River,9.63,No,81.22,South,Medium,Medium,86.46,Medium
Silt,7.62,50.69,1.01,3.04,30.5,33.13,1459.39,8.74,18.62,Potato,Harvest,Zaid,Drip,Groundwater,10.68,No,53.42,West,Low,Low,16.32,Low
Silt,6.21,22.28,1.19,1.46,15.66,62.08,851.43,7.78,10.82,Sugarcane,Harvest,Kharif,Drip,River,5.69,No,68.56,South,Medium,Medium,54.62,Medium
Loamy,7.91,44.35,0.74,2.64,24.53,83.28,2049.86,7.46,1.62,Maize,Flowering,Rabi,Sprinkler,Reservoir,4.08,Yes,66.44,Central,Low,Low,19.36,Low
Sandy,5.65,34.69,0.83,2.07,19.99,33.19,1325.17,9.08,1.82,Sugarcane,Harvest,Rabi,Sprinkler,Groundwater,5.68,No,89.52,West,Low,Low,25.5,Low
Silt,5.38,8.64,0.31,3.31,21.2,93.54,1026.12,8.84,13.37,Sugarcane,Flowering,Kharif,Drip,River,14.96,Yes,69.19,Central,Medium,Medium,79.44,Medium
Silt,5.47,48.43,0.44,2.91,33.68,50.67,794.68,9.56,17.33,Maize,Flowering,Kharif,Canal,River,6.31,No,48.72,East,Medium,Medium,110.0,Medium
Silt,6.62,63.65,0.33,1.12,20.41,65.69,89.12,9.09,12.91,Sugarcane,Vegetative,Rabi,Drip,Reservoir,9.71,Yes,69.57,East,Medium,Medium,88.02,Medium
Clay,6.14,28.59,0.9,2.15,27.84,40.52,743.06,8.06,15.74,Potato,Flowering,Zaid,Canal,Groundwater,4.38,No,40.24,East,Medium,Medium,110.0,Medium
Sandy,6.11,31.07,0.61,0.34,16.79,37.1,2028.8,7.93,4.2,Wheat,Harvest,Zaid,Drip,Groundwater,5.26,Yes,18.38,North,Low,Low,22.14,Low
Silt,6.18,9.93,1.05,2.54,16.78,74.18,613.36,7.46,5.07,Sugarcane,Harvest,Kharif,Drip,Groundwater,9.33,No,97.25,South,Low,Low,35.88,Low
Silt,7.82,63.85,1.18,1.17,20.6,76.53,1925.3,10.3,14.04,Potato,Vegetative,Rabi,Sprinkler,Reservoir,14.64,Yes,114.68,South,Low,Low,15.0,Low
Silt,5.06,36.92,0.56,1.88,26.06,84.73,476.64,6.46,9.36,Cotton,Harvest,Kharif,Canal,River,4.09,Yes,92.64,East,Low,Low,29.9,Low
Loamy,4.95,34.09,1.25,3.08,20.94,31.51,906.06,8.95,6.89,Cotton,Vegetative,Zaid,Sprinkler,Groundwater,9.69,No,12.34,East,Low,Low,49.71,Low
Silt,7.3,39.54,0.7,1.7,28.15,81.69,2281.68,5.86,3.22,Wheat,Vegetative,Rabi,Canal,River,11.73,No,28.03,Central,Low,Low,31.57,Low
Clay,7.77,56.61,0.6,2.58,16.34,93.85,1895.29,8.93,13.44,Rice,Vegetative,Rabi,Canal,Groundwater,8.16,No,62.19,Central,Medium,Medium,56.84,Medium
Clay,6.11,45.19,1.43,0.3,34.09,56.51,2248.37,7.15,12.78,Sugarcane,Harvest,Kharif,Rainfed,Groundwater,3.1,Yes,83.55,West,Low,Low,17.66,Low
Sandy,7.52,43.76,1.27,1.71,38.59,62.39,571.07,7.06,7.39,Cotton,Sowing,Zaid,Canal,River,9.77,No,101.28,Central,Low,Low,39.01,Low
Clay,5.37,54.43,0.78,1.45,15.26,61.65,1431.15,5.11,11.04,Cotton,Flowering,Rabi,Sprinkler,Groundwater,3.62,Yes,9.5,North,Low,Low,30.81,Low
Clay,7.61,11.28,0.79,1.72,17.33,79.66,1534.58,7.12,6.91,Sugarcane,Flowering,Kharif,Sprinkler,River,7.97,No,30.9,Central,Medium,Medium,101.21,Medium
Silt,7.4,27.26,1.04,0.2,32.06,55.85,1536.09,9.5,2.08,Wheat,Sowing,Kharif,Rainfed,Reservoir,9.41,Yes,10.05,South,Low,Low,37.35,Low
Loamy,5.73,9.04,0.57,0.55,17.26,33.89,806.23,9.35,10.41,Sugarcane,Flowering,Zaid,Canal,Reservoir,8.83,Yes,117.34,North,Medium,Medium,110.0,Medium
Sandy,5.21,59.08,0.42,1.15,20.81,46.55,75.28,6.56,16.39,Rice,Vegetative,Rabi,Sprinkler,Reservoir,7.41,No,82.09,Central,Medium,Medium,110.0,Medium
Silt,6.25,20.53,0.58,2.72,38.65,30.4,1031.47,4.47,13.37,Wheat,Flowering,Rabi,Drip,Rainwater,11.34,Yes,56.14,West,Medium,Medium,107.19,Medium
Clay,7.27,60.7,1.56,1.43,41.93,69.18,1082.23,7.51,18.39,Cotton,Harvest,Kharif,Drip,River,5.0,No,16.01,East,Low,Low,15.0,Low
Silt,5.05,40.37,0.87,0.19,33.07,66.25,1507.54,4.41,8.49,Maize,Harvest,Rabi,Drip,Groundwater,12.94,No,83.33,Central,Low,Low,15.0,Low
Silt,5.47,16.83,1.47,0.69,38.12,51.17,2407.55,5.89,10.87,Wheat,Sowing,Zaid,Sprinkler,Rainwater,9.87,Yes,64.93,West,Medium,Medium,72.8,Medium
Silt,4.94,57.38,1.28,1.07,39.36,36.06,2361.34,5.6,0.83,Cotton,Flowering,Zaid,Sprinkler,River,2.47,No,33.06,North,Medium,Medium,71.88,Medium
Sandy,7.33,27.56,0.53,2.05,25.23,46.65,135.82,4.84,1.86,Potato,Sowing,Kharif,Drip,Groundwater,9.47,No,89.85,East,Low,Low,50.15,Low
Loamy,7.55,42.23,1.11,2.46,18.92,29.97,410.55,8.75,9.33,Wheat,Vegetative,Kharif,Drip,Groundwater,2.59,No,13.04,West,Low,Low,31.84,Low
Loamy,6.18,40.71,0.84,0.62,39.64,89.68,737.31,5.68,14.35,Maize,Flowering,Kharif,Drip,Groundwater,3.92,No,51.84,Central,Medium,Medium,81.42,Medium
Sandy,6.27,58.12,1.12,3.31,18.96,84.48,1555.23,7.26,16.79,Rice,Flowering,Kharif,Sprinkler,Rainwater,5.64,Yes,52.84,West,Low,Low,24.07,Low
Silt,6.42,24.59,0.88,2.14,33.94,82.51,1939.83,7.08,7.78,Rice,Harvest,Zaid,Rainfed,Groundwater,6.21,Yes,26.49,North,Low,Low,30.73,Low
Silt,5.48,36.93,0.66,1.34,20.28,93.5,1711.26,7.31,14.49,Potato,Sowing,Kharif,Canal,River,0.77,No,114.56,South,Low,Low,18.39,Low
Clay,7.79,22.01,1.12,2.24,27.58,83.39,236.34,8.81,18.07,Cotton,Vegetative,Zaid,Sprinkler,River,2.09,Yes,50.52,West,High,High,165.22,High
Silt,4.86,55.45,1.14,0.63,38.72,58.81,86.96,9.06,5.39,Cotton,Flowering,Rabi,Drip,Rainwater,14.99,Yes,65.22,Central,Medium,Medium,110.0,Medium
Clay,7.14,40.22,0.47,0.24,27.69,44.52,748.54,4.32,7.59,Cotton,Sowing,Zaid,Canal,River,13.73,Yes,4.39,North,Low,Low,60.0,Low
Silt,7.4,58.15,0.44,0.62,40.21,33.15,2284.11,8.14,13.29,Maize,Flowering,Rabi,Rainfed,Rainwater,8.79,Yes,40.52,South,Medium,Medium,65.44,Medium
Sandy,5.07,23.83,1.6,1.12,31.27,59.81,289.32,7.49,1.94,Sugarcane,Flowering,Kharif,Canal,River,14.44,No,21.44,North,High,Medium,110.0,High
Clay,7.99,39.47,1.18,0.48,22.55,30.47,1431.88,4.87,7.39,Cotton,Flowering,Kharif,Drip,Groundwater,6.74,Yes,17.95,South,Low,Low,60.0,Low
Sandy,5.24,32.7,0.44,2.31,39.87,29.77,1460.97,6.89,9.85,Potato,Flowering,Kharif,Drip,River,9.75,No,28.79,East,Medium,Medium,110.0,Medium
Sandy,5.46,64.01,0.98,3.07,38.53,55.45,1457.78,5.01,5.0,Potato,Vegetative,Zaid,Rainfed,Rainwater,8.41,Yes,61.7,South,Low,Low,50.54,Low
Clay,6.99,26.43,1.02,1.66,33.4,72.98,719.68,6.62,11.94,Maize,Sowing,Rabi,Rainfed,Reservoir,6.87,Yes,102.01,Central,Low,Low,38.26,Low
Clay,8.04,31.94,0.65,0.56,24.62,88.14,656.14,9.9,10.61,Sugarcane,Vegetative,Zaid,Rainfed,Groundwater,1.34,No,82.23,North,Medium,Medium,72.57,Medium
Sandy,6.03,21.19,0.7,1.3,25.15,52.75,829.79,4.02,13.53,Cotton,Sowing,Rabi,Rainfed,Groundwater,14.27,Yes,70.39,Central,Low,Low,60.0,Low
Sandy,5.84,34.93,0.78,0.5,36.56,47.12,1464.73,9.57,19.11,Maize,Sowing,Zaid,Canal,Rainwater,3.94,Yes,68.18,East,Low,Low,60.0,Low
Loamy,4.84,45.59,1.07,3.44,17.77,34.59,1543.17,10.28,11.88,Sugarcane,Harvest,Zaid,Rainfed,Groundwater,10.58,Yes,114.17,East,Low,Low,23.49,Low
Sandy,5.31,22.24,1.46,1.99,25.37,53.12,775.97,9.23,14.17,Maize,Vegetative,Kharif,Rainfed,Reservoir,4.92,Yes,65.46,North,Medium,Medium,110.0,Medium
Clay,6.66,26.61,0.72,3.18,21.17,47.49,910.7,6.06,10.37,Wheat,Flowering,Zaid,Sprinkler,Rainwater,7.36,No,1.56,East,Medium,Medium,82.31,Medium
Sandy,5.34,37.97,1.46,1.22,37.36,67.48,464.28,5.24,9.79,Potato,Flowering,Zaid,Sprinkler,Rainwater,3.24,No,55.68,Central,Medium,Medium,110.0,Medium
Sandy,6.78,16.41,0.92,3.26,33.41,76.2,2275.27,9.86,0.88,Maize,Harvest,Kharif,Sprinkler,Rainwater,2.18,Yes,84.45,Central,Low,Low,17.05,Low
Loamy,6.71,45.69,1.09,2.65,25.23,70.15,1609.7,4.93,16.86,Rice,Vegetative,Rabi,Drip,River,13.5,No,90.86,East,Medium,Medium,68.84,Medium
Loamy,7.77,33.87,0.86,1.21,25.88,77.41,2368.01,7.55,15.78,Rice,Harvest,Kharif,Sprinkler,Rainwater,11.47,No,80.39,North,Low,Low,23.99,Low
Clay,5.18,56.79,0.73,2.87,30.81,83.57,48.09,6.75,11.56,Sugarcane,Flowering,Zaid,Drip,Groundwater,3.07,Yes,71.59,Central,Medium,Medium,110.0,Medium
Clay,5.27,42.55,0.49,2.21,12.32,57.97,1022.15,8.32,8.57,Potato,Harvest,Rabi,Drip,River,14.98,No,95.48,North,Low,Low,18.65,Low
Loamy,7.12,44.33,1.56,1.08,31.5,64.83,2397.01,4.03,3.05,Sugarcane,Harvest,Kharif,Rainfed,Reservoir,11.11,Yes,118.17,East,Low,Low,15.01,Low
Loamy,6.2,25.9,1.14,2.55,39.37,43.75,1476.03,5.8,2.72,Wheat,Vegetative,Rabi,Sprinkler,Groundwater,10.7,Yes,51.57,West,Low,Low,48.95,Low
Silt,5.85,30.56,0.93,2.84,35.16,81.17,743.8,4.83,0.73,Potato,Vegetative,Zaid,Rainfed,River,2.43,Yes,33.48,South,Low,Low,40.68,Low
Sandy,5.07,30.85,0.81,1.58,31.46,30.8,395.05,8.1,18.97,Potato,Flowering,Kharif,Drip,Rainwater,4.39,Yes,59.37,South,Medium,Medium,110.0,Medium
Sandy,5.5,8.57,0.9,1.5,13.15,83.62,1918.59,9.17,1.96,Wheat,Flowering,Rabi,Rainfed,Groundwater,1.32,Yes,87.0,North,Medium,Medium,48.3,Medium
Loamy,6.84,12.17,0.58,0.76,32.48,31.75,83.15,9.81,4.66,Rice,Vegetative,Rabi,Sprinkler,Rainwater,13.58,No,48.64,West,High,High,180.0,High
Silt,5.37,48.45,1.02,1.55,33.87,72.86,1791.82,10.83,15.79,Rice,Vegetative,Zaid,Rainfed,Rainwater,0.67,No,94.81,West,Medium,Medium,77.98,Medium
Silt,5.95,59.45,0.63,1.23,12.74,25.2,633.53,7.36,19.11,Maize,Flowering,Kharif,Canal,Reservoir,13.51,No,61.46,West,Medium,Medium,70.74,Medium
Silt,7.57,11.44,0.73,0.22,29.25,46.77,1979.11,8.23,18.21,Rice,Harvest,Zaid,Canal,River,0.88,Yes,48.67,East,Low,Low,30.16,Low
Clay,6.31,50.82,0.75,1.77,21.06,54.83,347.96,9.49,15.15,Wheat,Vegetative,Rabi,Canal,Rainwater,6.45,No,54.25,East,Medium,Medium,68.88,Medium
Sandy,6.99,9.25,0.55,0.23,21.92,34.76,1306.52,10.48,2.66,Cotton,Flowering,Rabi,Canal,River,9.4,Yes,54.5,South,Medium,Medium,78.86,Medium
Silt,6.17,35.36,0.8,1.55,15.0,64.76,2319.16,8.8,2.41,Maize,Flowering,Rabi,Rainfed,Groundwater,10.78,Yes,25.35,North,Low,Low,44.9,Low
Loamy,6.94,45.13,1.57,3.18,25.46,91.35,1057.09,10.93,13.76,Cotton,Vegetative,Zaid,Drip,Rainwater,11.85,Yes,37.04,East,Low,Low,27.12,Low
Clay,7.64,50.97,1.14,0.9,20.44,29.19,732.5,4.22,13.5,Sugarcane,Vegetative,Zaid,Canal,Reservoir,0.31,No,93.99,North,Medium,Medium,110.0,Medium
Loamy,6.25,28.08,1.58,3.4,22.17,73.69,1467.62,8.02,14.29,Rice,Harvest,Rabi,Drip,Groundwater,13.67,No,109.92,South,Low,Low,21.22,Low
Silt,7.71,31.51,0.92,2.05,20.84,35.99,1958.37,7.6,2.99,Cotton,Vegetative,Zaid,Canal,Groundwater,9.31,No,59.33,Central,Low,Low,37.43,Low
Loamy,6.26,26.01,0.83,2.52,20.52,87.61,2178.79,7.31,14.98,Rice,Flowering,Zaid,Drip,Groundwater,13.76,No,31.71,South,Medium,Medium,84.49,Medium
Clay,4.8,56.1,0.88,0.61,38.08,28.58,319.78,7.02,15.46,Sugarcane,Sowing,Kharif,Sprinkler,River,5.09,Yes,77.07,East,Low,Low,60.0,Low
Silt,7.86,12.59,1.45,2.62,35.92,92.95,2044.82,7.38,13.21,Maize,Harvest,Zaid,Canal,Rainwater,2.07,No,105.33,North,Medium,Medium,45.0,Medium
Clay,7.61,19.87,0.47,2.76,24.03,49.3,1483.96,10.25,7.99,Rice,Harvest,Kharif,Canal,Rainwater,7.4,Yes,24.76,East,Low,Low,34.0,Low
Sandy,7.34,30.39,1.18,2.14,36.4,29.74,245.32,5.15,7.06,Cotton,Flowering,Rabi,Drip,Reservoir,12.01,No,81.16,West,Medium,Medium,110.0,Medium
Loamy,6.49,48.06,0.35,3.06,41.23,54.81,1598.96,10.54,15.16,Rice,Sowing,Zaid,Canal,Rainwater,7.0,Yes,88.43,Central,Low,Low,60.0,Low
Silt,5.43,25.63,0.78,3.36,28.43,56.52,1663.59,8.23,12.88,Maize,Sowing,Rabi,Canal,River,13.35,Yes,32.43,South,Low,Low,50.22,Low
Silt,5.95,49.91,1.33,0.81,20.4,46.59,1745.9,10.19,8.16,Wheat,Flowering,Rabi,Drip,Groundwater,1.36,No,48.83,Central,Low,Low,41.89,Low
Clay,6.53,17.76,1.05,2.78,40.69,34.27,875.29,10.35,5.26,Cotton,Vegetative,Kharif,Canal,Groundwater,10.49,No,109.25,South,Medium,Medium,108.48,Medium
Silt,6.51,11.28,1.29,2.45,19.29,68.25,365.12,9.1,4.89,Potato,Sowing,Kharif,Drip,River,7.11,Yes,56.85,Central,Low,Low,60.0,Low
Loamy,4.99,59.23,1.11,2.13,21.72,64.57,1188.43,10.27,15.24,Maize,Sowing,Kharif,Drip,Reservoir,10.63,Yes,11.28,West,Low,Low,44.32,Low
Loamy,6.64,31.08,0.81,0.47,36.15,79.33,1671.27,6.16,1.79,Sugarcane,Flowering,Zaid,Drip,Reservoir,11.63,Yes,66.39,North,Low,Low,36.28,Low
Sandy,6.95,26.53,0.72,1.85,21.75,63.66,2178.81,9.28,9.24,Potato,Flowering,Rabi,Canal,River,5.02,No,30.43,South,Low,Low,21.86,Low
Loamy,6.08,40.76,0.98,0.6,27.09,29.88,1310.25,9.06,15.68,Wheat,Sowing,Kharif,Rainfed,River,13.43,Yes,117.57,East,Low,Low,46.91,Low
Clay,8.13,8.91,1.48,1.17,33.32,85.23,1995.11,4.09,6.77,Sugarcane,Harvest,Kharif,Sprinkler,Groundwater,1.27,Yes,116.86,West,Low,Low,27.72,Low
Sandy,6.38,21.81,0.84,0.94,35.72,46.53,2458.89,5.39,18.76,Rice,Sowing,Rabi,Drip,River,6.02,Yes,95.77,East,Medium,Medium,110.0,Medium
Silt,5.18,54.62,1.41,1.72,22.05,26.98,538.76,9.88,4.37,Maize,Sowing,Kharif,Sprinkler,Groundwater,13.26,Yes,33.1,South,Low,Low,30.34,Low
Clay,7.16,9.0,0.5,2.37,20.59,92.95,1328.28,7.31,9.42,Rice,Harvest,Rabi,Rainfed,Rainwater,9.77,Yes,90.53,South,Low,Low,35.61,Low
Loamy,5.84,38.23,1.32,3.2,37.19,73.08,2434.91,6.11,7.37,Sugarcane,Sowing,Zaid,Sprinkler,Reservoir,4.17,Yes,25.05,Central,Low,Low,34.3,Low
Sandy,7.49,31.6,0.46,3.27,12.29,42.59,2363.26,8.52,7.43,Sugarcane,Vegetative,Kharif,Canal,Reservoir,6.2,No,114.25,North,Low,Low,28.81,Low
Silt,5.97,21.15,1.04,2.7,32.08,26.24,2147.87,9.49,17.61,Wheat,Flowering,Rabi,Canal,River,2.73,Yes,62.78,Central,Medium,Medium,61.67,Medium
Loamy,7.36,24.06,0.96,1.49,32.32,92.28,1316.04,5.64,18.81,Wheat,Vegetative,Kharif,Sprinkler,Groundwater,13.03,Yes,117.47,Central,Medium,Medium,74.72,Medium
Silt,6.52,26.59,0.96,0.36,20.81,33.12,2253.77,9.15,4.96,Sugarcane,Flowering,Kharif,Drip,Groundwater,14.08,Yes,32.83,North,Low,Low,52.24,Low
Sandy,8.19,60.87,0.81,0.97,30.14,94.51,1352.21,7.89,4.17,Rice,Sowing,Rabi,Sprinkler,River,1.15,No,29.29,West,Low,Low,35.4,Low
Sandy,6.51,13.02,0.53,1.07,21.93,47.66,395.02,9.48,13.13,Sugarcane,Vegetative,Kharif,Canal,Groundwater,8.81,No,75.91,South,Medium,Medium,110.0,Medium
Silt,5.02,39.85,0.69,1.73,37.37,28.74,1044.93,5.39,7.85,Sugarcane,Flowering,Rabi,Canal,Groundwater,13.92,No,15.51,North,Medium,Medium,110.0,Medium
Silt,5.52,29.35,1.22,3.23,40.12,26.96,264.47,4.9,4.91,Maize,Sowing,Kharif,Sprinkler,River,14.72,Yes,79.22,West,Low,Low,60.0,Low
Silt,8.1,51.71,0.71,0.55,26.7,40.7,272.74,4.76,5.7,Rice,Sowing,Kharif,Canal,River,5.11,No,60.3,East,Low,Low,60.0,Low
Loamy,5.52,31.15,1.4,1.64,38.56,61.3,74.26,4.42,3.26,Cotton,Flowering,Kharif,Canal,Groundwater,11.54,No,22.21,North,Medium,Medium,110.0,Medium
Clay,7.03,46.93,0.79,0.32,38.15,86.87,1878.89,9.91,5.1,Cotton,Sowing,Zaid,Drip,River,7.21,No,95.95,West,Low,Low,26.82,Low
Silt,4.9,31.4,1.03,0.98,33.57,60.81,2003.96,6.41,19.76,Wheat,Sowing,Rabi,Rainfed,Groundwater,2.06,No,85.93,South,Low,Low,29.44,Low
Silt,7.51,8.08,0.83,2.45,25.06,25.27,691.29,6.35,9.29,Potato,Flowering,Kharif,Canal,Reservoir,9.74,No,4.13,Central,Medium,Medium,110.0,Medium
Sandy,5.05,55.76,0.58,2.3,39.27,29.98,2134.38,7.65,11.38,Cotton,Flowering,Zaid,Rainfed,River,4.19,Yes,7.56,West,Medium,Medium,95.98,Medium
Loamy,5.89,30.54,0.56,2.65,35.97,46.57,2181.37,5.34,9.92,Maize,Vegetative,Kharif,Drip,Groundwater,0.34,Yes,41.06,Central,Low,Low,41.01,Low
Sandy,7.13,32.04,1.39,0.71,40.92,63.53,939.98,7.95,3.58,Potato,Harvest,Rabi,Drip,Rainwater,9.36,Yes,104.34,West,Low,Low,26.04,Low
Sandy,5.78,45.7,1.53,3.33,26.14,82.22,1182.68,9.0,2.95,Maize,Sowing,Zaid,Drip,Rainwater,8.53,Yes,3.74,West,Low,Low,44.81,Low
Clay,4.88,42.58,0.9,1.81,36.85,34.85,2159.87,5.1,7.09,Wheat,Sowing,Kharif,Sprinkler,Groundwater,9.97,Yes,94.06,South,Low,Low,31.45,Low
Loamy,4.86,16.27,0.5,0.47,30.06,39.78,1386.58,4.03,9.68,Cotton,Flowering,Kharif,Drip,Groundwater,1.16,No,18.57,North,Medium,Medium,110.0,Medium
Clay,6.42,23.48,0.6,1.99,28.61,74.42,314.72,7.7,5.95,Potato,Harvest,Zaid,Drip,River,4.09,Yes,12.55,South,Low,Low,48.04,Low
Silt,6.01,55.9,0.81,2.32,38.24,86.71,821.79,7.91,14.51,Cotton,Flowering,Kharif,Rainfed,Rainwater,7.45,No,85.71,South,Medium,Medium,99.41,Medium
Silt,5.95,13.52,1.56,2.07,30.73,55.1,940.15,8.54,1.87,Wheat,Harvest,Rabi,Canal,River,9.66,No,103.35,Central,Medium,Medium,54.18,Medium
Sandy,4.95,32.55,0.73,2.9,37.21,68.3,437.16,8.1,11.96,Rice,Harvest,Kharif,Canal,Groundwater,11.03,Yes,44.97,North,Low,Low,60.0,Low
Loamy,6.32,45.18,1.1,0.37,23.0,58.92,592.12,7.68,15.61,Rice,Sowing,Rabi,Drip,Rainwater,11.16,No,23.07,South,Low,Low,60.0,Low
Silt,7.45,60.12,0.84,1.39,39.2,52.53,2259.09,10.88,5.52,Potato,Flowering,Zaid,Sprinkler,Reservoir,10.27,No,7.3,South,Medium,Medium,67.01,Medium
Silt,6.41,49.74,0.44,2.62,12.96,35.93,612.63,5.24,4.92,Wheat,Harvest,Zaid,Drip,Reservoir,6.12,No,34.77,North,Low,Low,15.92,Low
Sandy,6.47,43.52,1.5,2.22,19.14,72.06,2361.46,6.22,14.34,Cotton,Sowing,Zaid,Canal,Rainwater,3.85,Yes,86.65,East,Low,Low,33.22,Low
Silt,7.84,41.89,1.57,3.4,41.63,31.06,986.86,4.61,9.25,Cotton,Flowering,Kharif,Canal,Reservoir,10.79,Yes,101.84,Central,Low,Low,60.0,Low
Clay,5.31,30.58,0.38,1.58,40.03,93.38,1585.43,7.36,6.03,Maize,Sowing,Rabi,Drip,River,14.02,Yes,17.29,Central,Low,Low,33.93,Low
Clay,5.45,41.83,0.72,2.76,12.88,40.06,394.77,6.79,11.69,Potato,Vegetative,Kharif,Sprinkler,Rainwater,3.02,Yes,17.74,North,Low,Low,60.0,Low
Loamy,6.68,42.97,0.31,1.6,31.82,56.74,696.27,9.64,4.19,Cotton,Vegetative,Kharif,Rainfed,Groundwater,2.99,No,35.77,North,Medium,Medium,110.0,Medium
Loamy,5.63,51.14,1.24,0.1,12.07,79.3,1003.97,4.28,16.28,Potato,Flowering,Rabi,Sprinkler,River,2.96,No,66.97,West,Medium,Medium,61.5,Medium
Clay,8.16,11.07,0.41,0.49,35.4,67.86,1784.74,10.84,7.97,Sugarcane,Flowering,Rabi,Drip,Rainwater,6.83,Yes,65.27,Central,Medium,Medium,105.31,Medium
Sandy,7.69,63.37,1.53,1.18,33.52,90.9,1325.61,7.58,9.65,Cotton,Flowering,Zaid,Drip,Rainwater,7.71,No,118.48,West,Medium,Medium,49.54,Medium
Loamy,7.36,63.87,0.96,3.43,31.41,81.48,1073.1,8.18,7.04,Rice,Harvest,Kharif,Rainfed,River,7.16,No,68.02,South,Low,Low,24.48,Low
Clay,6.95,32.28,1.12,0.37,20.86,57.1,1230.3,6.47,1.59,Potato,Flowering,Kharif,Sprinkler,Rainwater,8.2,No,85.52,West,Low,Low,29.35,Low
Silt,7.88,55.49,0.97,1.95,36.66,82.08,1789.63,10.87,17.47,Cotton,Flowering,Kharif,Drip,River,14.96,No,81.6,West,Medium,Medium,67.57,Medium
Sandy,5.44,31.08,0.85,1.49,28.51,71.63,1630.78,4.56,17.29,Sugarcane,Sowing,Zaid,Drip,River,6.07,Yes,3.32,East,Low,Low,51.75,Low
Silt,7.62,42.51,0.94,2.39,18.59,94.9,1239.63,10.52,4.84,Cotton,Harvest,Kharif,Canal,Rainwater,7.33,No,79.04,East,Low,Low,22.25,Low
Clay,7.77,30.25,1.12,2.7,15.15,61.07,2265.68,7.01,9.18,Rice,Sowing,Zaid,Sprinkler,Rainwater,6.91,Yes,92.09,Central,Low,Low,32.81,Low
Silt,7.64,9.15,1.03,2.17,23.84,29.23,1951.97,7.92,7.87,Cotton,Vegetative,Rabi,Drip,River,2.72,No,35.12,East,Medium,Medium,90.6,Medium
Sandy,5.16,17.02,0.33,1.9,23.36,43.78,2410.6,10.79,18.73,Maize,Sowing,Kharif,Rainfed,River,8.66,Yes,27.3,North,Low,Low,26.61,Low
Clay,5.07,10.23,0.59,0.55,27.75,65.33,1098.84,6.33,3.39,Cotton,Vegetative,Rabi,Canal,Rainwater,13.18,Yes,72.55,North,Medium,Medium,110.0,Medium
Clay,5.64,47.93,0.93,0.52,26.74,66.69,1189.59,5.83,15.18,Cotton,Flowering,Rabi,Drip,Rainwater,3.66,Yes,106.36,West,Low,Low,27.51,Low
Silt,6.23,39.23,1.58,1.52,16.45,49.59,1458.58,5.84,13.29,Rice,Harvest,Zaid,Drip,River,1.85,Yes,39.45,South,Low,Low,28.38,Low
Sandy,7.77,10.59,0.97,1.8,18.21,86.42,2167.13,4.53,1.8,Rice,Harvest,Rabi,Sprinkler,Reservoir,5.13,Yes,12.09,Central,Low,Low,29.37,Low
Silt,6.35,12.82,0.89,0.67,27.04,49.32,1023.91,9.72,14.79,Sugarcane,Sowing,Rabi,Sprinkler,Groundwater,4.84,Yes,102.28,Central,Low,Low,49.13,Low
Loamy,4.84,9.0,1.49,0.56,26.87,77.76,1402.0,4.13,2.14,Sugarcane,Vegetative,Rabi,Drip,Rainwater,7.3,Yes,63.93,South,Medium,Medium,98.22,Medium
Sandy,7.77,15.55,1.22,2.37,20.29,70.49,509.27,4.22,10.66,Rice,Sowing,Rabi,Rainfed,River,9.76,Yes,79.5,Central,Low,Low,60.0,Low
Loamy,5.85,8.96,0.73,1.44,35.46,34.82,702.67,6.6,9.35,Sugarcane,Harvest,Rabi,Canal,Rainwater,3.15,Yes,13.68,Central,Low,Low,60.0,Low
Loamy,4.94,22.01,0.49,1.81,38.96,79.32,1665.17,4.47,17.35,Wheat,Flowering,Kharif,Rainfed,Reservoir,10.52,Yes,48.77,South,Medium,Medium,77.69,Medium
Silt,7.43,25.14,1.44,1.98,40.71,86.16,741.84,5.95,11.18,Potato,Harvest,Kharif,Sprinkler,Groundwater,3.31,Yes,58.41,Central,Low,Low,35.26,Low
Silt,4.85,42.74,0.43,0.82,29.37,45.06,1924.42,9.7,13.0,Wheat,Vegetative,Rabi,Rainfed,Rainwater,13.57,Yes,22.02,West,Low,Low,31.81,Low
Clay,6.69,53.01,1.21,1.49,41.79,65.93,2078.62,5.71,1.92,Cotton,Flowering,Zaid,Drip,River,10.76,No,4.84,South,Medium,Medium,62.32,Medium
Sandy,5.43,45.57,1.15,0.77,21.1,57.95,2011.85,10.67,19.22,Cotton,Flowering,Kharif,Canal,Groundwater,7.87,Yes,14.99,East,Low,Low,28.88,Low
Clay,5.86,47.34,1.19,2.69,27.7,45.84,153.35,10.15,14.22,Sugarcane,Vegetative,Rabi,Sprinkler,Rainwater,9.11,No,22.57,West,Medium,Medium,110.0,Medium
Clay,6.54,39.86,0.92,1.8,35.62,75.68,726.97,4.02,14.67,Cotton,Harvest,Rabi,Sprinkler,Rainwater,6.84,Yes,27.35,Central,Low,Low,41.48,Low
Silt,6.12,59.99,0.53,0.16,38.57,27.63,1693.39,10.34,1.76,Sugarcane,Flowering,Kharif,Rainfed,Rainwater,1.56,Yes,107.96,East,Low,Low,56.31,Low
Loamy,7.42,25.4,1.31,0.15,19.55,71.34,2340.66,5.12,1.67,Cotton,Vegetative,Rabi,Rainfed,Rainwater,3.91,Yes,57.42,South,Low,Low,25.59,Low
Sandy,7.65,51.36,0.47,1.01,17.69,69.87,1973.36,5.42,0.75,Sugarcane,Sowing,Zaid,Rainfed,Rainwater,11.22,No,22.32,Central,Low,Low,32.09,Low
Silt,4.97,26.86,1.12,1.66,14.03,59.78,2214.67,9.45,6.95,Sugarcane,Harvest,Rabi,Sprinkler,River,7.92,Yes,15.33,East,Low,Low,34.09,Low
Loamy,6.48,49.02,0.8,0.72,33.22,46.3,1367.03,9.18,3.21,Sugarcane,Sowing,Kharif,Drip,Rainwater,3.55,Yes,69.74,East,Low,Low,37.95,Low
Silt,7.95,48.72,1.51,0.16,20.64,79.92,2261.97,5.18,17.53,Sugarcane,Harvest,Rabi,Sprinkler,Reservoir,12.0,No,33.61,West,Low,Low,20.78,Low
Silt,7.32,46.32,0.53,0.96,25.53,27.86,2053.32,7.72,14.0,Maize,Flowering,Rabi,Rainfed,Rainwater,7.15,Yes,89.77,South,Low,Low,38.73,Low
Sandy,6.51,10.29,0.68,1.74,21.41,84.1,1610.87,9.87,8.98,Wheat,Flowering,Rabi,Canal,Rainwater,9.23,Yes,57.9,North,Medium,Medium,64.02,Medium
Clay,7.12,9.17,1.1,3.42,16.71,81.75,1525.33,5.84,12.46,Maize,Vegetative,Zaid,Sprinkler,River,14.4,Yes,45.24,North,Medium,Medium,45.0,Medium
Sandy,5.43,19.97,1.37,2.61,33.96,77.48,1194.47,5.64,19.86,Wheat,Sowing,Zaid,Sprinkler,Rainwater,14.47,No,78.46,Central,Medium,Medium,105.86,Medium
Loamy,6.09,32.79,0.96,2.99,39.01,39.88,1546.45,9.04,15.47,Rice,Harvest,Kharif,Canal,Groundwater,12.18,No,71.57,East,Low,Low,44.36,Low
Clay,6.86,61.6,1.2,2.29,28.95,77.47,1330.05,4.55,15.12,Maize,Flowering,Rabi,Sprinkler,Groundwater,12.83,Yes,108.96,North,Low,Low,34.14,Low
Sandy,6.65,12.35,0.34,1.23,31.33,36.31,562.25,5.63,0.76,Wheat,Flowering,Rabi,Canal,Rainwater,13.4,No,42.45,West,Medium,Medium,110.0,Medium
Loamy,4.91,15.9,0.55,3.05,32.33,34.09,2071.47,5.71,10.68,Sugarcane,Harvest,Zaid,Sprinkler,Rainwater,11.27,No,118.59,South,Medium,Medium,83.72,Medium
Sandy,5.81,55.15,0.73,2.72,39.88,52.65,1101.16,8.16,7.57,Cotton,Sowing,Rabi,Canal,River,3.87,Yes,94.19,North,Low,Low,55.49,Low
Clay,7.2,15.91,1.59,0.65,24.35,74.69,1943.15,10.42,3.55,Sugarcane,Vegetative,Rabi,Drip,River,0.68,Yes,25.51,West,Medium,Medium,66.23,Medium
Clay,7.41,40.97,0.72,0.97,38.11,55.08,100.2,6.05,9.65,Rice,Harvest,Zaid,Drip,Groundwater,11.85,Yes,49.92,Central,Low,Low,51.51,Low
Silt,5.17,39.49,1.39,0.47,29.91,28.57,1970.87,10.69,19.64,Maize,Sowing,Zaid,Drip,Groundwater,7.14,Yes,78.3,East,Low,Low,42.71,Low
Clay,7.77,64.02,1.11,1.7,13.99,87.17,1080.2,6.12,1.8,Wheat,Vegetative,Kharif,Sprinkler,Rainwater,13.32,Yes,104.47,East,Low,Low,18.6,Low
Clay,7.58,11.79,0.87,1.73,15.21,31.96,1297.22,9.1,14.26,Wheat,Vegetative,Zaid,Sprinkler,Rainwater,2.07,Yes,109.76,West,Medium,Medium,94.96,Medium
Silt,6.13,9.24,1.47,2.09,27.91,88.08,1655.19,9.16,13.75,Rice,Vegetative,Rabi,Rainfed,Groundwater,5.22,No,16.39,North,Medium,Medium,110.0,Medium
Sandy,5.38,23.74,1.32,2.42,12.74,73.7,2359.89,7.79,16.22,Potato,Sowing,Zaid,Sprinkler,River,12.63,Yes,38.11,Central,Low,Low,43.82,Low
Sandy,5.83,41.99,0.48,3.08,24.83,69.83,1072.85,5.17,12.66,Rice,Sowing,Zaid,Rainfed,Reservoir,4.79,Yes,25.85,Central,Low,Low,40.12,Low
Loamy,4.99,9.49,1.58,2.85,16.98,86.08,2432.61,10.81,0.57,Maize,Sowing,Rabi,Canal,Rainwater,9.58,No,70.32,Central,Low,Low,20.63,Low
Silt,7.22,32.83,0.31,2.54,26.85,88.38,2053.9,5.92,3.03,Rice,Sowing,Kharif,Sprinkler,Groundwater,12.07,Yes,72.27,North,Low,Low,55.65,Low
Silt,5.24,30.51,0.44,3.24,14.12,67.98,995.29,4.96,15.94,Maize,Flowering,Rabi,Drip,Reservoir,1.25,Yes,52.61,North,Low,Low,58.29,Low
Silt,6.96,53.46,0.77,0.52,33.23,64.39,201.51,6.25,3.88,Maize,Sowing,Kharif,Drip,Groundwater,14.48,No,21.45,North,Medium,Medium,79.3,Medium
Loamy,5.41,60.46,0.91,2.98,18.52,74.49,1355.99,8.73,13.17,Rice,Vegetative,Rabi,Canal,Groundwater,13.51,Yes,108.78,Central,Low,Low,43.7,Low
Loamy,6.69,26.04,1.18,1.32,33.01,58.26,1583.04,4.71,17.0,Rice,Vegetative,Kharif,Rainfed,River,8.6,No,44.37,South,Medium,Medium,110.0,Medium
Sandy,6.18,51.51,0.53,2.23,17.75,32.82,2174.32,4.93,15.17,Sugarcane,Vegetative,Zaid,Sprinkler,Rainwater,5.92,No,93.91,South,Medium,Medium,74.4,Medium
Clay,5.46,56.52,0.93,1.73,40.44,59.59,1624.08,10.46,16.0,Cotton,Flowering,Rabi,Drip,Rainwater,3.4,Yes,12.24,South,Medium,Medium,88.47,Medium
Silt,7.41,20.96,1.15,2.81,15.23,65.33,158.51,6.42,10.54,Cotton,Harvest,Zaid,Drip,Groundwater,6.35,No,115.26,West,Medium,Medium,52.71,Medium
Loamy,5.42,30.61,0.98,2.8,35.35,76.97,1613.75,8.8,16.53,Potato,Harvest,Kharif,Rainfed,Rainwater,8.88,Yes,10.23,West,Low,Low,15.0,Low
Silt,4.87,48.26,0.57,0.73,25.15,82.56,866.96,5.19,17.66,Rice,Sowing,Kharif,Drip,Reservoir,14.22,No,115.93,East,Low,Low,43.84,Low
Loamy,6.04,40.86,0.6,1.03,33.28,65.44,1388.62,5.47,14.65,Maize,Sowing,Rabi,Canal,Rainwater,8.69,Yes,33.0,South,Low,Low,46.99,Low
Clay,6.23,38.98,1.56,0.7,16.49,31.52,1171.47,8.88,8.06,Maize,Sowing,Zaid,Canal,Groundwater,8.68,No,100.36,Central,Low,Low,23.61,Low
Loamy,6.61,57.21,1.49,2.59,26.88,50.23,1.64,8.04,12.55,Wheat,Flowering,Rabi,Rainfed,River,5.64,Yes,21.08,South,Medium,Medium,103.12,Medium
Clay,6.98,31.88,0.5,0.11,18.53,38.52,1027.46,4.19,18.85,Cotton,Vegetative,Kharif,Sprinkler,Groundwater,11.66,No,86.52,North,Medium,Medium,74.08,Medium
Silt,7.47,18.84,0.81,1.62,37.73,70.11,2295.88,5.5,1.36,Sugarcane,Sowing,Kharif,Canal,Reservoir,13.41,Yes,106.5,Central,Low,Low,56.21,Low
Loamy,5.61,43.95,1.1,2.32,26.37,30.41,1942.41,10.37,17.83,Cotton,Sowing,Zaid,Canal,River,4.19,Yes,75.15,North,Low,Low,48.38,Low
Sandy,5.67,20.08,1.24,1.08,35.77,34.29,1751.92,4.42,7.93,Maize,Harvest,Rabi,Rainfed,Rainwater,5.17,No,21.41,East,Medium,Medium,45.43,Medium
Loamy,5.12,41.7,0.81,0.16,17.39,72.76,83.61,5.75,5.45,Wheat,Vegetative,Zaid,Drip,Reservoir,11.78,No,23.17,Central,Medium,Medium,68.62,Medium
Sandy,5.07,45.62,0.9,3.32,26.48,45.43,1143.59,10.86,14.48,Rice,Vegetative,Zaid,Canal,Reservoir,9.74,No,100.48,Central,Medium,Medium,110.0,Medium
Clay,6.17,57.82,1.15,3.28,19.29,30.87,117.74,8.27,9.7,Rice,Sowing,Rabi,Sprinkler,Rainwater,11.7,Yes,98.18,North,Low,Low,60.0,Low
Sandy,6.89,9.94,1.56,3.18,27.08,70.04,799.96,9.49,17.31,Potato,Flowering,Kharif,Rainfed,Rainwater,9.25,No,82.82,Central,Medium,Medium,110.0,Medium
Sandy,4.93,52.51,1.44,3.03,16.75,35.18,113.17,8.35,16.32,Rice,Vegetative,Zaid,Sprinkler,Rainwater,11.35,Yes,104.48,South,Medium,Medium,110.0,Medium
Sandy,6.08,14.29,0.49,2.43,12.91,94.05,128.81,8.71,19.85,Wheat,Harvest,Rabi,Sprinkler,Groundwater,6.93,No,17.43,Central,Medium,Medium,45.0,Medium
Silt,6.89,48.22,0.96,3.27,13.31,65.91,2313.39,5.52,10.72,Cotton,Vegetative,Rabi,Canal,Reservoir,5.75,No,61.25,North,Medium,Medium,45.0,Medium
Silt,8.13,16.93,1.58,0.4,32.4,85.11,1292.82,4.36,8.26,Sugarcane,Vegetative,Rabi,Sprinkler,Groundwater,0.55,Yes,20.54,North,Medium,Medium,103.87,Medium
Clay,6.42,38.22,1.37,1.28,22.14,50.91,123.02,7.02,9.94,Sugarcane,Harvest,Rabi,Sprinkler,River,4.09,No,72.61,Central,Low,Medium,77.22,Low
Loamy,6.21,25.63,1.39,1.04,35.56,48.1,611.1,5.71,8.69,Rice,Harvest,Kharif,Drip,Rainwater,13.96,No,58.55,South,Low,Low,60.0,Low
Clay,6.72,47.4,1.28,0.49,23.34,31.66,2422.87,7.32,17.34,Sugarcane,Vegetative,Kharif,Canal,Reservoir,14.31,No,72.49,Central,Medium,Medium,67.82,Medium
Sandy,6.62,49.82,0.7,2.58,26.22,28.3,1815.11,4.11,6.46,Sugarcane,Vegetative,Zaid,Rainfed,River,11.34,No,11.56,West,Low,Low,45.56,Low
Sandy,5.53,45.42,0.52,3.21,39.63,84.98,1423.78,7.85,17.45,Maize,Sowing,Zaid,Drip,Rainwater,12.78,No,99.91,South,Low,Low,40.54,Low
Sandy,6.24,26.91,1.31,2.06,18.11,77.56,2268.82,5.27,16.47,Rice,Vegetative,Zaid,Sprinkler,River,6.0,Yes,27.88,West,Low,Low,21.19,Low
Loamy,4.85,21.61,0.4,3.35,40.88,41.74,1416.22,6.06,13.93,Maize,Sowing,Rabi,Drip,Reservoir,7.49,Yes,30.76,Central,Medium,Medium,110.0,Medium
Sandy,7.15,38.99,1.48,0.43,33.07,93.77,1073.93,6.67,18.01,Wheat,Flowering,Zaid,Sprinkler,Rainwater,14.51,No,113.41,West,Medium,Medium,58.43,Medium
Clay,6.41,61.52,1.53,1.75,40.7,32.34,1211.67,9.19,4.46,Maize,Vegetative,Kharif,Canal,Rainwater,3.26,Yes,109.25,East,Low,Low,50.41,Low
Sandy,5.49,34.67,1.19,1.7,34.98,56.02,793.12,6.05,5.43,Maize,Sowing,Rabi,Drip,Groundwater,12.3,No,115.84,East,Low,Low,39.07,Low
Loamy,6.05,57.39,1.39,2.22,24.53,46.25,1476.46,4.59,7.5,Rice,Harvest,Zaid,Rainfed,River,1.01,No,36.0,Central,Low,Low,26.22,Low
Sandy,6.25,52.04,1.04,1.82,19.68,60.0,394.23,6.18,1.0,Maize,Harvest,Rabi,Canal,Rainwater,12.53,Yes,7.9,West,Low,Low,18.98,Low
Silt,8.11,38.18,1.16,3.13,12.26,50.96,2119.11,5.02,11.22,Sugarcane,Harvest,Kharif,Canal,Groundwater,11.39,No,105.8,Central,Low,Low,35.14,Low
Loamy,5.93,40.0,0.98,3.13,37.68,43.91,2074.58,9.12,5.3,Potato,Vegetative,Rabi,Sprinkler,Groundwater,8.29,Yes,35.46,West,Low,Low,40.99,Low
Loamy,7.63,41.52,1.04,2.8,27.92,70.42,616.9,8.3,11.3,Sugarcane,Flowering,Rabi,Drip,Reservoir,13.91,Yes,95.3,Central,Low,Low,60.0,Low
Loamy,6.77,41.41,0.97,0.2,34.59,71.58,1939.73,9.93,18.89,Potato,Vegetative,Rabi,Canal,Reservoir,4.21,No,108.48,South,Medium,Medium,48.75,Medium
Loamy,6.42,63.27,1.54,1.16,12.09,34.53,2379.18,5.04,14.69,Wheat,Harvest,Rabi,Canal,Reservoir,14.04,Yes,49.55,North,Low,Low,15.67,Low
Loamy,5.77,14.23,0.62,0.87,29.57,45.7,2393.19,4.27,6.94,Cotton,Sowing,Rabi,Canal,River,12.43,No,89.14,North,Low,Low,34.75,Low
Clay,5.39,8.02,0.56,3.33,24.94,93.93,123.87,4.06,14.53,Rice,Sowing,Zaid,Canal,Reservoir,12.45,No,29.53,West,Medium,Medium,110.0,Medium
Silt,7.35,21.97,1.53,1.82,33.45,34.46,1867.85,5.15,10.82,Maize,Vegetative,Kharif,Canal,Reservoir,3.67,No,27.62,Central,High,High,109.62,High
Clay,5.55,12.1,0.53,2.56,25.81,59.76,1134.1,10.14,10.29,Rice,Harvest,Kharif,Drip,Groundwater,7.43,Yes,52.78,East,Low,Low,31.29,Low
Sandy,5.79,58.71,0.64,0.3,19.19,32.84,1509.44,6.2,14.57,Potato,Vegetative,Rabi,Canal,Rainwater,9.27,Yes,26.67,Central,Low,Low,19.52,Low
Clay,7.49,48.39,0.89,1.61,20.64,54.8,1170.44,7.05,15.4,Cotton,Flowering,Kharif,Sprinkler,Groundwater,0.62,Yes,31.14,East,Low,Low,39.45,Low
Sandy,5.17,32.45,0.39,1.09,21.11,61.36,1469.17,9.89,8.32,Wheat,Vegetative,Kharif,Rainfed,Rainwater,7.87,No,27.43,North,Low,Low,32.27,Low
Clay,6.48,58.77,0.67,0.81,32.88,93.99,589.12,10.87,11.82,Sugarcane,Harvest,Kharif,Drip,Reservoir,14.35,No,91.42,North,Low,Low,17.98,Low
Silt,7.57,62.08,0.64,3.45,34.24,34.01,1764.78,4.33,13.32,Sugarcane,Harvest,Rabi,Sprinkler,River,10.78,No,30.07,Central,Low,Low,25.65,Low
Silt,6.7,15.49,0.97,0.2,14.74,75.66,2222.58,8.22,7.39,Sugarcane,Sowing,Rabi,Sprinkler,River,0.53,No,72.63,North,Low,Low,41.39,Low
Silt,6.29,43.66,0.66,2.99,35.76,77.69,1990.08,10.32,13.95,Cotton,Harvest,Kharif,Canal,Groundwater,10.03,No,20.54,Central,Low,Low,19.96,Low
Loamy,6.75,10.83,0.67,0.39,17.43,47.94,1586.37,7.38,4.02,Sugarcane,Vegetative,Kharif,Drip,Rainwater,9.92,Yes,103.96,South,Medium,Medium,92.45,Medium
Clay,5.0,49.12,0.31,1.73,25.95,88.11,2037.85,7.84,2.31,Cotton,Sowing,Kharif,Drip,River,13.33,No,79.99,Central,Low,Low,25.15,Low
Sandy,6.04,44.73,0.53,0.1,26.61,64.87,1820.91,9.25,16.1,Rice,Harvest,Rabi,Sprinkler,Rainwater,6.82,No,63.29,North,Low,Low,24.49,Low
Silt,5.3,43.92,1.49,2.97,18.42,51.7,2295.74,7.11,19.26,Potato,Harvest,Rabi,Sprinkler,Rainwater,4.84,No,30.23,North,Low,Low,15.0,Low
Clay,5.88,16.97,1.27,1.99,41.97,74.32,1113.56,6.44,5.97,Potato,Flowering,Kharif,Drip,River,10.24,No,84.01,South,Medium,Medium,103.18,Medium
Loamy,4.83,59.11,0.98,2.06,12.96,25.34,1401.81,10.98,4.02,Rice,Sowing,Kharif,Canal,Reservoir,2.16,No,100.84,South,Low,Low,60.0,Low
Loamy,5.85,36.19,0.94,2.0,30.85,37.41,114.15,4.53,0.54,Sugarcane,Sowing,Zaid,Sprinkler,Reservoir,12.14,No,60.15,North,Medium,Medium,110.0,Medium
Loamy,5.17,15.91,0.87,2.64,16.43,89.55,1034.06,4.88,11.74,Maize,Sowing,Kharif,Drip,Reservoir,13.79,Yes,22.04,East,Low,Low,33.41,Low
Sandy,5.02,8.07,0.85,2.3,39.15,85.77,234.81,10.41,8.6,Wheat,Vegetative,Rabi,Canal,Reservoir,3.45,No,62.52,North,High,High,167.68,High
Silt,5.34,57.46,1.43,1.88,22.0,33.72,1798.12,5.28,14.29,Maize,Flowering,Rabi,Rainfed,Reservoir,7.31,Yes,93.45,East,Low,Low,37.39,Low
Clay,6.62,44.47,1.41,0.23,25.24,84.06,28.9,4.84,14.19,Potato,Flowering,Kharif,Drip,River,4.54,Yes,15.64,West,Medium,Medium,102.02,Medium
Silt,5.7,13.31,0.68,2.4,28.98,48.22,850.34,8.88,0.93,Wheat,Vegetative,Rabi,Sprinkler,Groundwater,14.65,Yes,80.65,Central,Medium,Medium,83.06,Medium
Sandy,6.52,16.65,1.01,0.24,15.73,71.48,104.84,7.16,17.25,Potato,Harvest,Rabi,Sprinkler,Rainwater,2.64,No,68.44,South,Medium,Medium,58.43,Medium
Silt,5.87,10.97,0.98,1.09,36.34,34.22,1852.24,7.77,1.09,Maize,Sowing,Rabi,Canal,Rainwater,10.15,No,17.72,West,Medium,Medium,110.0,Medium
Loamy,5.57,62.52,1.09,1.6,25.64,88.24,727.07,9.47,11.95,Wheat,Flowering,Rabi,Sprinkler,Groundwater,4.08,Yes,118.65,North,Low,Low,34.8,Low
Sandy,7.65,58.75,0.33,0.61,34.88,80.37,1294.6,10.97,18.12,Wheat,Flowering,Kharif,Drip,Rainwater,1.98,No,9.19,East,Medium,Medium,47.5,Medium
Silt,7.97,47.05,0.87,0.83,41.83,89.42,2456.59,10.45,10.33,Rice,Sowing,Zaid,Canal,River,13.06,No,112.67,Central,Low,Low,29.69,Low
Loamy,7.25,44.95,1.23,3.44,22.43,31.11,910.63,5.08,17.09,Sugarcane,Sowing,Rabi,Sprinkler,Groundwater,2.59,Yes,68.89,East,Low,Low,42.22,Low
Sandy,7.68,40.23,0.62,3.3,35.6,79.1,833.33,5.17,3.73,Wheat,Vegetative,Zaid,Rainfed,Reservoir,12.54,Yes,118.96,West,Low,Low,47.38,Low
Loamy,6.46,60.36,1.36,3.05,22.64,82.7,2016.15,7.41,18.28,Maize,Harvest,Kharif,Drip,Reservoir,13.76,Yes,88.29,East,Low,Low,15.0,Low
Loamy,6.94,15.19,1.04,1.34,35.05,74.65,767.86,6.91,17.32,Wheat,Harvest,Rabi,Canal,Groundwater,2.07,No,14.36,South,Medium,Medium,50.57,Medium
Clay,7.99,25.22,0.62,0.78,35.31,53.61,1723.03,8.65,13.11,Maize,Vegetative,Zaid,Sprinkler,Rainwater,13.48,Yes,6.88,North,Medium,Medium,95.84,Medium
Sandy,6.63,52.14,0.61,1.53,15.99,86.95,342.74,8.45,13.17,Sugarcane,Sowing,Rabi,Rainfed,Reservoir,1.6,Yes,53.71,North,Low,Low,35.32,Low
Silt,7.68,28.89,1.17,2.38,41.48,47.14,759.03,8.4,9.67,Rice,Vegetative,Zaid,Canal,Reservoir,1.98,No,87.93,North,Medium,Medium,110.0,Medium
Loamy,5.81,34.41,1.31,2.74,21.87,69.09,1062.21,7.27,18.96,Potato,Flowering,Kharif,Rainfed,Rainwater,12.67,Yes,0.65,West,Low,Low,32.76,Low
Sandy,6.08,30.87,0.31,0.51,37.58,85.09,1380.86,7.94,16.83,Cotton,Flowering,Rabi,Rainfed,Rainwater,12.14,Yes,87.35,West,Medium,Medium,66.92,Medium
Loamy,4.9,54.54,0.72,0.1,38.72,82.94,839.04,4.31,4.12,Potato,Vegetative,Kharif,Canal,River,9.29,No,38.01,North,Medium,Medium,77.07,Medium
Loamy,5.35,18.04,1.31,0.13,19.1,35.32,1632.85,4.39,10.01,Maize,Flowering,Kharif,Rainfed,River,0.37,No,70.07,Central,Medium,Medium,97.53,Medium
Loamy,7.88,37.88,1.12,2.56,39.82,43.23,2324.83,8.35,6.08,Potato,Harvest,Kharif,Drip,Reservoir,3.02,No,83.88,East,Low,Low,35.74,Low
Loamy,7.71,11.68,1.18,1.44,21.07,51.29,880.76,9.18,3.76,Wheat,Harvest,Kharif,Sprinkler,Groundwater,3.31,No,114.61,South,Low,Low,38.43,Low
Sandy,4.94,11.2,1.59,0.52,40.44,76.53,1932.64,10.44,1.55,Wheat,Flowering,Zaid,Rainfed,Rainwater,6.09,No,20.62,South,Medium,Medium,79.97,Medium
Sandy,7.07,59.85,0.5,3.0,14.05,77.89,869.41,7.86,15.48,Sugarcane,Vegetative,Zaid,Canal,Rainwater,5.47,No,73.08,North,Medium,Medium,99.54,Medium
Loamy,5.13,34.9,1.15,1.36,20.41,94.38,335.87,4.39,15.59,Wheat,Harvest,Kharif,Rainfed,River,6.4,Yes,54.95,South,Low,Low,16.83,Low
Sandy,8.06,26.45,0.32,1.14,24.17,52.25,421.51,10.09,14.76,Maize,Flowering,Zaid,Sprinkler,Reservoir,0.64,Yes,2.58,South,Low,Low,49.48,Low
Silt,7.6,27.04,1.34,2.26,12.54,70.45,943.92,9.16,15.67,Cotton,Flowering,Rabi,Drip,River,1.53,No,50.8,North,Medium,Medium,110.0,Medium
Silt,4.83,42.49,0.42,1.86,38.46,75.13,2173.52,8.72,7.47,Potato,Vegetative,Kharif,Sprinkler,River,13.61,Yes,1.59,North,Low,Low,20.58,Low
Silt,6.14,29.51,1.16,0.15,28.84,31.06,1568.88,10.22,3.06,Maize,Vegetative,Kharif,Rainfed,Rainwater,14.55,No,111.14,West,Low,Low,24.18,Low
Loamy,6.42,40.13,1.02,0.22,17.19,28.72,1205.25,10.87,4.77,Maize,Harvest,Rabi,Rainfed,Rainwater,12.98,No,75.91,West,Low,Low,16.31,Low
Sandy,5.69,13.97,0.68,2.78,40.72,34.27,1647.53,4.88,15.52,Wheat,Flowering,Kharif,Canal,Reservoir,0.76,Yes,18.52,West,Medium,Medium,71.76,Medium
Clay,6.33,26.7,0.96,0.65,40.64,53.45,143.17,7.98,18.11,Potato,Flowering,Rabi,Sprinkler,River,14.06,No,33.63,Central,High,Medium,110.0,High
Silt,5.87,20.9,0.61,1.28,35.88,84.28,2416.15,8.64,14.75,Sugarcane,Harvest,Rabi,Drip,River,10.85,Yes,57.98,West,Medium,Medium,50.39,Medium
Silt,7.85,28.44,1.37,0.31,22.01,53.4,182.33,8.28,17.39,Rice,Flowering,Zaid,Canal,Groundwater,13.6,No,7.34,North,Medium,Medium,110.0,Medium
Sandy,5.25,11.48,1.23,0.46,14.25,89.21,795.83,5.32,8.83,Wheat,Vegetative,Kharif,Canal,River,11.23,Yes,18.11,East,Medium,Medium,93.12,Medium
Sandy,5.89,38.25,0.83,1.09,13.06,26.83,574.63,6.23,14.57,Wheat,Vegetative,Kharif,Rainfed,Reservoir,2.39,No,89.45,North,Medium,Medium,98.39,Medium
Sandy,7.63,15.92,1.39,0.76,16.25,90.9,823.08,6.77,7.88,Maize,Harvest,Rabi,Canal,River,11.79,No,59.78,North,Low,Low,22.23,Low
Sandy,6.54,35.48,1.52,3.45,23.9,69.33,113.31,5.75,0.77,Wheat,Flowering,Rabi,Canal,Rainwater,9.37,Yes,107.2,West,Medium,Medium,80.65,Medium
Sandy,7.22,64.99,1.16,1.61,20.54,52.1,455.99,8.51,3.65,Sugarcane,Sowing,Rabi,Canal,River,2.99,Yes,117.45,East,Low,Low,45.27,Low
Clay,5.2,15.96,0.84,2.5,41.59,40.15,521.12,6.94,10.29,Rice,Harvest,Zaid,Rainfed,Reservoir,7.6,No,3.96,West,Medium,Medium,110.0,Medium
Silt,6.89,22.4,1.2,0.35,21.59,93.17,560.58,4.31,6.71,Potato,Sowing,Zaid,Rainfed,River,9.12,Yes,103.75,West,Low,Low,32.88,Low
Sandy,6.04,21.66,0.86,2.16,33.77,69.83,781.16,7.7,6.46,Sugarcane,Flowering,Zaid,Canal,Reservoir,11.6,No,53.33,Central,Medium,Medium,110.0,Medium
Loamy,7.71,16.48,0.33,2.01,16.5,60.73,1295.45,10.08,9.61,Rice,Vegetative,Kharif,Drip,Reservoir,4.6,Yes,13.45,Central,Medium,Medium,98.96,Medium
Loamy,5.54,9.95,0.44,0.63,19.94,87.96,2379.39,7.12,5.0,Rice,Flowering,Rabi,Canal,Groundwater,2.57,Yes,39.94,Central,Medium,Medium,89.52,Medium
Loamy,5.33,15.48,0.81,2.71,31.76,46.94,2113.78,8.03,3.53,Sugarcane,Vegetative,Rabi,Sprinkler,Reservoir,8.65,No,9.75,Central,Medium,Medium,106.75,Medium
Loamy,5.12,24.61,1.02,1.99,13.88,25.28,1774.63,7.6,19.27,Sugarcane,Sowing,Rabi,Rainfed,Rainwater,13.2,Yes,13.84,West,Low,Low,34.8,Low
Silt,5.64,64.64,1.35,0.27,30.23,78.57,2287.7,7.53,3.32,Wheat,Sowing,Kharif,Sprinkler,River,4.57,No,35.35,East,Low,Low,30.62,Low
Sandy,8.01,42.62,1.14,1.07,41.56,81.53,2337.82,7.55,1.94,Maize,Flowering,Kharif,Canal,River,12.59,No,54.02,North,Medium,Medium,74.76,Medium
Silt,7.89,10.53,1.28,2.89,16.44,27.06,2050.06,7.77,11.99,Wheat,Flowering,Zaid,Sprinkler,Groundwater,11.34,No,88.56,South,Medium,Medium,61.87,Medium
Silt,5.41,28.61,1.39,1.46,40.79,93.94,480.94,10.13,14.55,Maize,Flowering,Kharif,Canal,Rainwater,4.61,No,4.19,East,Medium,Medium,110.0,Medium
Clay,5.48,18.37,1.23,3.45,23.35,70.51,1527.61,4.55,5.65,Sugarcane,Harvest,Zaid,Sprinkler,Rainwater,9.34,Yes,79.81,West,Low,Low,24.88,Low
Clay,6.29,14.55,1.14,2.71,35.8,61.01,2469.77,5.53,9.19,Rice,Flowering,Kharif,Rainfed,River,4.47,Yes,48.26,East,Medium,Medium,110.0,Medium
Silt,8.13,31.53,0.73,3.38,41.84,85.33,1068.15,9.28,17.57,Wheat,Flowering,Zaid,Drip,River,6.05,Yes,77.49,North,Medium,Medium,91.49,Medium
Loamy,7.27,40.74,0.3,1.41,35.93,64.41,1928.07,9.13,2.17,Maize,Vegetative,Zaid,Rainfed,Groundwater,0.32,Yes,93.8,Central,Low,Low,30.06,Low
Clay,5.7,38.64,0.43,0.55,40.64,41.32,1236.63,6.88,18.81,Cotton,Harvest,Rabi,Drip,River,12.8,No,29.03,Central,Low,Low,17.86,Low
Clay,6.05,51.07,1.18,1.17,15.28,87.16,521.6,5.87,3.17,Potato,Vegetative,Kharif,Canal,Rainwater,2.35,Yes,105.54,North,Low,Low,28.66,Low
Silt,7.44,24.67,1.27,1.42,25.63,89.34,1270.37,8.15,17.34,Maize,Sowing,Zaid,Canal,Rainwater,3.02,Yes,12.68,South,Low,Low,38.03,Low
Loamy,5.12,18.63,1.06,2.01,17.8,41.75,130.33,4.17,8.38,Sugarcane,Sowing,Rabi,Drip,Reservoir,4.94,Yes,116.49,South,Medium,Medium,110.0,Medium
Loamy,6.97,41.36,1.16,1.58,34.62,94.34,1363.17,6.23,9.87,Wheat,Sowing,Zaid,Canal,Rainwater,1.12,No,68.82,West,Low,Low,23.81,Low
Sandy,5.41,55.49,0.69,1.87,22.83,59.3,2113.7,4.56,11.77,Maize,Sowing,Rabi,Rainfed,Rainwater,8.25,Yes,27.1,West,Low,Low,21.23,Low
Clay,7.21,54.59,1.24,2.31,31.55,64.29,1337.98,9.35,10.48,Potato,Flowering,Kharif,Sprinkler,Rainwater,1.0,No,100.47,North,Medium,Medium,105.93,Medium
Clay,7.63,41.19,0.71,3.11,12.95,38.66,2124.46,6.27,3.9,Rice,Vegetative,Zaid,Canal,Rainwater,8.23,Yes,40.03,North,Low,Low,54.17,Low
Sandy,6.2,44.14,1.16,1.55,35.21,71.51,715.74,5.25,9.88,Sugarcane,Harvest,Rabi,Drip,River,13.58,No,37.07,South,Low,Low,35.68,Low
Clay,7.59,52.69,0.78,2.12,26.28,55.85,269.29,4.66,12.05,Sugarcane,Vegetative,Rabi,Rainfed,Reservoir,12.86,Yes,118.57,West,Medium,Medium,110.0,Medium
Silt,7.4,31.34,1.51,0.96,40.46,69.12,2260.5,4.99,17.39,Maize,Vegetative,Zaid,Canal,Reservoir,2.52,No,70.88,Central,Medium,Medium,61.47,Medium
Sandy,6.05,47.12,0.93,1.57,31.16,94.51,1610.75,8.98,0.75,Potato,Sowing,Kharif,Sprinkler,Rainwater,1.09,No,88.4,Central,Low,Low,17.76,Low
Sandy,5.2,28.28,1.22,2.22,18.55,53.86,96.46,4.91,10.99,Sugarcane,Sowing,Kharif,Rainfed,Reservoir,10.27,Yes,59.67,Central,Low,Low,60.0,Low
Clay,5.96,59.05,0.41,2.65,20.16,50.49,747.17,9.46,6.11,Rice,Harvest,Kharif,Sprinkler,Groundwater,8.66,Yes,63.27,Central,Low,Low,22.38,Low
Clay,5.67,12.31,1.21,0.76,24.81,60.52,506.01,4.47,4.61,Rice,Vegetative,Rabi,Drip,Groundwater,4.05,No,2.55,West,Medium,Medium,110.0,Medium
Sandy,5.9,21.5,0.98,1.87,40.66,52.15,1097.65,6.25,15.79,Sugarcane,Sowing,Zaid,Drip,Reservoir,4.06,Yes,54.7,West,Medium,Medium,110.0,Medium
Silt,7.99,38.6,0.55,1.54,25.28,57.16,917.85,6.62,16.02,Potato,Harvest,Zaid,Canal,Rainwater,5.34,Yes,118.27,West,Low,Low,37.54,Low
Silt,8.05,8.55,0.43,2.95,12.01,65.61,1328.76,7.35,13.9,Sugarcane,Sowing,Rabi,Drip,Reservoir,11.58,Yes,44.39,West,Low,Low,59.15,Low
Sandy,6.56,46.29,1.33,2.28,14.04,27.67,1370.62,9.39,5.9,Potato,Vegetative,Rabi,Canal,Groundwater,8.0,Yes,75.18,West,Low,Low,50.44,Low
Loamy,5.2,30.43,1.46,3.27,41.94,36.48,856.39,9.27,18.34,Rice,Flowering,Rabi,Canal,Groundwater,6.74,Yes,76.26,West,Medium,Medium,110.0,Medium
Sandy,5.91,36.83,0.95,0.9,17.59,77.16,2345.03,7.73,4.07,Sugarcane,Harvest,Rabi,Canal,River,9.0,Yes,95.04,North,Low,Low,15.0,Low
Silt,5.38,34.48,0.38,1.55,25.19,28.52,910.58,4.24,15.7,Wheat,Sowing,Kharif,Canal,Rainwater,4.38,No,38.53,North,Low,Low,34.65,Low
Silt,7.12,46.1,0.54,3.4,28.44,47.32,289.61,5.44,11.64,Potato,Harvest,Zaid,Sprinkler,Rainwater,11.13,No,19.36,West,Medium,Medium,92.15,Medium
Loamy,6.73,21.1,1.14,1.55,40.03,56.61,1089.05,7.75,5.99,Potato,Sowing,Rabi,Rainfed,Rainwater,9.59,Yes,90.59,Central,Low,Low,60.0,Low
Silt,5.93,37.79,0.79,2.36,17.7,92.05,958.21,9.4,17.69,Rice,Vegetative,Zaid,Sprinkler,River,4.17,Yes,74.17,Central,Low,Low,50.36,Low
Sandy,7.49,33.09,0.48,3.15,35.93,40.48,800.12,7.19,10.63,Sugarcane,Harvest,Kharif,Drip,Reservoir,1.64,Yes,114.12,Central,Low,Low,48.3,Low
Silt,5.29,34.96,1.28,0.88,13.09,55.39,97.35,7.57,10.54,Potato,Flowering,Kharif,Sprinkler,Groundwater,3.68,Yes,98.84,West,Medium,Medium,110.0,Medium
Loamy,5.81,56.44,1.21,3.32,32.58,60.72,1370.07,6.68,14.76,Wheat,Vegetative,Rabi,Drip,Reservoir,14.98,No,84.34,East,Medium,Medium,52.42,Medium
Sandy,5.51,48.76,1.19,1.39,27.45,73.53,729.71,10.71,17.4,Maize,Vegetative,Rabi,Drip,River,10.96,Yes,17.46,East,Low,Low,57.0,Low
Silt,7.15,32.52,1.57,3.3,31.4,34.31,2249.64,9.31,16.72,Potato,Harvest,Rabi,Sprinkler,Rainwater,5.12,Yes,31.85,Central,Low,Low,23.36,Low
Clay,7.14,13.4,1.55,3.36,30.7,35.67,351.02,5.88,2.84,Sugarcane,Sowing,Rabi,Drip,River,9.93,Yes,5.3,East,Low,Low,60.0,Low
Sandy,5.87,22.46,1.19,2.51,36.52,92.83,74.08,4.59,2.44,Wheat,Harvest,Zaid,Rainfed,Rainwater,8.02,Yes,39.1,East,Medium,Medium,57.52,Medium
Clay,6.64,44.97,1.08,1.91,39.49,63.41,2307.03,9.68,14.74,Sugarcane,Vegetative,Zaid,Drip,Groundwater,6.94,Yes,1.03,East,Medium,Medium,59.51,Medium
Loamy,4.94,20.54,0.74,2.82,32.82,83.15,50.57,4.03,2.4,Potato,Flowering,Rabi,Rainfed,Reservoir,4.2,No,19.6,North,High,Medium,95.82,High
Silt,7.35,59.95,1.58,0.86,15.1,88.85,2240.15,7.26,15.6,Maize,Harvest,Rabi,Rainfed,River,12.68,Yes,36.65,West,Low,Low,16.67,Low
Clay,6.08,57.35,0.47,0.13,36.86,42.24,1430.44,6.91,0.63,Cotton,Harvest,Kharif,Drip,Rainwater,9.02,Yes,110.33,Central,Low,Low,17.66,Low
Clay,5.32,31.77,1.05,1.3,30.54,32.36,604.39,4.82,13.25,Sugarcane,Harvest,Kharif,Drip,River,4.07,No,15.17,Central,Low,Low,44.37,Low
Loamy,6.49,48.79,0.83,1.99,16.84,67.48,2101.17,6.89,5.36,Maize,Harvest,Zaid,Drip,River,11.94,Yes,4.0,North,Low,Low,15.0,Low
Sandy,5.52,12.12,1.39,1.82,40.05,53.6,2231.71,8.05,6.97,Wheat,Flowering,Rabi,Sprinkler,Rainwater,7.34,No,46.46,South,Medium,Medium,92.15,Medium
Clay,6.26,23.21,1.18,2.53,31.98,47.63,2470.36,8.03,11.42,Wheat,Vegetative,Kharif,Drip,Reservoir,13.41,Yes,89.85,West,Medium,Medium,59.35,Medium
Silt,5.22,32.35,1.42,0.7,33.96,71.22,2469.66,4.94,9.05,Potato,Sowing,Zaid,Sprinkler,Reservoir,11.62,Yes,42.0,West,Low,Low,32.58,Low
Clay,5.84,44.71,0.69,1.68,38.52,93.62,425.11,6.7,12.3,Maize,Vegetative,Zaid,Sprinkler,Rainwater,10.74,No,84.17,West,Medium,Medium,106.25,Medium
Clay,7.41,59.01,0.48,1.87,24.95,41.72,1617.35,8.31,6.78,Sugarcane,Harvest,Zaid,Drip,River,5.97,No,96.28,East,Low,Low,18.51,Low
Loamy,5.17,19.69,0.99,1.98,31.58,30.48,2004.77,8.13,7.32,Rice,Sowing,Zaid,Canal,Reservoir,4.45,No,102.15,Central,Medium,Medium,110.0,Medium
Clay,8.03,11.02,1.32,2.57,19.18,34.45,1370.39,8.98,19.53,Cotton,Harvest,Rabi,Rainfed,Reservoir,0.44,No,24.59,Central,Medium,Medium,55.81,Medium
Loamy,4.8,14.02,0.55,1.07,33.89,27.07,1553.79,10.85,17.32,Wheat,Vegetative,Rabi,Canal,Rainwater,12.56,No,48.22,West,High,High,147.95,High
Sandy,7.35,37.65,0.37,1.39,37.56,70.5,698.99,9.86,14.67,Maize,Harvest,Rabi,Rainfed,Rainwater,2.11,Yes,19.33,East,Low,Low,42.23,Low
Clay,5.1,9.74,1.17,1.71,14.41,33.91,813.19,8.46,3.33,Rice,Flowering,Kharif,Canal,River,6.75,No,70.12,East,Medium,Medium,110.0,Medium
Loamy,5.3,47.59,0.51,1.49,15.46,71.29,1085.21,7.16,0.59,Sugarcane,Sowing,Rabi,Canal,Reservoir,11.87,No,4.39,North,Low,Low,30.43,Low
Sandy,4.97,10.29,1.11,1.35,26.63,32.13,1445.58,8.32,19.65,Rice,Harvest,Kharif,Canal,Rainwater,12.92,Yes,86.5,Central,Low,Low,25.47,Low
Loamy,7.16,59.57,1.56,3.45,35.74,53.6,1052.29,6.11,6.67,Cotton,Vegetative,Kharif,Drip,Rainwater,12.11,Yes,69.56,North,Low,Low,35.96,Low
Clay,7.54,39.05,1.44,2.85,25.19,46.96,2235.53,9.12,15.82,Maize,Vegetative,Rabi,Drip,River,12.57,Yes,116.2,West,Low,Low,40.56,Low
Silt,7.93,38.75,1.48,2.49,25.97,85.27,228.41,10.12,18.56,Wheat,Sowing,Zaid,Sprinkler,Groundwater,6.05,Yes,73.49,Central,Low,Low,27.52,Low
Loamy,6.65,60.43,0.34,0.61,21.57,60.88,1482.75,5.5,5.01,Potato,Sowing,Kharif,Canal,Groundwater,13.93,No,66.95,East,Low,Low,28.26,Low
Silt,6.68,13.45,1.08,3.49,13.96,70.93,1237.92,9.8,14.66,Sugarcane,Flowering,Zaid,Canal,Reservoir,4.49,Yes,91.59,South,Medium,Medium,110.0,Medium
Clay,5.05,37.77,0.53,0.83,32.71,36.35,846.96,10.64,10.9,Wheat,Flowering,Kharif,Rainfed,Groundwater,6.38,Yes,89.77,South,Medium,Medium,98.68,Medium
Loamy,4.86,14.49,0.85,2.73,17.96,69.11,1417.28,5.74,15.61,Wheat,Sowing,Zaid,Rainfed,Reservoir,12.49,Yes,53.97,Central,Low,Low,46.45,Low
Loamy,8.15,22.98,1.07,0.49,23.4,35.25,1717.69,4.6,15.99,Sugarcane,Flowering,Zaid,Sprinkler,Rainwater,13.32,No,105.15,East,Medium,Medium,70.95,Medium
Loamy,7.52,15.52,0.84,1.62,40.88,87.36,2385.24,9.93,1.29,Rice,Sowing,Kharif,Canal,Groundwater,0.6,Yes,118.48,Central,Low,Low,32.22,Low
Loamy,6.45,57.37,0.96,1.98,25.51,75.41,550.15,6.06,18.46,Rice,Flowering,Kharif,Drip,Reservoir,8.89,Yes,74.71,East,Low,Low,60.0,Low
Clay,5.28,59.59,0.59,1.57,30.09,74.25,1501.71,7.88,1.45,Rice,Flowering,Rabi,Sprinkler,Reservoir,8.13,Yes,51.12,North,Low,Low,43.1,Low
Loamy,8.09,41.29,1.2,3.19,12.88,42.03,1169.22,6.44,7.1,Potato,Flowering,Zaid,Sprinkler,Rainwater,11.73,No,47.61,North,Low,Low,51.64,Low
Loamy,7.74,10.79,0.79,0.12,30.46,89.5,2376.32,4.97,15.92,Potato,Sowing,Kharif,Rainfed,Groundwater,7.94,Yes,94.06,North,Medium,Medium,75.69,Medium
Clay,6.52,10.23,1.33,1.8,23.72,39.83,191.37,10.85,6.41,Potato,Harvest,Kharif,Canal,River,10.98,Yes,2.18,Central,Medium,Medium,72.0,Medium
Clay,7.51,28.89,1.34,3.05,12.64,29.2,105.23,6.35,5.99,Cotton,Vegetative,Zaid,Sprinkler,Reservoir,11.82,Yes,26.32,South,Medium,Medium,110.0,Medium
Sandy,6.41,59.2,0.6,2.38,28.56,35.94,290.32,10.07,8.05,Wheat,Harvest,Zaid,Sprinkler,River,3.99,No,67.34,South,Low,Low,38.56,Low
Loamy,4.8,30.05,1.08,1.67,35.38,66.5,1666.97,8.31,6.55,Wheat,Vegetative,Rabi,Drip,Reservoir,11.9,Yes,57.99,Central,Low,Low,37.1,Low
Sandy,4.92,43.9,1.44,2.78,39.63,55.07,745.88,7.54,9.92,Sugarcane,Flowering,Kharif,Rainfed,River,5.31,Yes,106.36,North,Low,Low,60.0,Low
Loamy,5.05,54.98,1.21,1.56,41.99,28.76,2134.33,5.32,1.95,Potato,Flowering,Kharif,Sprinkler,River,12.58,No,107.91,West,Medium,Medium,97.26,Medium
Silt,6.5,17.1,0.55,1.38,39.17,53.7,508.68,6.83,2.66,Maize,Sowing,Zaid,Rainfed,Reservoir,2.94,Yes,51.25,Central,Low,Low,60.0,Low
Clay,6.52,59.29,0.41,1.39,14.42,91.05,1916.19,8.95,10.81,Cotton,Harvest,Kharif,Sprinkler,Rainwater,12.54,Yes,117.99,North,Low,Low,15.0,Low
Loamy,8.12,53.85,0.62,0.59,40.42,41.36,1047.38,5.63,18.78,Sugarcane,Flowering,Rabi,Drip,Rainwater,11.45,No,33.74,North,Medium,Medium,110.0,Medium
Sandy,7.06,63.14,1.25,3.25,29.13,51.33,2482.76,10.93,16.46,Maize,Harvest,Rabi,Canal,Rainwater,11.18,No,112.04,East,Low,Low,15.0,Low
Clay,5.02,22.65,1.58,1.71,34.55,41.15,1854.85,7.29,7.27,Potato,Vegetative,Zaid,Canal,River,9.56,No,22.24,West,Medium,Medium,103.73,Medium
Clay,7.15,53.59,0.51,2.56,35.93,88.81,474.39,9.84,15.73,Potato,Sowing,Zaid,Sprinkler,Rainwater,12.09,Yes,109.27,West,Low,Low,51.68,Low
Silt,6.26,30.4,1.13,1.04,39.87,61.75,1675.42,6.78,6.84,Rice,Harvest,Zaid,Sprinkler,River,5.82,Yes,61.52,West,Low,Low,20.41,Low
Loamy,5.28,42.14,0.65,0.53,23.26,48.61,1476.52,7.75,9.66,Wheat,Harvest,Zaid,Sprinkler,Rainwater,14.27,Yes,113.06,East,Low,Low,20.29,Low
Loamy,7.85,10.36,0.48,2.13,23.51,35.72,483.38,5.97,4.39,Rice,Sowing,Kharif,Drip,Rainwater,0.91,Yes,113.31,West,Low,Low,60.0,Low
Sandy,7.38,51.68,1.52,1.53,27.2,59.78,456.42,9.02,15.24,Potato,Flowering,Rabi,Canal,Reservoir,0.46,Yes,104.66,East,Low,Low,60.0,Low
Clay,7.93,11.12,0.34,2.59,26.5,33.95,1841.71,4.6,5.77,Wheat,Harvest,Rabi,Canal,Rainwater,1.11,Yes,95.6,East,Low,Low,30.66,Low
Loamy,7.99,56.02,0.75,0.22,22.73,52.96,1030.3,10.8,2.71,Maize,Harvest,Zaid,Drip,Groundwater,11.85,Yes,20.45,East,Low,Low,24.72,Low
Silt,6.05,37.13,0.47,0.69,18.53,92.23,2477.89,4.95,5.94,Sugarcane,Sowing,Rabi,Drip,Groundwater,12.38,Yes,35.83,North,Low,Low,38.02,Low
Sandy,7.78,8.61,0.74,1.59,28.76,72.88,963.3,8.86,0.8,Potato,Sowing,Zaid,Sprinkler,Groundwater,10.9,Yes,96.5,Central,Low,Low,60.0,Low
Loamy,7.71,62.47,0.58,1.05,38.7,67.27,1349.92,7.85,1.16,Sugarcane,Flowering,Zaid,Canal,River,4.66,No,23.95,North,Medium,Medium,75.57,Medium
Loamy,6.74,11.2,0.41,3.35,41.19,61.14,1764.08,10.27,6.85,Sugarcane,Flowering,Kharif,Sprinkler,Rainwater,5.7,No,94.6,Central,Medium,Medium,110.0,Medium
Sandy,6.81,41.29,0.94,2.13,17.36,65.9,2112.58,5.15,0.79,Maize,Flowering,Kharif,Rainfed,Rainwater,1.0,No,45.78,West,Low,Low,21.88,Low
Loamy,6.14,54.35,1.21,2.73,36.02,80.58,284.71,5.67,18.53,Potato,Sowing,Rabi,Canal,Groundwater,6.85,Yes,19.51,South,Medium,Medium,110.0,Medium
Clay,5.79,27.83,0.6,0.81,26.85,92.07,2063.45,9.67,2.65,Sugarcane,Vegetative,Rabi,Sprinkler,Groundwater,2.76,No,71.63,West,Low,Low,50.01,Low
Loamy,6.93,49.7,1.19,1.18,38.82,68.94,657.48,9.61,4.9,Sugarcane,Sowing,Zaid,Sprinkler,Rainwater,5.59,Yes,58.81,West,Low,Low,36.22,Low
Loamy,6.89,44.52,1.13,0.58,36.91,46.91,181.68,8.59,2.61,Sugarcane,Vegetative,Kharif,Canal,Rainwater,5.47,Yes,75.61,West,Medium,Medium,110.0,Medium
Sandy,8.19,62.63,0.59,1.32,14.18,43.95,1692.79,8.66,1.0,Cotton,Flowering,Rabi,Rainfed,Rainwater,8.26,Yes,73.0,North,Low,Low,36.33,Low
Loamy,6.48,54.61,1.44,1.9,15.04,29.97,292.97,8.45,15.83,Maize,Harvest,Zaid,Drip,Groundwater,4.26,No,3.29,Central,Medium,Medium,48.14,Medium
Loamy,7.49,59.22,0.81,3.07,23.8,39.43,1744.75,5.92,7.6,Maize,Sowing,Rabi,Canal,River,4.74,No,48.18,South,Low,Low,32.51,Low
Clay,5.73,48.98,1.59,0.96,18.0,71.8,1463.59,9.38,16.13,Cotton,Vegetative,Zaid,Drip,Rainwater,2.93,No,65.68,South,Medium,Medium,76.42,Medium
Clay,5.37,53.68,1.13,1.64,15.98,43.32,224.49,6.36,10.57,Maize,Flowering,Rabi,Rainfed,River,4.11,No,11.83,East,Medium,Medium,80.24,Medium
Clay,5.58,20.75,0.62,2.45,25.07,92.95,1750.05,4.55,7.41,Rice,Vegetative,Kharif,Rainfed,River,10.48,No,29.07,West,Medium,Medium,83.84,Medium
Loamy,6.65,11.93,1.05,0.44,15.17,31.8,770.7,5.16,18.59,Maize,Vegetative,Kharif,Rainfed,Reservoir,1.78,No,1.21,South,Medium,Medium,96.7,Medium
Silt,5.44,46.68,0.33,1.02,21.38,36.28,1806.42,5.35,16.31,Cotton,Harvest,Zaid,Rainfed,River,5.53,Yes,114.05,West,Low,Low,24.44,Low
Clay,7.61,53.35,0.32,0.19,36.18,52.01,1298.6,7.95,9.0,Wheat,Sowing,Kharif,Canal,Rainwater,6.34,Yes,55.87,South,Low,Low,59.54,Low
Silt,5.39,56.44,1.47,3.12,29.26,35.23,1159.29,6.38,2.23,Wheat,Vegetative,Rabi,Sprinkler,Rainwater,2.0,Yes,114.39,Central,Low,Low,51.45,Low
Sandy,5.68,61.38,1.09,1.06,38.77,94.94,1682.38,10.13,6.39,Wheat,Harvest,Zaid,Drip,Groundwater,2.54,Yes,23.0,East,Low,Low,15.0,Low
Sandy,5.72,59.32,1.46,1.39,13.16,30.02,1511.69,6.61,0.5,Potato,Vegetative,Zaid,Canal,River,6.24,No,10.05,Central,Low,Low,42.44,Low
Silt,7.98,18.99,0.67,1.13,33.73,27.49,1175.98,9.83,5.82,Rice,Sowing,Rabi,Sprinkler,Groundwater,2.82,Yes,44.17,North,Low,Low,60.0,Low
Silt,8.15,52.79,1.33,0.15,21.37,37.15,2332.5,6.25,14.09,Rice,Vegetative,Rabi,Canal,Reservoir,10.39,No,77.11,South,Medium,Medium,68.64,Medium
Loamy,5.23,52.38,1.01,1.97,14.04,28.91,1143.61,6.5,19.53,Maize,Harvest,Rabi,Drip,River,3.29,Yes,27.55,East,Low,Low,27.9,Low
Loamy,6.4,51.69,1.01,0.96,25.92,25.78,2171.42,8.78,17.86,Cotton,Flowering,Zaid,Rainfed,Reservoir,6.66,Yes,10.67,East,Low,Low,23.24,Low
Clay,5.53,12.48,0.46,2.87,24.12,90.68,379.98,5.19,14.06,Maize,Harvest,Rabi,Rainfed,Reservoir,9.12,No,103.98,Central,Medium,Medium,62.41,Medium
Sandy,5.52,17.84,1.11,1.04,34.19,27.14,1230.89,10.84,18.81,Cotton,Harvest,Rabi,Rainfed,Groundwater,11.46,No,105.81,North,Medium,Medium,55.41,Medium
Silt,7.38,57.91,1.15,0.24,36.73,75.17,985.66,4.34,9.45,Maize,Harvest,Zaid,Sprinkler,Groundwater,9.31,No,46.5,Central,Low,Low,18.85,Low
Clay,7.89,10.02,0.86,2.45,20.81,63.46,1177.34,6.19,15.85,Potato,Flowering,Kharif,Sprinkler,Rainwater,1.73,No,5.31,West,Medium,Medium,75.69,Medium
Silt,6.53,56.15,0.46,0.27,19.54,73.75,900.34,8.45,15.4,Cotton,Sowing,Zaid,Canal,River,1.8,No,111.34,North,Low,Low,44.28,Low
Sandy,5.35,57.2,1.19,0.45,18.24,79.08,2435.49,7.69,8.98,Potato,Sowing,Rabi,Canal,Groundwater,13.78,Yes,99.57,North,Low,Low,25.18,Low
Clay,8.16,53.01,0.88,2.03,25.97,87.35,2154.26,9.43,10.45,Maize,Sowing,Rabi,Drip,Reservoir,12.44,Yes,64.0,Central,Low,Low,32.78,Low
Clay,5.74,18.46,0.63,2.77,22.63,53.3,625.4,4.13,11.66,Maize,Flowering,Rabi,Sprinkler,River,4.47,Yes,6.4,North,Medium,Medium,92.92,Medium
Sandy,6.17,33.93,0.9,1.3,13.71,39.05,2471.26,7.59,8.67,Wheat,Vegetative,Zaid,Canal,Reservoir,5.62,Yes,2.12,North,Low,Low,24.53,Low
Loamy,7.3,31.34,0.47,0.78,23.37,27.95,900.02,10.29,15.35,Maize,Flowering,Zaid,Sprinkler,River,2.36,Yes,0.51,South,Low,Low,54.07,Low
Clay,7.42,13.67,0.75,1.45,27.19,80.91,1726.52,6.33,19.11,Maize,Sowing,Kharif,Sprinkler,River,8.29,No,21.74,South,Medium,Medium,83.34,Medium
Silt,4.97,21.89,1.5,1.62,40.8,30.74,1934.07,6.63,19.44,Rice,Harvest,Zaid,Canal,Groundwater,13.89,Yes,92.35,East,Medium,Medium,58.04,Medium
Loamy,8.01,40.06,0.37,1.88,33.83,83.05,2412.75,6.53,2.89,Potato,Vegetative,Zaid,Drip,Groundwater,3.39,Yes,1.93,Central,Low,Low,32.1,Low
Sandy,6.15,27.09,0.38,0.47,41.49,74.37,1811.62,4.63,3.31,Maize,Vegetative,Zaid,Sprinkler,Groundwater,12.55,No,26.97,South,Medium,Medium,86.25,Medium
Loamy,8.15,23.96,1.17,1.72,40.48,34.08,2272.61,4.97,7.11,Cotton,Flowering,Zaid,Rainfed,Rainwater,14.23,Yes,34.32,South,Medium,Medium,98.62,Medium
Silt,6.35,30.25,0.37,0.15,16.02,93.31,1675.21,9.5,13.2,Wheat,Flowering,Rabi,Rainfed,Groundwater,9.35,Yes,52.31,East,Low,Low,19.63,Low
Loamy,5.45,56.86,0.43,1.43,39.84,27.1,2017.46,4.17,6.68,Maize,Harvest,Kharif,Sprinkler,River,1.07,No,61.33,Central,Low,Low,15.0,Low
Loamy,6.16,18.89,1.48,3.36,38.87,71.36,1475.77,5.55,14.64,Wheat,Sowing,Kharif,Rainfed,Groundwater,4.89,No,30.44,West,Medium,Medium,110.0,Medium
Sandy,7.74,12.79,0.66,2.4,34.19,55.45,272.76,8.73,19.81,Maize,Flowering,Zaid,Rainfed,Reservoir,10.05,No,84.16,South,High,High,180.0,High
Sandy,4.98,12.41,0.88,1.11,16.58,81.36,661.55,10.53,18.7,Wheat,Harvest,Kharif,Rainfed,Groundwater,1.37,No,21.24,West,Medium,Medium,56.21,Medium
Sandy,7.79,46.61,0.77,2.12,24.59,79.77,951.2,8.42,11.51,Maize,Flowering,Kharif,Canal,Reservoir,14.19,No,117.99,West,Medium,Medium,83.49,Medium
Silt,5.06,22.42,1.39,0.29,23.9,56.69,2143.54,6.22,6.68,Potato,Harvest,Zaid,Canal,Rainwater,6.89,No,108.68,East,Low,Low,29.85,Low
Sandy,5.72,40.42,0.98,0.5,14.72,30.98,2321.75,6.5,6.82,Maize,Vegetative,Zaid,Drip,Rainwater,13.93,No,75.33,Central,Low,Low,36.98,Low
Clay,8.12,48.12,0.94,3.04,37.72,61.99,608.17,8.12,14.4,Maize,Vegetative,Kharif,Canal,Rainwater,2.5,No,51.54,South,Medium,Medium,110.0,Medium
Sandy,8.11,31.11,1.49,1.73,35.94,42.11,2147.51,6.82,13.68,Maize,Harvest,Kharif,Rainfed,Reservoir,7.24,No,12.31,East,Low,Low,21.72,Low
Clay,7.47,61.95,1.27,2.44,29.99,38.47,2293.06,10.15,10.76,Maize,Vegetative,Zaid,Sprinkler,Groundwater,3.09,Yes,104.6,West,Low,Low,33.52,Low
Silt,6.27,21.28,0.67,2.59,19.49,50.55,1608.01,8.13,12.14,Maize,Vegetative,Kharif,Drip,Rainwater,8.04,Yes,53.05,South,Medium,Medium,61.14,Medium
Sandy,6.65,39.28,1.33,0.2,27.94,34.96,1093.55,5.89,9.83,Wheat,Vegetative,Zaid,Sprinkler,River,0.89,Yes,113.06,West,Low,Low,40.28,Low
Silt,6.31,61.82,1.46,0.3,34.97,35.18,1939.72,9.8,18.62,Cotton,Vegetative,Kharif,Rainfed,Groundwater,11.81,No,88.81,North,Medium,Medium,58.52,Medium
Silt,5.88,39.96,0.68,1.58,12.58,47.04,537.02,8.25,11.44,Cotton,Harvest,Rabi,Drip,Groundwater,8.94,Yes,12.65,East,Low,Low,37.18,Low
Loamy,4.86,37.96,0.97,1.42,20.87,61.76,1569.6,10.62,15.87,Maize,Sowing,Rabi,Drip,Rainwater,4.23,Yes,7.28,West,Low,Low,41.3,Low
Loamy,6.4,13.1,0.51,2.0,28.79,46.07,353.27,10.31,6.45,Sugarcane,Sowing,Zaid,Sprinkler,Rainwater,1.59,No,74.18,South,Low,Low,60.0,Low
Silt,6.24,30.94,0.44,1.29,34.34,94.92,1926.44,4.92,17.3,Maize,Harvest,Zaid,Sprinkler,Groundwater,0.89,Yes,80.0,East,Low,Low,16.4,Low
Clay,6.54,50.29,0.38,2.31,25.98,31.02,1047.35,9.66,1.13,Maize,Vegetative,Kharif,Canal,River,0.53,No,91.05,Central,Low,Low,38.61,Low
Loamy,6.68,26.8,1.56,1.19,38.5,44.86,1780.92,8.49,4.53,Potato,Sowing,Zaid,Canal,Rainwater,8.03,Yes,40.77,South,Low,Low,56.52,Low
Loamy,6.06,32.46,1.1,2.11,21.64,75.23,92.08,4.97,12.06,Potato,Flowering,Kharif,Rainfed,River,1.82,No,119.49,Central,Medium,Medium,97.22,Medium
Clay,6.89,61.91,0.99,3.21,18.97,30.59,343.57,7.4,0.9,Maize,Flowering,Zaid,Drip,Rainwater,6.16,No,7.53,East,Low,Low,29.14,Low
Clay,8.02,23.36,0.79,2.42,34.27,81.27,59.72,5.64,13.37,Cotton,Vegetative,Rabi,Canal,River,11.31,No,0.26,North,High,High,151.36,High
Clay,5.57,56.65,0.97,0.47,27.84,45.39,98.04,5.0,15.53,Cotton,Flowering,Kharif,Rainfed,River,5.94,No,103.28,Central,Medium,Medium,110.0,Medium
Clay,7.91,41.89,1.2,3.25,22.67,78.31,130.92,10.61,17.65,Sugarcane,Flowering,Rabi,Rainfed,Groundwater,7.14,No,43.24,East,Medium,Medium,104.32,Medium
Silt,6.54,30.14,1.05,3.46,15.23,89.28,185.21,6.63,0.91,Maize,Harvest,Kharif,Rainfed,Groundwater,9.3,No,87.98,West,Low,Low,19.31,Low
Silt,7.36,31.33,1.29,1.21,29.36,94.25,1312.25,6.05,4.42,Maize,Flowering,Rabi,Drip,Rainwater,3.74,No,31.29,South,Low,Low,24.17,Low
Clay,7.35,33.86,1.22,2.82,28.06,74.45,573.38,5.13,7.38,Rice,Sowing,Zaid,Drip,Reservoir,6.79,No,86.46,North,Low,Low,36.83,Low
Sandy,7.77,23.1,0.5,2.39,32.72,89.21,2488.79,4.43,7.8,Rice,Sowing,Kharif,Canal,Groundwater,6.23,No,55.08,East,Medium,Medium,100.53,Medium
Loamy,7.55,55.31,1.2,3.49,32.0,92.92,1830.48,4.88,10.23,Rice,Vegetative,Kharif,Canal,Reservoir,1.3,No,87.52,West,Medium,Medium,65.67,Medium
Clay,5.54,35.19,0.35,0.63,38.21,70.26,651.74,7.21,4.94,Sugarcane,Flowering,Zaid,Sprinkler,River,13.53,No,41.82,North,Medium,Medium,110.0,Medium
Loamy,5.42,20.79,1.09,2.97,33.52,27.48,1169.77,6.51,17.04,Maize,Vegetative,Rabi,Rainfed,Reservoir,4.83,Yes,118.08,Central,Medium,Medium,100.42,Medium
Loamy,6.6,32.19,0.95,3.47,40.57,56.24,715.94,9.6,2.58,Wheat,Flowering,Zaid,Drip,Groundwater,11.37,Yes,0.76,East,Low,Low,45.1,Low
Sandy,7.91,51.82,0.79,3.32,17.54,84.51,2053.93,7.91,9.63,Potato,Harvest,Kharif,Sprinkler,Reservoir,0.51,No,4.22,South,Low,Low,21.11,Low
Sandy,5.02,25.22,0.51,2.69,18.52,32.88,1153.64,5.56,2.53,Rice,Harvest,Rabi,Drip,Rainwater,3.89,No,54.42,South,Low,Low,38.76,Low
Loamy,6.17,9.75,1.23,0.26,38.13,27.01,2373.82,4.49,1.86,Cotton,Flowering,Kharif,Rainfed,Groundwater,5.7,Yes,57.34,North,Medium,Medium,83.66,Medium
Clay,4.98,18.92,1.36,2.97,28.13,38.77,2237.6,9.01,13.44,Sugarcane,Sowing,Rabi,Sprinkler,Rainwater,4.46,Yes,105.71,South,Low,Low,53.72,Low
Loamy,5.1,35.79,1.26,3.3,19.75,43.8,399.85,4.54,0.58,Potato,Harvest,Rabi,Canal,Groundwater,6.6,No,77.68,East,Low,Low,47.2,Low
Silt,6.88,50.8,0.9,3.26,26.95,91.94,881.77,6.44,3.83,Rice,Vegetative,Zaid,Drip,Reservoir,12.69,No,1.04,South,Low,Low,60.0,Low
Loamy,5.05,32.19,0.38,0.47,29.76,28.68,1761.86,6.28,13.35,Sugarcane,Vegetative,Zaid,Drip,Reservoir,12.07,No,80.76,South,Medium,Medium,92.01,Medium
Sandy,4.94,54.98,1.18,0.99,19.63,58.28,1547.08,5.78,19.68,Rice,Harvest,Kharif,Sprinkler,Rainwater,1.26,No,37.25,North,Low,Low,25.56,Low
Clay,7.45,16.22,1.31,2.18,23.53,44.03,1727.34,10.6,12.23,Potato,Harvest,Zaid,Drip,Rainwater,6.07,Yes,45.12,East,Low,Low,18.31,Low
Sandy,7.16,49.17,0.58,1.03,15.85,52.92,1574.74,4.69,14.37,Sugarcane,Vegetative,Kharif,Drip,Groundwater,13.45,No,109.54,Central,Medium,Medium,94.27,Medium
Silt,5.43,26.2,1.52,1.86,23.02,72.88,1960.9,4.11,6.4,Wheat,Sowing,Kharif,Sprinkler,Groundwater,3.4,No,80.37,Central,Low,Low,20.23,Low
Loamy,4.86,55.56,0.34,1.25,13.5,40.83,108.56,7.44,13.73,Wheat,Sowing,Zaid,Canal,Groundwater,10.12,Yes,118.72,West,Low,Low,60.0,Low
Clay,7.37,51.39,0.72,1.44,25.57,41.98,1009.58,9.78,3.84,Maize,Flowering,Rabi,Sprinkler,Reservoir,9.44,No,90.52,South,Low,Low,52.8,Low
Silt,7.87,31.96,0.66,2.04,16.04,50.99,637.55,6.13,15.91,Cotton,Harvest,Rabi,Sprinkler,Rainwater,6.52,No,80.04,Central,Low,Low,30.76,Low
Sandy,5.95,51.93,0.72,2.82,35.28,52.85,1330.1,8.7,5.13,Cotton,Vegetative,Rabi,Drip,Rainwater,0.41,No,27.5,South,Medium,Medium,90.98,Medium
Loamy,8.16,36.4,1.35,2.57,34.54,82.62,1079.69,5.98,16.73,Potato,Harvest,Zaid,Drip,Reservoir,3.39,No,20.64,North,Low,Low,18.12,Low
Silt,6.84,10.81,0.93,1.47,38.96,76.86,1877.72,4.46,17.96,Rice,Sowing,Kharif,Rainfed,River,2.09,No,86.64,West,Medium,Medium,92.34,Medium
Clay,6.43,23.6,1.57,2.19,19.15,40.36,43.5,10.54,18.12,Sugarcane,Flowering,Kharif,Canal,River,12.94,No,77.05,North,High,Medium,110.0,High
Clay,6.35,21.33,1.23,0.73,40.87,44.42,349.17,5.73,5.71,Sugarcane,Harvest,Rabi,Drip,Reservoir,1.56,No,89.3,South,Medium,Medium,83.95,Medium
Loamy,6.49,13.13,1.56,1.77,34.71,65.32,2312.91,6.65,12.11,Sugarcane,Flowering,Rabi,Drip,Groundwater,9.77,No,42.05,Central,High,High,180.0,High
Loamy,7.82,21.59,0.95,2.56,23.95,27.61,573.91,7.71,8.73,Wheat,Sowing,Rabi,Sprinkler,River,8.96,No,19.81,East,Low,Low,37.87,Low
Clay,5.07,54.83,1.05,2.01,31.01,34.62,598.88,5.48,9.75,Potato,Sowing,Kharif,Canal,Groundwater,6.35,No,92.99,West,Low,Low,34.72,Low
Loamy,7.98,19.47,0.69,2.07,26.41,27.94,2170.06,6.13,12.56,Rice,Vegetative,Kharif,Drip,Rainwater,3.16,Yes,17.44,North,Medium,Medium,110.0,Medium
Sandy,7.5,24.53,1.08,3.47,19.87,83.63,1067.97,4.28,12.75,Sugarcane,Flowering,Zaid,Sprinkler,Groundwater,6.87,Yes,100.61,South,Medium,Medium,104.72,Medium
Clay,7.38,23.69,0.99,1.86,33.46,62.53,1575.43,9.16,9.38,Cotton,Vegetative,Rabi,Rainfed,Reservoir,0.78,No,92.09,East,Medium,Medium,80.61,Medium
Clay,5.41,61.64,1.46,3.31,33.36,92.21,1161.87,8.91,15.88,Rice,Vegetative,Zaid,Drip,Rainwater,13.58,Yes,45.06,Central,Medium,Medium,85.35,Medium
Sandy,7.11,22.68,1.15,1.3,25.71,38.08,1255.74,5.81,11.15,Wheat,Sowing,Kharif,Drip,Reservoir,1.3,No,30.56,South,Medium,Medium,69.59,Medium
Silt,7.61,19.76,0.45,0.98,28.16,80.78,345.9,5.24,7.16,Rice,Sowing,Rabi,Drip,Groundwater,11.21,Yes,109.99,West,Low,Low,60.0,Low
Silt,7.73,37.08,0.33,1.96,41.65,58.36,1614.43,8.8,10.33,Potato,Flowering,Rabi,Sprinkler,River,8.08,Yes,54.96,North,Medium,Medium,110.0,Medium
Loamy,5.98,41.48,0.31,0.67,18.34,72.45,1608.98,10.94,16.23,Potato,Vegetative,Zaid,Canal,Reservoir,1.24,Yes,117.32,Central,Low,Low,32.67,Low
Loamy,6.46,47.74,0.44,0.68,35.89,94.55,2318.21,7.09,7.28,Maize,Harvest,Rabi,Rainfed,River,8.99,Yes,65.86,Central,Low,Low,15.0,Low
Sandy,6.27,41.98,1.26,1.57,35.1,77.21,2387.7,7.64,16.94,Cotton,Vegetative,Rabi,Rainfed,River,8.22,No,106.71,Central,Medium,Medium,75.83,Medium
Sandy,6.45,18.19,1.53,2.19,14.21,69.15,1628.68,6.69,16.3,Rice,Flowering,Kharif,Rainfed,Rainwater,2.46,No,110.84,East,Medium,Medium,81.86,Medium
Sandy,4.9,15.81,0.57,2.37,19.39,68.06,1495.98,10.13,16.27,Sugarcane,Vegetative,Zaid,Sprinkler,Reservoir,4.93,Yes,35.68,South,Medium,Medium,84.51,Medium
Loamy,5.16,44.59,1.48,1.46,21.91,58.61,2074.12,6.97,19.79,Maize,Harvest,Zaid,Sprinkler,Rainwater,10.25,Yes,58.49,South,Low,Low,18.49,Low
Loamy,5.54,11.47,1.18,1.15,13.51,91.93,1298.23,8.78,14.68,Sugarcane,Harvest,Kharif,Canal,River,1.63,No,30.95,West,Medium,Medium,57.56,Medium
Sandy,7.56,35.92,1.36,0.96,21.36,58.91,2250.6,6.2,12.5,Sugarcane,Flowering,Rabi,Rainfed,Reservoir,10.34,Yes,73.7,Central,Low,Low,48.91,Low
Clay,8.14,62.48,0.65,0.73,29.5,86.18,1813.0,4.08,18.58,Maize,Harvest,Kharif,Rainfed,Groundwater,1.06,Yes,6.51,East,Low,Low,15.0,Low
Silt,6.44,26.39,0.72,1.28,34.44,44.97,1277.36,5.16,3.34,Sugarcane,Harvest,Kharif,Canal,Groundwater,3.31,No,30.56,Central,Low,Low,45.86,Low
Sandy,5.85,23.59,0.75,2.28,35.72,43.66,1168.11,10.44,1.28,Wheat,Vegetative,Kharif,Sprinkler,Groundwater,12.45,Yes,0.91,North,Medium,Medium,77.44,Medium
Silt,5.52,51.3,0.67,2.17,20.88,93.16,521.69,7.83,6.89,Potato,Harvest,Kharif,Rainfed,Rainwater,11.49,Yes,113.2,North,Low,Low,15.0,Low
Sandy,6.12,58.64,1.26,1.53,21.31,63.62,691.98,10.23,19.15,Rice,Sowing,Rabi,Rainfed,Rainwater,5.66,No,39.16,North,Low,Low,60.0,Low
Silt,5.58,48.88,0.6,1.99,22.93,71.22,627.83,9.32,3.94,Maize,Flowering,Rabi,Rainfed,Reservoir,9.22,No,96.69,South,Low,Low,57.1,Low
Silt,7.25,45.89,1.03,2.22,30.3,40.78,327.69,6.86,12.0,Sugarcane,Harvest,Kharif,Drip,Reservoir,1.0,No,10.28,North,Low,Low,55.84,Low
Sandy,6.58,35.66,0.8,2.95,27.24,74.14,147.09,6.27,19.24,Wheat,Vegetative,Zaid,Drip,Groundwater,1.2,No,99.17,West,Medium,Medium,110.0,Medium
Sandy,4.82,50.28,0.33,1.57,21.69,75.32,1222.09,9.43,3.94,Sugarcane,Harvest,Kharif,Rainfed,Reservoir,6.47,No,30.18,Central,Low,Low,26.62,Low
Clay,6.82,13.31,1.55,3.01,35.9,43.28,1910.38,5.18,6.93,Wheat,Flowering,Rabi,Rainfed,Groundwater,9.16,No,36.41,Central,Medium,Medium,101.24,Medium
Clay,7.56,27.74,1.08,0.48,25.5,40.19,2005.4,8.04,3.84,Cotton,Sowing,Zaid,Sprinkler,Reservoir,4.96,Yes,91.87,East,Low,Low,25.28,Low
Silt,7.23,43.81,1.55,1.34,31.93,31.66,2131.17,4.64,7.34,Maize,Sowing,Rabi,Sprinkler,Groundwater,3.5,Yes,3.43,Central,Low,Low,32.78,Low
Sandy,6.44,55.0,0.56,2.04,35.65,42.78,372.08,8.61,2.72,Maize,Flowering,Zaid,Drip,Reservoir,14.67,Yes,51.14,East,Low,Low,60.0,Low
Silt,5.14,31.89,1.06,2.61,13.0,45.98,1715.06,9.11,7.22,Wheat,Flowering,Zaid,Drip,Groundwater,3.11,No,86.63,Central,Low,Low,26.17,Low
Sandy,6.68,19.66,1.03,1.0,38.6,59.08,538.41,4.68,9.11,Potato,Flowering,Kharif,Sprinkler,Rainwater,7.56,No,7.08,East,Medium,Medium,110.0,Medium
Sandy,7.0,11.13,0.56,0.49,17.45,35.99,2344.6,9.54,2.37,Cotton,Sowing,Kharif,Canal,Groundwater,6.99,Yes,37.77,North,Low,Low,39.8,Low
Sandy,5.07,23.8,1.38,1.51,26.88,28.0,22.35,5.67,11.34,Wheat,Vegetative,Zaid,Rainfed,Rainwater,5.02,Yes,69.75,West,High,High,150.28,High
Clay,7.73,20.97,0.63,2.3,17.34,40.86,1722.05,5.02,12.59,Cotton,Vegetative,Zaid,Sprinkler,Groundwater,7.81,No,79.84,West,Medium,Medium,54.42,Medium
Sandy,6.26,59.62,0.64,0.4,20.62,93.0,2415.66,4.23,6.02,Maize,Vegetative,Rabi,Rainfed,Reservoir,7.83,Yes,76.37,North,Low,Low,26.33,Low
Silt,5.16,54.81,1.21,0.68,39.6,93.23,1588.79,6.37,6.51,Wheat,Flowering,Zaid,Sprinkler,Rainwater,10.82,No,45.13,West,Medium,Medium,45.0,Medium
Loamy,5.31,36.41,1.01,0.77,31.74,94.33,1053.22,10.52,15.16,Potato,Vegetative,Kharif,Sprinkler,Rainwater,8.63,No,94.96,North,Medium,Medium,92.95,Medium
Loamy,6.89,49.81,1.46,0.13,34.31,66.68,1200.46,6.43,5.08,Cotton,Flowering,Zaid,Canal,River,9.63,Yes,85.33,West,Low,Low,40.25,Low
Sandy,7.02,34.33,0.81,1.17,18.32,35.19,1900.85,4.6,6.08,Cotton,Flowering,Rabi,Rainfed,Rainwater,12.01,No,15.6,North,Low,Low,36.0,Low
Loamy,4.81,26.28,1.31,3.39,32.31,77.37,1614.85,8.66,14.84,Wheat,Flowering,Kharif,Canal,Groundwater,1.24,No,110.04,South,Medium,Medium,69.38,Medium
Silt,5.02,24.57,1.48,0.5,25.85,80.3,1363.22,10.57,16.69,Potato,Sowing,Rabi,Canal,Rainwater,11.96,Yes,17.08,South,Low,Low,51.63,Low
Clay,4.93,33.0,0.47,0.32,19.1,75.54,1924.6,7.26,4.13,Wheat,Vegetative,Rabi,Sprinkler,Groundwater,9.5,No,72.87,North,Low,Low,21.89,Low
Silt,7.02,20.23,0.78,1.99,34.63,89.54,488.41,9.98,1.14,Wheat,Sowing,Zaid,Rainfed,Reservoir,8.91,Yes,92.53,East,Low,Low,51.53,Low
Clay,6.16,27.77,0.35,3.15,25.74,47.38,1013.8,7.15,7.72,Wheat,Harvest,Zaid,Rainfed,Reservoir,11.5,No,19.69,East,Low,Low,26.35,Low
Loamy,6.74,31.27,0.6,0.18,37.29,37.11,423.88,8.91,2.63,Rice,Sowing,Kharif,Canal,Reservoir,2.27,Yes,77.77,North,Low,Low,60.0,Low
Silt,7.05,45.4,0.74,2.04,35.12,85.89,1739.72,5.43,5.97,Maize,Sowing,Rabi,Rainfed,Rainwater,10.03,No,53.87,East,Low,Low,39.72,Low
Silt,7.25,59.17,1.13,0.38,13.77,73.2,39.02,4.52,1.94,Cotton,Sowing,Rabi,Rainfed,Rainwater,7.19,No,55.34,West,Low,Low,54.7,Low
Loamy,7.26,27.96,1.49,3.49,22.38,29.41,1491.98,9.76,6.63,Wheat,Flowering,Zaid,Rainfed,Rainwater,10.85,Yes,21.72,South,Low,Low,45.45,Low
Sandy,7.75,41.53,0.99,1.86,14.57,44.59,804.3,6.35,0.74,Potato,Harvest,Kharif,Sprinkler,Groundwater,1.44,No,111.26,Central,Low,Low,36.63,Low
Clay,6.73,27.8,1.17,1.24,29.04,60.82,1658.26,5.42,10.97,Wheat,Harvest,Zaid,Sprinkler,Rainwater,5.22,No,13.33,North,Low,Low,23.33,Low
Sandy,4.95,63.95,1.25,0.88,34.58,30.38,818.07,4.01,14.81,Maize,Flowering,Kharif,Canal,Reservoir,6.43,Yes,66.14,South,Medium,Medium,98.58,Medium
Silt,8.17,8.58,0.42,1.2,25.5,58.59,1017.75,7.17,3.67,Potato,Vegetative,Zaid,Drip,River,10.96,No,88.64,North,Medium,Medium,110.0,Medium
Sandy,4.83,31.57,1.18,1.2,23.49,77.31,2012.63,4.58,11.32,Potato,Sowing,Zaid,Canal,Rainwater,7.2,Yes,23.88,East,Low,Low,37.54,Low
Silt,5.69,64.45,0.36,0.26,39.81,29.34,2047.45,10.02,3.23,Rice,Flowering,Rabi,Drip,Reservoir,4.92,No,55.56,South,Medium,Medium,96.45,Medium
Silt,5.47,48.84,1.16,2.17,15.74,72.27,2060.69,6.86,12.99,Sugarcane,Harvest,Rabi,Canal,Reservoir,6.72,Yes,42.02,East,Low,Low,21.31,Low
Sandy,5.71,27.45,0.46,0.41,34.45,92.25,1531.15,8.55,14.21,Rice,Harvest,Rabi,Sprinkler,River,3.0,Yes,66.91,Central,Low,Low,27.9,Low
Clay,6.73,28.95,1.06,2.12,36.93,58.81,2352.14,5.66,5.76,Cotton,Harvest,Zaid,Sprinkler,River,6.16,No,119.4,East,Low,Low,17.61,Low
Silt,7.94,64.22,1.56,2.98,32.63,30.84,290.71,8.86,15.21,Sugarcane,Vegetative,Zaid,Sprinkler,River,3.23,No,62.88,North,High,Medium,110.0,High
Clay,4.97,14.61,0.43,2.79,33.26,31.84,2206.61,5.32,14.67,Cotton,Sowing,Kharif,Sprinkler,Reservoir,11.64,Yes,62.01,West,Medium,Medium,110.0,Medium
Clay,4.9,41.89,1.4,1.75,27.73,33.94,850.45,10.42,7.72,Rice,Flowering,Kharif,Rainfed,Groundwater,7.44,No,104.86,South,Low,Low,42.69,Low
Clay,5.13,48.46,1.17,2.33,32.82,88.84,2340.08,5.59,14.34,Maize,Sowing,Rabi,Sprinkler,Reservoir,5.6,No,73.72,North,Low,Low,35.17,Low
Silt,6.14,46.22,0.92,0.58,29.0,94.85,1334.28,7.58,17.21,Wheat,Flowering,Zaid,Sprinkler,River,8.52,Yes,54.14,North,Low,Low,22.19,Low
Clay,6.67,24.27,0.85,2.81,13.01,86.23,731.34,5.09,17.97,Rice,Sowing,Rabi,Drip,Groundwater,0.59,Yes,25.14,East,Low,Low,41.64,Low
Silt,5.68,40.75,0.6,2.71,26.88,76.98,637.61,4.5,3.48,Wheat,Vegetative,Kharif,Rainfed,Rainwater,4.34,Yes,18.27,South,Low,Low,45.76,Low
Clay,6.49,45.38,1.22,2.96,29.76,73.65,1629.67,9.29,10.02,Sugarcane,Harvest,Rabi,Rainfed,Rainwater,0.54,No,76.59,Central,Low,Low,15.89,Low
Loamy,7.7,17.31,0.5,1.5,36.15,59.8,2146.47,8.25,16.83,Potato,Harvest,Kharif,Rainfed,Groundwater,12.88,Yes,31.21,South,Medium,Medium,76.51,Medium
Clay,7.11,33.49,1.01,1.84,40.99,85.46,2475.29,7.81,16.3,Cotton,Harvest,Kharif,Canal,Rainwater,14.48,Yes,26.52,East,Low,Low,24.72,Low
Sandy,5.44,31.14,1.45,2.72,26.93,41.77,2468.29,10.19,18.96,Rice,Vegetative,Kharif,Rainfed,Reservoir,5.74,Yes,116.34,Central,Low,Low,49.06,Low
Sandy,6.58,12.33,0.65,0.17,19.43,83.22,1980.69,6.59,4.4,Wheat,Flowering,Rabi,Rainfed,River,0.31,Yes,76.91,West,Medium,Medium,45.0,Medium
Clay,6.58,56.05,0.76,0.83,39.16,43.99,1848.63,9.09,15.14,Rice,Sowing,Kharif,Canal,River,9.26,Yes,25.54,East,Low,Low,41.24,Low
Clay,6.01,18.56,0.47,0.68,39.45,25.45,2193.13,6.54,11.75,Sugarcane,Vegetative,Zaid,Drip,Groundwater,2.43,Yes,78.32,Central,Medium,Medium,110.0,Medium
Sandy,7.23,41.93,0.59,0.65,24.97,39.73,2190.81,8.38,13.21,Cotton,Sowing,Kharif,Rainfed,Reservoir,3.75,No,52.12,North,Low,Low,43.39,Low
Loamy,5.58,24.97,0.85,2.27,16.47,62.79,2022.6,6.19,8.22,Cotton,Harvest,Zaid,Sprinkler,Groundwater,6.69,Yes,34.02,South,Low,Low,18.95,Low
Sandy,6.6,38.48,0.95,0.24,21.47,30.08,1547.16,4.12,4.37,Rice,Sowing,Zaid,Canal,Reservoir,14.98,Yes,1.55,West,Low,Low,34.89,Low
Clay,5.96,12.75,1.56,0.4,37.22,43.32,306.26,8.9,11.44,Wheat,Sowing,Kharif,Canal,Reservoir,1.43,Yes,84.03,North,Medium,Medium,110.0,Medium
Sandy,5.92,42.37,0.61,0.9,25.68,88.12,2348.23,6.89,17.2,Maize,Harvest,Kharif,Rainfed,Reservoir,5.25,No,55.08,South,Low,Low,16.58,Low
Clay,6.54,26.9,1.3,2.5,29.41,87.7,2007.72,5.16,7.07,Wheat,Vegetative,Rabi,Rainfed,Rainwater,7.31,Yes,65.34,East,Low,Low,32.34,Low
Sandy,6.64,43.02,0.76,3.46,17.25,81.75,1357.37,9.25,17.41,Sugarcane,Vegetative,Rabi,Canal,River,14.22,Yes,15.78,South,Low,Low,22.9,Low
Loamy,7.97,24.9,0.68,0.17,31.58,62.23,57.76,9.8,2.3,Rice,Harvest,Zaid,Canal,Rainwater,8.38,Yes,108.22,West,Medium,Medium,96.77,Medium
Sandy,7.87,9.18,1.12,1.65,39.62,60.95,1944.63,9.61,11.5,Sugarcane,Sowing,Zaid,Sprinkler,River,13.76,Yes,5.8,North,Medium,Medium,110.0,Medium
Loamy,5.88,12.03,1.11,1.07,18.11,58.14,1778.36,4.46,12.4,Rice,Vegetative,Zaid,Rainfed,Rainwater,7.56,Yes,68.65,East,Medium,Medium,110.0,Medium
Sandy,4.9,34.68,1.06,3.05,14.07,70.88,352.59,9.71,2.45,Rice,Vegetative,Rabi,Canal,Rainwater,1.11,No,66.25,West,Low,Low,51.64,Low
Silt,7.83,62.89,1.27,1.51,32.21,48.98,5.13,8.4,15.17,Maize,Sowing,Kharif,Drip,Rainwater,11.47,Yes,13.82,Central,Medium,Medium,100.6,Medium
Loamy,7.82,9.66,1.56,0.28,16.82,55.17,1705.9,4.76,2.52,Potato,Flowering,Kharif,Drip,Rainwater,5.16,Yes,53.97,South,Medium,Medium,110.0,Medium
Clay,6.56,13.33,0.51,1.64,20.55,86.76,2173.01,6.21,15.24,Maize,Flowering,Zaid,Canal,Groundwater,9.93,No,111.12,Central,Medium,Medium,51.68,Medium
Silt,6.83,44.42,1.4,1.13,24.56,85.06,1490.16,10.02,10.15,Potato,Sowing,Kharif,Sprinkler,River,14.77,No,29.72,Central,Low,Low,43.59,Low
Sandy,6.92,31.2,1.25,0.94,36.28,27.28,85.68,9.83,15.85,Rice,Vegetative,Rabi,Drip,Rainwater,0.34,Yes,88.22,East,Medium,Medium,110.0,Medium
Silt,7.47,13.37,0.59,1.15,26.92,85.54,2259.73,5.12,13.07,Wheat,Flowering,Kharif,Drip,River,3.29,Yes,35.39,West,Medium,Medium,52.48,Medium
Silt,7.65,10.4,1.33,0.21,24.53,87.28,56.42,8.76,14.92,Maize,Flowering,Zaid,Canal,River,6.66,No,49.32,Central,High,High,169.58,High
Clay,6.92,46.83,1.05,2.66,34.65,60.28,1044.4,8.09,4.96,Rice,Vegetative,Kharif,Canal,River,1.78,No,84.59,Central,Medium,Medium,104.01,Medium
Silt,7.76,39.81,1.55,1.0,28.39,37.49,788.67,10.29,9.52,Potato,Harvest,Kharif,Drip,Reservoir,14.98,No,75.44,North,Low,Low,22.57,Low
Loamy,7.35,60.55,1.28,1.46,37.85,54.38,1610.41,5.46,10.76,Wheat,Harvest,Kharif,Sprinkler,Reservoir,12.65,Yes,95.46,Central,Low,Low,17.45,Low
Clay,5.07,42.79,0.51,2.37,12.37,56.29,1647.77,6.33,16.84,Wheat,Flowering,Rabi,Sprinkler,Groundwater,11.08,Yes,6.56,Central,Low,Low,26.0,Low
Sandy,5.75,63.52,1.41,1.88,22.46,40.86,2455.32,8.72,5.02,Maize,Sowing,Zaid,Sprinkler,River,6.12,Yes,104.1,Central,Low,Low,27.13,Low
Silt,7.1,8.02,0.79,0.54,14.05,58.26,1387.28,10.83,4.88,Wheat,Sowing,Zaid,Canal,Reservoir,4.43,Yes,109.66,North,Low,Low,26.65,Low
Loamy,7.1,23.12,1.2,1.49,18.89,48.02,1942.11,9.11,6.86,Sugarcane,Harvest,Rabi,Sprinkler,Rainwater,4.85,Yes,39.75,North,Low,Low,32.49,Low
Loamy,7.78,40.13,1.38,1.1,24.11,67.47,1971.87,4.72,17.72,Wheat,Flowering,Kharif,Drip,Reservoir,2.51,No,31.28,South,Medium,Medium,65.74,Medium
Loamy,5.35,63.84,1.25,3.21,25.32,31.11,509.07,4.17,5.76,Rice,Vegetative,Zaid,Sprinkler,Reservoir,6.92,Yes,97.87,South,Low,Low,60.0,Low
Clay,4.91,24.07,1.21,2.35,16.65,62.64,2018.61,5.3,17.65,Rice,Vegetative,Zaid,Rainfed,River,9.15,Yes,22.96,Central,Medium,Medium,83.1,Medium
Sandy,7.53,34.41,1.41,2.69,40.84,53.82,103.29,4.39,19.54,Wheat,Sowing,Kharif,Rainfed,Reservoir,14.94,No,108.7,North,Medium,Medium,99.55,Medium
Clay,6.38,18.73,0.93,2.93,15.86,85.41,1682.44,8.04,15.68,Maize,Flowering,Kharif,Canal,Reservoir,3.26,No,84.41,West,Medium,Medium,76.74,Medium
Silt,5.25,14.48,0.35,1.07,41.16,80.37,2456.34,8.19,17.73,Potato,Vegetative,Kharif,Canal,River,13.12,Yes,68.36,North,Medium,Medium,59.86,Medium
Loamy,7.6,40.34,1.13,1.14,29.98,30.99,1096.97,10.92,3.93,Rice,Flowering,Kharif,Sprinkler,Rainwater,14.07,No,13.25,South,Low,Low,35.92,Low
Clay,5.37,39.28,0.46,3.34,41.49,70.62,1989.27,10.92,13.6,Cotton,Harvest,Zaid,Drip,Reservoir,11.47,No,82.48,Central,Low,Low,18.25,Low
Loamy,8.0,59.32,1.14,2.87,23.49,69.65,1457.63,10.12,13.3,Cotton,Flowering,Zaid,Sprinkler,River,4.53,No,102.46,West,Medium,Medium,69.36,Medium
Clay,7.36,46.95,0.89,1.19,30.44,40.69,1920.0,6.72,17.56,Cotton,Vegetative,Zaid,Drip,River,12.44,No,72.07,South,Medium,Medium,78.72,Medium
Sandy,5.87,8.52,0.85,0.46,24.48,52.79,824.46,4.57,18.28,Sugarcane,Harvest,Kharif,Rainfed,Groundwater,12.17,Yes,58.31,North,Low,Low,48.14,Low
Silt,7.78,26.61,0.93,0.91,27.24,67.84,715.1,6.1,4.46,Cotton,Sowing,Rabi,Sprinkler,River,2.28,Yes,119.3,East,Low,Low,46.04,Low
Sandy,5.87,19.36,1.24,1.44,27.15,53.03,263.62,10.71,19.05,Wheat,Vegetative,Zaid,Drip,Rainwater,11.58,No,99.71,South,High,High,180.0,High
Sandy,5.67,20.91,0.58,0.96,19.36,85.25,2204.14,9.52,2.86,Rice,Vegetative,Rabi,Sprinkler,Reservoir,7.63,Yes,51.26,Central,Medium,Medium,83.55,Medium
Sandy,7.21,45.89,1.57,1.21,37.83,56.27,376.18,5.86,13.55,Sugarcane,Flowering,Rabi,Rainfed,Groundwater,9.17,No,79.21,Central,Medium,Medium,110.0,Medium
Silt,7.59,60.62,1.06,3.12,26.62,62.63,817.09,5.99,1.05,Potato,Flowering,Rabi,Canal,Reservoir,14.57,No,30.03,West,Low,Low,40.1,Low
Silt,4.85,49.22,0.84,1.59,19.97,60.26,582.13,4.36,19.56,Maize,Sowing,Zaid,Canal,Groundwater,7.61,No,104.58,North,Low,Low,26.98,Low
Silt,6.55,37.62,1.5,3.04,31.43,46.43,1077.08,6.63,18.8,Maize,Sowing,Zaid,Sprinkler,Groundwater,6.74,No,19.07,West,Low,Low,59.52,Low
Sandy,5.19,48.13,0.98,0.23,37.92,92.51,992.54,8.49,15.23,Wheat,Sowing,Kharif,Drip,Groundwater,13.95,No,27.31,Central,Low,Low,44.96,Low
Loamy,6.65,49.21,1.58,0.7,40.18,63.05,328.08,7.19,18.23,Rice,Harvest,Zaid,Canal,River,10.15,Yes,6.18,West,Low,Low,31.76,Low
Silt,5.4,23.62,1.4,1.48,31.32,84.8,531.43,5.0,9.48,Potato,Harvest,Kharif,Rainfed,Reservoir,13.42,No,6.09,East,Medium,Medium,45.0,Medium
Clay,5.59,42.98,0.6,1.44,40.46,81.13,1298.39,8.0,7.89,Rice,Harvest,Zaid,Drip,Groundwater,10.24,No,57.46,South,Low,Low,31.89,Low
Silt,6.93,43.53,1.07,3.26,28.65,51.34,1768.08,8.5,19.17,Cotton,Sowing,Kharif,Rainfed,River,13.29,No,97.12,North,Low,Low,40.29,Low
Clay,8.14,27.48,1.35,1.04,22.32,36.53,1255.45,8.56,19.51,Wheat,Vegetative,Rabi,Drip,Reservoir,8.07,Yes,108.7,Central,Low,Low,28.52,Low
Clay,7.24,26.23,1.02,3.23,12.86,69.84,1664.55,8.28,10.18,Rice,Flowering,Rabi,Canal,Rainwater,2.6,Yes,51.93,Central,Low,Low,56.99,Low
Silt,7.69,24.7,0.73,3.21,23.78,65.28,1318.12,10.95,9.49,Sugarcane,Harvest,Kharif,Canal,Reservoir,10.08,Yes,80.69,West,Low,Low,18.11,Low
Loamy,7.77,22.22,1.54,2.11,17.62,28.5,442.14,9.42,17.25,Potato,Flowering,Zaid,Canal,Groundwater,9.93,No,59.81,West,Medium,Medium,110.0,Medium
Silt,7.16,38.16,0.65,0.32,13.74,79.04,2389.82,6.47,14.69,Cotton,Harvest,Rabi,Drip,Rainwater,2.12,Yes,83.22,East,Low,Low,23.5,Low
Silt,6.41,17.11,1.03,1.9,27.65,88.67,242.12,7.32,6.3,Cotton,Harvest,Kharif,Canal,Groundwater,11.11,No,38.22,South,Medium,Medium,65.35,Medium
Clay,7.32,8.55,1.42,1.69,18.93,52.05,1454.25,10.97,11.57,Cotton,Flowering,Kharif,Canal,Rainwater,9.35,Yes,108.48,North,Medium,Medium,110.0,Medium
Silt,4.89,30.35,1.16,1.39,38.92,88.47,70.86,10.03,4.64,Potato,Flowering,Kharif,Sprinkler,River,1.68,No,119.16,South,Medium,Medium,110.0,Medium
Clay,6.72,30.4,1.54,0.35,38.33,80.8,333.59,4.77,7.9,Potato,Harvest,Rabi,Sprinkler,River,9.04,Yes,56.03,Central,Low,Low,28.04,Low
Loamy,6.03,10.39,1.44,3.26,21.75,93.24,311.85,10.26,17.84,Maize,Sowing,Rabi,Drip,Groundwater,6.8,No,107.29,East,Medium,Medium,110.0,Medium
Clay,7.23,20.47,0.68,0.61,14.21,38.25,217.0,5.39,11.08,Wheat,Vegetative,Rabi,Rainfed,River,3.54,No,70.99,West,High,High,156.74,High
Silt,5.91,64.68,0.58,1.38,33.2,68.01,318.9,9.84,19.52,Cotton,Sowing,Kharif,Rainfed,Reservoir,10.11,Yes,42.53,East,Low,Low,54.02,Low
Clay,5.51,13.03,0.53,2.25,24.23,74.68,2323.36,7.41,15.65,Maize,Vegetative,Kharif,Canal,Groundwater,14.76,Yes,71.29,South,Medium,Medium,55.91,Medium
Sandy,6.5,62.05,0.87,2.41,13.37,45.54,150.44,6.74,11.03,Wheat,Sowing,Rabi,Rainfed,River,11.8,Yes,18.05,West,Low,Low,27.4,Low
Silt,7.16,55.61,1.34,1.47,41.68,36.05,1075.6,4.4,4.01,Sugarcane,Harvest,Kharif,Rainfed,River,12.18,No,38.91,Central,Low,Low,20.55,Low
Loamy,7.13,29.14,0.62,2.6,41.32,36.16,2303.46,9.26,12.28,Maize,Harvest,Kharif,Canal,Groundwater,10.61,No,108.91,East,Low,Low,28.14,Low
Silt,6.14,31.45,0.5,3.32,28.4,68.8,2407.46,10.71,17.68,Potato,Harvest,Kharif,Drip,Reservoir,6.67,Yes,86.92,East,Low,Low,19.24,Low
Loamy,5.83,60.27,0.62,0.55,24.25,84.3,1290.25,9.82,15.28,Maize,Sowing,Kharif,Canal,Groundwater,7.15,No,94.26,East,Low,Low,30.26,Low
Clay,7.97,16.58,1.34,0.31,14.98,32.04,1513.16,7.39,6.83,Maize,Vegetative,Rabi,Sprinkler,Groundwater,7.3,Yes,45.18,South,Medium,Medium,75.38,Medium
Loamy,5.98,46.94,0.76,1.48,41.54,68.19,868.51,5.59,0.87,Cotton,Harvest,Kharif,Rainfed,Groundwater,1.06,Yes,20.66,North,Low,Low,39.14,Low
Loamy,5.0,52.3,1.2,1.21,41.09,50.48,761.08,8.75,8.47,Wheat,Flowering,Rabi,Drip,Reservoir,10.08,Yes,62.27,South,Low,Low,39.48,Low
Sandy,8.06,17.63,0.91,1.56,26.35,35.55,377.59,10.15,15.73,Maize,Vegetative,Rabi,Drip,Groundwater,12.0,Yes,5.11,East,Medium,Medium,110.0,Medium
Clay,5.18,12.55,0.83,2.7,31.14,43.19,1775.2,5.42,19.91,Sugarcane,Flowering,Zaid,Sprinkler,Rainwater,8.84,No,66.92,South,High,High,180.0,High
Loamy,6.89,15.64,0.31,2.85,40.02,67.51,2306.89,10.12,9.95,Potato,Harvest,Rabi,Canal,Groundwater,6.5,Yes,47.29,Central,Low,Low,34.45,Low
Clay,6.05,57.56,0.56,2.36,13.12,63.94,526.08,9.07,7.77,Potato,Flowering,Kharif,Sprinkler,River,2.5,Yes,92.36,South,Low,Low,58.52,Low
Sandy,5.01,25.94,0.78,2.06,15.23,43.36,1678.84,10.78,0.89,Wheat,Vegetative,Rabi,Sprinkler,Groundwater,8.9,Yes,44.12,East,Low,Low,35.67,Low
Silt,7.25,54.16,1.06,1.69,21.79,55.67,677.51,8.14,17.37,Sugarcane,Sowing,Rabi,Canal,Groundwater,0.31,No,60.96,South,Low,Low,60.0,Low
Sandy,6.3,22.37,1.07,0.55,17.13,46.31,2034.24,9.51,18.72,Rice,Sowing,Kharif,Rainfed,Groundwater,4.91,Yes,82.35,Central,Low,Low,30.05,Low
Sandy,5.77,11.05,0.48,1.7,33.14,31.83,87.78,4.94,8.64,Potato,Harvest,Kharif,Sprinkler,Rainwater,13.56,No,4.25,Central,Medium,Medium,71.46,Medium
Silt,7.11,37.58,0.99,1.29,16.84,84.08,1804.5,6.29,8.51,Rice,Sowing,Rabi,Canal,River,13.19,Yes,5.25,South,Low,Low,46.2,Low
Silt,5.85,37.66,0.55,0.16,21.22,44.23,1633.19,4.12,8.42,Wheat,Vegetative,Zaid,Sprinkler,Reservoir,6.77,Yes,65.46,West,Low,Low,32.06,Low
Sandy,5.93,46.05,0.98,3.0,31.76,41.44,2055.85,8.99,2.19,Sugarcane,Vegetative,Kharif,Canal,Reservoir,13.92,Yes,103.84,West,Low,Low,53.45,Low
Clay,6.42,61.45,1.43,0.4,29.9,67.07,1061.21,9.44,15.45,Sugarcane,Vegetative,Kharif,Drip,Rainwater,4.04,Yes,88.22,East,Low,Low,35.19,Low
Sandy,5.34,20.65,1.51,2.38,37.97,83.06,323.54,6.17,13.01,Cotton,Vegetative,Rabi,Sprinkler,Reservoir,5.75,No,116.31,Central,High,High,143.99,High
Sandy,7.97,8.98,0.69,3.5,20.03,94.29,1026.21,9.67,12.62,Maize,Vegetative,Rabi,Canal,River,14.56,Yes,18.38,West,Medium,Medium,56.44,Medium
Clay,6.0,44.79,0.72,1.15,25.11,68.63,723.39,10.34,7.24,Maize,Sowing,Rabi,Canal,Groundwater,13.78,No,99.07,West,Low,Low,50.87,Low
Clay,7.76,52.68,1.5,0.69,34.87,75.95,605.47,8.58,15.63,Maize,Harvest,Zaid,Canal,Reservoir,8.22,Yes,92.2,East,Low,Low,24.07,Low
Sandy,5.03,63.09,0.76,2.9,39.99,77.33,746.36,4.75,2.84,Potato,Sowing,Kharif,Rainfed,Groundwater,0.64,Yes,108.19,West,Low,Low,31.32,Low
Clay,6.11,62.52,0.69,3.19,13.99,90.17,337.43,9.97,17.61,Wheat,Vegetative,Zaid,Sprinkler,River,0.86,Yes,6.51,Central,Low,Low,26.72,Low
Silt,5.51,20.29,0.79,0.97,15.1,87.38,1962.06,6.25,9.82,Wheat,Vegetative,Rabi,Sprinkler,Rainwater,2.07,Yes,17.35,East,Medium,Medium,45.0,Medium
Silt,5.93,52.97,1.36,2.98,27.62,76.86,89.52,9.09,16.01,Maize,Harvest,Rabi,Drip,Rainwater,10.29,No,33.6,South,Medium,Medium,61.64,Medium
Silt,7.61,36.42,0.8,0.35,22.42,57.25,785.71,7.54,2.44,Cotton,Flowering,Zaid,Drip,Reservoir,1.33,Yes,112.25,Central,Low,Low,41.95,Low
Loamy,8.08,12.87,0.84,2.01,20.68,65.16,638.67,9.43,13.35,Rice,Flowering,Zaid,Rainfed,River,11.37,No,35.83,North,Medium,Medium,110.0,Medium
Clay,6.14,16.55,0.8,1.34,34.93,91.4,1459.12,9.72,12.15,Wheat,Flowering,Rabi,Drip,Reservoir,1.15,Yes,15.92,South,Medium,Medium,75.45,Medium
Silt,6.44,44.38,0.59,2.34,21.82,53.0,1858.98,10.52,3.18,Potato,Vegetative,Zaid,Canal,Reservoir,6.74,No,22.04,Central,Low,Low,31.14,Low
Clay,7.94,20.14,1.0,1.17,34.85,42.12,520.88,6.33,4.83,Sugarcane,Sowing,Kharif,Sprinkler,Groundwater,2.27,No,19.36,West,Medium,Medium,100.75,Medium
Silt,7.09,17.09,1.1,2.86,30.61,54.89,884.86,10.82,6.82,Rice,Harvest,Kharif,Drip,Rainwater,7.43,No,119.6,East,Medium,Medium,75.72,Medium
Loamy,7.89,30.71,0.83,0.55,30.43,28.81,1162.28,5.43,13.66,Cotton,Vegetative,Zaid,Drip,Groundwater,12.78,No,117.69,South,Medium,Medium,85.48,Medium
Clay,7.81,15.42,1.55,0.14,26.11,50.78,1600.36,7.26,5.07,Rice,Vegetative,Rabi,Rainfed,Groundwater,12.35,Yes,25.89,Central,Medium,Medium,110.0,Medium
Silt,6.76,31.88,0.69,0.56,25.55,58.47,2057.5,4.2,0.78,Sugarcane,Vegetative,Kharif,Rainfed,Reservoir,6.4,No,4.02,North,Low,Low,50.89,Low
Silt,7.28,21.67,1.46,2.16,19.06,45.17,1157.95,7.34,14.65,Maize,Sowing,Rabi,Canal,Groundwater,10.01,Yes,109.8,East,Low,Low,33.71,Low
Clay,8.17,15.29,1.44,2.11,21.47,32.76,2106.81,8.95,9.98,Sugarcane,Sowing,Rabi,Sprinkler,Rainwater,7.01,Yes,29.17,Central,Low,Low,58.27,Low
Silt,6.13,24.64,1.36,2.33,34.73,57.75,2272.62,9.19,17.62,Sugarcane,Harvest,Rabi,Sprinkler,Reservoir,10.15,No,24.66,South,Medium,Medium,68.81,Medium
Sandy,7.66,38.44,1.51,2.6,14.23,68.52,2041.35,4.18,12.45,Cotton,Flowering,Rabi,Rainfed,Rainwater,12.53,Yes,72.58,North,Low,Low,39.2,Low
Sandy,5.46,47.82,1.55,0.97,14.03,33.49,311.53,9.83,14.77,Wheat,Vegetative,Kharif,Rainfed,Groundwater,14.33,Yes,69.34,North,Low,Low,26.35,Low
Clay,5.43,42.02,0.99,1.53,35.74,31.92,1311.24,7.96,18.03,Wheat,Vegetative,Kharif,Sprinkler,Reservoir,7.01,No,119.12,East,Medium,Medium,80.38,Medium
Sandy,5.93,26.23,1.23,3.24,30.83,62.95,153.5,7.51,6.99,Maize,Harvest,Kharif,Rainfed,River,8.32,No,41.97,East,Medium,Medium,50.15,Medium
Sandy,6.78,31.43,1.23,0.26,25.02,81.67,1472.45,9.97,16.27,Potato,Flowering,Kharif,Sprinkler,River,1.09,No,0.73,South,Medium,Medium,74.61,Medium
Sandy,7.26,48.88,0.78,3.16,25.6,40.55,1806.84,10.7,18.44,Maize,Vegetative,Kharif,Sprinkler,Groundwater,12.96,Yes,37.92,North,Low,Low,48.31,Low
Silt,7.59,24.72,0.53,2.41,40.43,70.9,1063.39,10.08,13.3,Cotton,Harvest,Kharif,Drip,Rainwater,12.93,No,54.01,East,Medium,Medium,45.0,Medium
Silt,8.1,44.46,0.57,2.89,13.65,47.5,1090.83,4.67,0.56,Rice,Flowering,Kharif,Rainfed,River,11.56,No,59.67,Central,Low,Low,52.49,Low
Loamy,4.91,29.3,1.36,0.23,15.94,73.34,78.93,5.03,17.49,Potato,Flowering,Kharif,Drip,Rainwater,4.84,Yes,53.63,North,Medium,Medium,110.0,Medium
Silt,6.07,32.95,1.06,2.42,21.15,47.3,149.7,7.62,19.71,Cotton,Flowering,Kharif,Sprinkler,Reservoir,7.53,No,6.92,North,Medium,Medium,110.0,Medium
Clay,7.58,48.62,1.44,2.74,34.15,57.72,2076.0,4.91,3.35,Cotton,Flowering,Kharif,Rainfed,River,6.04,Yes,29.11,South,Low,Low,40.51,Low
Sandy,5.94,37.9,0.46,1.97,32.86,58.06,1179.85,9.34,5.32,Sugarcane,Vegetative,Kharif,Rainfed,Reservoir,2.21,Yes,96.97,South,Low,Low,33.0,Low
Loamy,5.79,21.44,0.49,3.31,29.28,33.81,476.16,10.57,8.99,Wheat,Vegetative,Rabi,Rainfed,Rainwater,11.09,Yes,20.03,East,Medium,Medium,99.9,Medium
Sandy,7.37,60.21,0.63,1.7,32.75,59.69,295.46,8.89,17.36,Sugarcane,Flowering,Zaid,Drip,River,6.74,No,110.49,South,High,Medium,110.0,High
Sandy,7.21,35.18,0.33,0.58,31.77,32.2,824.35,4.12,17.79,Cotton,Vegetative,Rabi,Sprinkler,Rainwater,10.52,Yes,14.71,Central,Medium,Medium,81.91,Medium
Loamy,6.5,61.01,1.15,1.68,22.08,81.64,1914.4,9.81,10.53,Cotton,Harvest,Kharif,Canal,Rainwater,8.94,Yes,17.88,East,Low,Low,15.0,Low
Sandy,7.72,14.92,0.48,1.21,24.14,88.06,1061.06,5.8,14.05,Rice,Flowering,Kharif,Canal,Groundwater,13.33,Yes,70.3,East,Medium,Medium,77.4,Medium
Silt,7.36,19.63,0.84,1.76,31.22,44.8,293.28,6.57,3.78,Maize,Harvest,Zaid,Sprinkler,River,9.95,Yes,114.36,East,Medium,Medium,67.29,Medium
Loamy,6.53,27.5,0.89,2.17,19.56,38.2,2361.75,6.56,12.98,Wheat,Flowering,Rabi,Rainfed,Rainwater,2.6,No,23.01,South,Medium,Medium,62.02,Medium
Silt,7.37,28.01,0.5,0.96,33.6,94.54,527.69,8.64,12.12,Rice,Vegetative,Rabi,Rainfed,River,9.02,Yes,34.48,East,Medium,Medium,85.04,Medium
Loamy,6.39,45.13,0.73,2.22,25.31,42.11,2418.26,4.35,6.32,Cotton,Flowering,Rabi,Canal,Rainwater,0.61,No,42.38,South,Low,Low,40.77,Low
Clay,6.18,47.51,1.34,0.66,31.48,54.87,1140.5,5.51,12.71,Cotton,Vegetative,Zaid,Rainfed,Reservoir,13.56,No,84.2,West,Medium,Medium,91.76,Medium
Sandy,6.36,43.5,0.68,1.41,13.59,38.18,526.76,6.46,2.2,Rice,Vegetative,Kharif,Canal,Groundwater,12.9,Yes,99.59,South,Low,Low,60.0,Low
Clay,5.9,31.38,1.52,3.18,15.2,56.48,1306.61,5.87,9.34,Maize,Vegetative,Kharif,Sprinkler,Reservoir,11.14,Yes,7.56,East,Low,Low,29.22,Low
Loamy,8.1,55.32,1.22,0.73,30.73,40.08,2138.91,8.37,12.35,Cotton,Harvest,Zaid,Sprinkler,Rainwater,5.3,No,41.36,East,Low,Low,15.0,Low
Silt,6.11,25.49,0.44,1.45,22.87,92.43,2305.19,4.54,18.21,Potato,Sowing,Rabi,Canal,Reservoir,5.86,Yes,21.78,South,Low,Low,18.99,Low
Clay,7.92,39.7,0.4,1.14,28.69,66.46,1271.69,4.52,16.81,Potato,Sowing,Kharif,Rainfed,Groundwater,7.53,Yes,1.86,West,Low,Low,50.42,Low
Loamy,5.21,23.31,0.34,0.92,31.2,94.77,841.33,9.65,19.64,Cotton,Sowing,Zaid,Sprinkler,Rainwater,13.22,No,103.19,South,Medium,Medium,96.59,Medium
Clay,6.96,34.71,0.39,1.57,13.75,87.34,443.45,5.03,16.24,Wheat,Harvest,Kharif,Canal,River,4.01,Yes,43.18,East,Low,Low,15.0,Low
Loamy,5.99,29.75,0.39,2.66,39.95,72.35,2452.44,4.66,15.42,Potato,Vegetative,Rabi,Canal,River,8.74,No,34.84,West,Medium,Medium,97.1,Medium
Loamy,6.14,43.4,1.56,1.28,32.66,72.86,2442.68,5.76,17.88,Rice,Sowing,Zaid,Rainfed,Reservoir,5.72,No,97.55,Central,Low,Low,24.6,Low
Clay,7.29,58.15,0.46,0.99,20.17,59.29,1041.87,10.51,13.26,Potato,Harvest,Rabi,Sprinkler,Groundwater,7.49,No,26.26,South,Low,Low,24.79,Low
Clay,4.98,23.76,0.92,0.49,37.39,90.45,1331.92,7.25,19.13,Sugarcane,Harvest,Zaid,Sprinkler,River,7.46,No,2.58,Central,Medium,Medium,65.39,Medium
Loamy,6.04,32.5,0.87,2.93,15.84,94.41,1624.9,4.46,10.61,Cotton,Sowing,Rabi,Sprinkler,Rainwater,5.82,Yes,10.04,Central,Low,Low,34.42,Low
Sandy,5.41,47.91,0.32,1.18,22.29,36.83,476.34,5.06,9.3,Maize,Vegetative,Rabi,Canal,Rainwater,8.7,Yes,39.81,West,Low,Low,57.25,Low
Loamy,5.12,43.48,1.2,1.1,36.39,35.51,615.1,5.85,16.09,Sugarcane,Harvest,Zaid,Canal,River,10.97,No,97.99,Central,Low,Low,50.88,Low
Silt,5.09,40.96,0.94,3.03,33.56,71.89,1095.87,9.37,12.44,Cotton,Harvest,Zaid,Drip,Rainwater,4.25,Yes,64.38,South,Low,Low,18.77,Low
Silt,7.57,49.1,1.17,0.65,37.58,91.51,1214.25,5.93,14.69,Rice,Harvest,Rabi,Rainfed,Groundwater,14.99,Yes,40.73,South,Low,Low,35.07,Low
Loamy,5.74,35.5,0.58,2.48,31.35,91.97,2017.53,9.76,19.65,Rice,Vegetative,Zaid,Rainfed,Rainwater,3.42,No,23.99,North,Medium,Medium,57.27,Medium
Clay,6.96,30.49,1.03,2.98,31.86,44.76,1480.11,6.16,5.05,Cotton,Flowering,Kharif,Canal,Groundwater,14.43,Yes,62.74,Central,Low,Low,60.0,Low
Sandy,5.77,31.2,0.98,1.34,24.21,41.61,1015.77,5.19,17.96,Rice,Flowering,Kharif,Drip,Rainwater,12.8,Yes,3.43,South,Low,Low,60.0,Low
Silt,4.95,39.2,0.73,1.77,37.41,38.29,490.29,7.29,3.85,Wheat,Harvest,Rabi,Canal,River,6.12,No,43.93,South,Low,Low,46.83,Low
Clay,8.1,47.71,1.6,1.65,20.6,90.8,2294.54,7.56,15.92,Potato,Sowing,Zaid,Sprinkler,Groundwater,4.56,Yes,54.98,West,Low,Low,25.05,Low
Clay,7.42,23.12,0.75,1.33,39.44,46.04,505.9,7.61,7.85,Sugarcane,Sowing,Zaid,Drip,River,2.75,Yes,8.42,Central,Low,Low,60.0,Low
Loamy,6.95,47.62,0.7,2.1,24.66,57.75,2355.26,5.71,2.96,Potato,Harvest,Zaid,Sprinkler,Reservoir,10.93,No,3.1,East,Low,Low,20.16,Low
Silt,5.03,26.35,0.85,3.08,20.75,43.1,465.26,4.99,14.58,Potato,Harvest,Rabi,Canal,Reservoir,4.76,Yes,118.23,West,Low,Low,42.7,Low
Silt,6.03,45.03,1.17,2.68,26.97,29.16,496.71,6.84,1.9,Cotton,Flowering,Rabi,Canal,Reservoir,10.37,No,66.99,Central,Low,Low,40.61,Low
Clay,7.37,46.83,1.11,1.51,18.37,92.05,493.24,8.99,9.43,Rice,Harvest,Kharif,Canal,Reservoir,3.85,Yes,3.73,North,Low,Low,18.43,Low
Loamy,6.81,40.86,0.6,3.48,30.9,85.99,74.82,9.31,6.06,Rice,Harvest,Zaid,Sprinkler,Groundwater,14.5,Yes,17.46,North,Low,Low,26.82,Low
Loamy,5.69,54.2,1.14,2.99,35.11,37.99,703.65,5.8,10.71,Sugarcane,Flowering,Kharif,Canal,Reservoir,1.28,Yes,53.36,North,Medium,Medium,110.0,Medium
Loamy,5.11,18.54,0.54,1.15,23.65,51.71,1275.07,7.91,12.99,Cotton,Vegetative,Zaid,Rainfed,Rainwater,1.56,Yes,23.95,Central,Medium,Medium,110.0,Medium
Silt,8.06,54.92,0.62,1.52,15.98,89.78,2457.22,10.17,12.93,Rice,Vegetative,Rabi,Drip,Groundwater,5.32,Yes,23.93,North,Low,Low,22.46,Low
Sandy,6.78,15.92,1.58,0.18,31.23,63.25,2210.0,6.93,3.29,Sugarcane,Harvest,Rabi,Sprinkler,Rainwater,5.22,No,58.08,East,Medium,Medium,74.08,Medium
Loamy,7.72,36.29,1.02,0.52,27.23,51.69,1022.29,10.56,11.77,Maize,Flowering,Rabi,Sprinkler,River,5.28,Yes,104.88,Central,Low,Low,44.28,Low
Silt,5.85,13.68,1.11,1.18,12.54,31.63,1306.94,6.14,4.22,Maize,Sowing,Zaid,Rainfed,Rainwater,1.54,No,27.51,East,Low,Low,35.28,Low
Clay,7.4,56.99,0.77,1.86,39.66,46.96,876.95,5.78,2.55,Rice,Vegetative,Zaid,Rainfed,Groundwater,10.5,No,26.11,West,Medium,Medium,110.0,Medium
Sandy,6.78,12.75,0.39,1.16,35.78,49.08,911.43,7.63,4.89,Maize,Harvest,Zaid,Drip,Reservoir,11.59,No,115.5,North,Medium,Medium,91.71,Medium
Sandy,6.81,52.97,1.29,0.45,29.32,40.81,2474.3,10.13,7.39,Sugarcane,Flowering,Zaid,Drip,Reservoir,4.78,No,0.02,East,Low,Low,48.1,Low
Clay,5.95,51.11,0.72,1.54,31.83,85.24,1622.13,10.09,17.06,Maize,Flowering,Zaid,Drip,Rainwater,8.21,No,85.22,West,Medium,Medium,61.44,Medium
Silt,6.5,53.48,0.87,0.2,24.29,91.05,1462.04,8.11,6.27,Potato,Vegetative,Kharif,Sprinkler,Reservoir,8.51,No,79.97,Central,Low,Low,36.1,Low
Loamy,6.11,36.5,0.76,1.63,26.71,26.27,1380.12,6.69,9.53,Rice,Vegetative,Rabi,Drip,Rainwater,0.43,No,110.57,West,Low,Low,45.42,Low
Silt,5.32,47.79,1.14,2.17,38.23,55.97,2483.89,9.41,12.82,Rice,Flowering,Zaid,Rainfed,Reservoir,7.85,Yes,19.24,South,Medium,Medium,110.0,Medium
Clay,6.13,40.61,0.37,0.55,27.74,50.26,132.83,8.35,15.77,Cotton,Harvest,Zaid,Rainfed,River,2.46,Yes,61.89,Central,Low,Low,47.97,Low
Sandy,7.86,59.24,0.59,0.24,13.85,59.65,680.72,5.54,14.6,Maize,Harvest,Kharif,Canal,River,13.54,Yes,69.7,Central,Low,Low,28.9,Low
Loamy,5.88,54.09,1.18,2.81,41.99,25.31,2352.43,6.23,7.89,Maize,Vegetative,Kharif,Rainfed,Reservoir,11.51,No,83.02,Central,Medium,Medium,61.61,Medium
Clay,7.5,29.57,0.9,2.06,38.06,78.74,1003.01,7.97,14.96,Rice,Sowing,Rabi,Canal,Groundwater,6.18,No,112.62,East,Low,Low,60.0,Low
Loamy,6.57,46.4,1.23,2.28,24.46,47.64,1292.11,9.34,19.83,Maize,Vegetative,Zaid,Drip,River,13.55,No,30.6,Central,Medium,Medium,54.02,Medium
Clay,5.85,63.41,0.82,2.32,36.88,64.43,1571.19,5.93,13.1,Sugarcane,Harvest,Kharif,Drip,Reservoir,3.82,No,114.63,Central,Low,Low,15.0,Low
Clay,7.2,40.84,0.53,2.96,33.32,41.63,1380.42,5.25,18.68,Rice,Harvest,Kharif,Canal,Reservoir,9.05,Yes,6.56,East,Low,Low,25.95,Low
Loamy,6.78,13.64,0.55,1.14,30.73,67.62,1281.35,7.49,13.86,Rice,Sowing,Zaid,Canal,Groundwater,10.49,No,57.34,East,Medium,Medium,110.0,Medium
Loamy,5.36,36.11,0.46,1.72,24.57,86.92,630.29,6.13,5.55,Potato,Vegetative,Kharif,Canal,River,9.14,No,65.45,East,Low,Low,51.74,Low
Silt,7.17,26.04,1.19,3.08,30.85,29.62,2086.14,10.52,12.78,Maize,Vegetative,Kharif,Rainfed,Reservoir,10.38,Yes,18.09,North,Medium,Medium,84.74,Medium
Silt,5.4,64.87,1.56,3.06,17.99,80.87,691.6,8.24,7.95,Cotton,Vegetative,Rabi,Canal,River,1.92,Yes,113.08,Central,Low,Low,31.41,Low
Clay,5.19,27.94,0.64,2.42,41.65,31.65,977.55,7.54,13.29,Wheat,Sowing,Zaid,Rainfed,Rainwater,10.72,No,28.67,West,Low,Low,51.38,Low
Sandy,6.64,48.89,0.95,2.01,41.86,48.23,2235.55,6.41,16.81,Maize,Harvest,Kharif,Canal,River,3.41,Yes,94.35,Central,Low,Low,19.65,Low
Sandy,7.04,15.39,0.97,1.04,25.08,31.64,1880.5,5.41,3.79,Cotton,Vegetative,Kharif,Rainfed,River,6.7,Yes,24.37,Central,Medium,Medium,82.11,Medium
Clay,6.55,25.43,0.91,3.02,21.33,25.42,1557.45,9.76,10.22,Wheat,Harvest,Kharif,Canal,Reservoir,14.41,Yes,51.46,South,Low,Low,25.16,Low
Sandy,7.08,10.06,1.58,2.4,19.75,92.58,2069.8,6.24,18.11,Potato,Sowing,Rabi,Rainfed,River,9.59,No,65.4,North,Medium,Medium,50.05,Medium
Silt,7.95,16.73,0.97,0.39,25.99,80.59,2250.47,9.2,11.07,Wheat,Harvest,Rabi,Sprinkler,Rainwater,4.6,Yes,8.27,West,Low,Low,24.66,Low
Clay,6.31,59.17,0.71,0.71,30.74,80.3,385.68,7.93,15.93,Potato,Vegetative,Kharif,Drip,Groundwater,2.57,No,14.05,East,Medium,Medium,99.49,Medium
Loamy,7.0,23.58,1.31,1.54,30.57,58.6,1096.71,6.34,6.96,Wheat,Flowering,Zaid,Sprinkler,Rainwater,13.83,No,28.56,West,Medium,Medium,89.41,Medium
Silt,6.99,15.95,1.55,2.35,38.29,31.61,198.36,4.44,11.65,Cotton,Harvest,Kharif,Sprinkler,River,9.95,No,53.58,North,High,Medium,109.14,High
Clay,7.61,21.11,0.98,3.47,15.31,38.59,1508.63,5.4,2.99,Cotton,Sowing,Rabi,Rainfed,Reservoir,6.3,Yes,102.15,South,Low,Low,33.41,Low
Clay,6.63,25.86,0.45,2.2,16.38,64.03,599.06,9.7,1.42,Rice,Harvest,Rabi,Rainfed,Rainwater,6.12,Yes,40.27,Central,Low,Low,41.74,Low
Loamy,5.06,19.11,1.02,1.53,27.95,63.21,1885.14,9.77,17.23,Potato,Vegetative,Kharif,Rainfed,Groundwater,8.01,Yes,19.22,South,Medium,Medium,103.49,Medium
Silt,7.38,46.85,1.25,1.46,27.13,26.39,2338.71,8.55,4.21,Potato,Vegetative,Kharif,Rainfed,River,5.65,Yes,98.26,South,Low,Low,34.98,Low
Silt,6.59,41.94,0.33,2.25,26.75,86.77,1.85,5.84,17.44,Sugarcane,Sowing,Zaid,Sprinkler,River,7.87,Yes,96.73,South,Low,Low,45.65,Low
Silt,7.93,16.02,1.41,2.18,16.25,94.66,527.51,8.53,15.21,Wheat,Sowing,Rabi,Sprinkler,Rainwater,2.57,Yes,108.92,Central,Low,Low,42.82,Low
Silt,6.47,47.15,0.79,3.43,12.25,31.63,74.66,10.34,3.87,Rice,Harvest,Rabi,Drip,Rainwater,2.1,No,54.34,Central,Low,Low,51.8,Low
Loamy,7.77,24.81,1.57,2.52,16.59,47.8,2494.43,6.92,15.39,Cotton,Harvest,Rabi,Canal,Rainwater,1.53,No,91.8,West,Medium,Medium,45.0,Medium
Sandy,7.34,34.66,0.75,3.05,23.24,91.18,1455.7,10.82,4.36,Cotton,Sowing,Rabi,Drip,Rainwater,7.34,Yes,95.14,West,Low,Low,35.05,Low
Silt,6.62,49.7,1.42,1.37,29.07,87.47,2274.13,4.35,15.36,Cotton,Flowering,Rabi,Sprinkler,River,13.69,No,118.89,North,Medium,Medium,64.04,Medium
Loamy,6.36,14.31,1.14,2.86,40.12,74.92,1896.35,10.44,11.44,Maize,Harvest,Zaid,Drip,Reservoir,11.18,Yes,85.76,West,Medium,Medium,57.6,Medium
Silt,8.1,23.98,0.37,2.46,19.38,49.75,1922.36,7.95,5.09,Cotton,Vegetative,Zaid,Canal,Groundwater,13.67,No,30.95,Central,Medium,Medium,51.14,Medium
Silt,6.22,53.61,0.36,0.61,12.24,94.75,332.81,7.91,12.99,Cotton,Harvest,Rabi,Drip,Rainwater,14.88,No,106.63,East,Low,Low,26.96,Low
Loamy,5.73,27.79,1.04,1.43,27.75,65.05,635.45,10.34,0.83,Potato,Vegetative,Kharif,Rainfed,Rainwater,1.59,Yes,105.72,South,Low,Low,60.0,Low
Silt,6.97,29.52,0.94,2.98,15.12,74.4,969.74,6.6,5.3,Cotton,Flowering,Kharif,Sprinkler,River,5.21,No,29.18,South,Low,Low,32.77,Low
Silt,7.3,36.96,0.85,2.85,32.61,65.76,233.54,8.3,18.6,Potato,Sowing,Zaid,Sprinkler,Groundwater,12.83,No,92.99,Central,Medium,Medium,103.83,Medium
Loamy,6.45,56.3,1.27,1.99,15.61,41.62,749.37,6.67,10.85,Maize,Flowering,Rabi,Rainfed,Reservoir,9.78,Yes,52.53,East,Low,Low,60.0,Low
Silt,6.9,11.05,0.54,2.59,17.12,90.04,1146.33,4.31,3.71,Sugarcane,Harvest,Rabi,Sprinkler,Rainwater,9.28,Yes,77.95,South,Low,Low,19.85,Low
Loamy,5.22,20.62,0.84,1.64,41.21,26.05,376.48,6.59,6.6,Cotton,Vegetative,Rabi,Rainfed,Groundwater,2.88,Yes,87.63,East,Medium,Medium,110.0,Medium
Sandy,5.89,36.07,0.58,0.25,34.16,87.02,841.0,9.53,7.21,Potato,Harvest,Zaid,Canal,Rainwater,4.85,No,42.22,South,Low,Low,27.53,Low
Silt,7.16,62.45,1.49,0.66,35.89,37.86,250.48,5.31,10.98,Cotton,Flowering,Zaid,Sprinkler,Reservoir,4.53,Yes,63.64,Central,Medium,Medium,94.55,Medium
Loamy,5.49,20.63,0.49,3.28,37.33,59.83,1830.09,9.81,3.63,Cotton,Flowering,Zaid,Rainfed,Rainwater,9.68,Yes,105.1,South,Medium,Medium,110.0,Medium
Loamy,6.83,49.93,1.36,1.01,34.76,43.62,1380.57,6.1,15.84,Wheat,Harvest,Rabi,Sprinkler,Rainwater,3.05,Yes,43.53,East,Low,Low,21.62,Low
Silt,6.13,12.13,1.3,2.21,36.18,28.05,1582.61,10.61,14.98,Wheat,Harvest,Zaid,Drip,River,3.61,Yes,88.88,South,Medium,Medium,53.42,Medium
Loamy,5.02,36.82,1.18,2.41,23.82,39.82,2298.72,9.91,10.02,Maize,Vegetative,Rabi,Rainfed,Rainwater,13.15,Yes,83.83,Central,Low,Low,28.48,Low
Clay,5.63,38.63,0.95,1.64,35.28,45.08,21.17,6.45,4.43,Rice,Harvest,Kharif,Drip,River,2.93,No,15.0,East,Medium,Medium,110.0,Medium
Silt,4.81,50.04,1.16,0.39,36.73,63.0,1681.02,10.62,19.57,Cotton,Vegetative,Rabi,Rainfed,River,3.67,Yes,79.47,Central,Medium,Medium,51.89,Medium
Loamy,6.61,22.55,1.47,2.77,33.02,52.98,957.64,8.73,0.54,Potato,Sowing,Kharif,Rainfed,Groundwater,3.54,Yes,76.85,West,Low,Low,55.75,Low
Sandy,6.29,8.55,1.49,3.45,38.08,80.1,82.5,6.24,6.19,Wheat,Sowing,Rabi,Sprinkler,Rainwater,1.14,Yes,4.73,South,Medium,Medium,110.0,Medium
Clay,5.69,48.74,1.1,0.6,39.08,47.68,64.39,6.58,6.72,Wheat,Harvest,Rabi,Drip,Rainwater,11.22,No,10.94,North,Medium,Medium,57.69,Medium
Loamy,6.71,24.1,0.52,1.12,20.36,54.03,1996.61,8.3,6.71,Maize,Harvest,Rabi,Rainfed,Groundwater,2.63,Yes,23.99,East,Low,Low,22.36,Low
Sandy,6.0,16.63,0.84,0.43,20.14,52.46,246.55,8.45,12.41,Maize,Vegetative,Rabi,Rainfed,Groundwater,11.13,No,85.4,West,High,High,180.0,High
Clay,5.69,10.57,0.57,1.84,18.04,71.59,1291.0,7.01,4.1,Maize,Vegetative,Kharif,Canal,Groundwater,9.96,No,27.68,Central,Medium,Medium,92.82,Medium
Loamy,5.83,15.22,1.42,0.97,36.17,50.05,1754.94,10.35,12.38,Wheat,Harvest,Zaid,Drip,River,12.55,No,52.95,West,Medium,Medium,45.0,Medium
Clay,7.31,64.11,0.67,0.35,19.6,32.91,1044.79,7.0,15.89,Wheat,Sowing,Kharif,Sprinkler,Rainwater,2.52,No,35.85,South,Low,Low,37.68,Low
Silt,7.25,47.93,0.36,3.28,18.3,94.04,146.35,9.52,16.33,Potato,Harvest,Rabi,Sprinkler,River,6.41,Yes,32.94,South,Low,Low,24.04,Low
Sandy,7.7,47.69,1.07,1.19,21.92,94.43,1743.16,5.17,13.81,Potato,Flowering,Kharif,Drip,Groundwater,6.79,No,82.28,East,Medium,Medium,48.05,Medium
Sandy,6.8,26.86,1.59,2.33,27.55,57.45,94.56,9.7,16.65,Potato,Harvest,Zaid,Canal,Rainwater,7.86,No,21.24,Central,Medium,Medium,62.39,Medium
Silt,5.68,21.78,0.68,2.87,21.51,43.35,2013.15,7.12,6.34,Cotton,Vegetative,Rabi,Sprinkler,Reservoir,12.97,No,76.71,Central,Medium,Medium,52.55,Medium
Loamy,6.37,42.85,0.9,3.38,12.49,25.35,339.56,6.18,16.35,Sugarcane,Harvest,Rabi,Rainfed,Reservoir,10.52,No,42.26,East,Low,Low,37.43,Low
Loamy,7.07,11.54,1.06,1.19,13.41,76.62,119.29,8.32,4.89,Sugarcane,Harvest,Rabi,Sprinkler,Reservoir,11.61,Yes,88.43,Central,Medium,Medium,74.94,Medium
Silt,5.42,30.59,1.19,3.37,29.22,62.48,1259.2,8.78,10.46,Sugarcane,Sowing,Rabi,Rainfed,Reservoir,5.4,No,95.08,Central,Low,Low,60.0,Low
Loamy,6.44,58.98,0.7,0.88,35.13,77.31,2482.65,10.18,2.47,Sugarcane,Flowering,Rabi,Drip,Rainwater,3.3,Yes,76.24,East,Low,Low,42.7,Low
Silt,6.51,33.03,1.35,1.76,39.34,80.72,340.62,8.11,3.87,Potato,Harvest,Rabi,Rainfed,River,4.33,No,106.48,Central,Low,Low,27.28,Low
Silt,8.13,42.72,1.21,2.25,41.77,92.07,1695.51,6.77,4.79,Cotton,Sowing,Rabi,Drip,Reservoir,3.32,Yes,117.7,East,Low,Low,33.0,Low
Silt,6.4,43.15,0.52,2.67,38.97,55.53,2443.19,8.45,12.04,Wheat,Harvest,Zaid,Canal,Rainwater,9.12,No,33.37,North,Low,Low,23.99,Low
Clay,5.4,27.76,1.55,0.53,17.86,57.42,623.27,10.63,7.88,Cotton,Sowing,Kharif,Canal,Groundwater,5.69,No,105.38,South,Low,Low,34.5,Low
Clay,6.03,56.07,0.63,3.17,24.92,85.48,1434.13,7.55,3.77,Sugarcane,Vegetative,Zaid,Canal,River,7.49,Yes,72.77,South,Low,Low,24.69,Low
Silt,4.87,30.01,1.52,1.4,31.12,74.47,545.26,9.35,1.25,Cotton,Vegetative,Rabi,Sprinkler,Rainwater,3.72,Yes,43.55,West,Low,Low,27.89,Low
Sandy,7.65,37.18,1.07,2.05,38.42,58.29,2323.99,10.16,13.14,Rice,Flowering,Rabi,Rainfed,River,10.93,Yes,45.86,North,Medium,Medium,110.0,Medium
Clay,5.57,29.2,1.14,3.49,35.61,55.02,1080.03,8.08,17.25,Cotton,Vegetative,Rabi,Drip,Rainwater,5.82,Yes,99.13,South,Medium,Medium,108.65,Medium
Sandy,6.7,26.32,1.24,1.74,20.08,41.14,904.28,6.62,3.07,Potato,Harvest,Zaid,Canal,Rainwater,5.62,Yes,102.35,South,Low,Low,30.31,Low
Clay,5.48,60.22,1.35,2.38,24.77,46.61,465.33,9.29,13.26,Sugarcane,Flowering,Zaid,Drip,Rainwater,7.68,Yes,107.8,Central,Low,Low,60.0,Low
Loamy,6.52,11.95,1.23,1.4,20.1,75.72,336.96,9.21,12.21,Rice,Vegetative,Zaid,Canal,River,10.18,No,26.02,East,Medium,Medium,110.0,Medium
Sandy,7.48,57.33,0.99,0.11,37.22,65.41,1403.11,10.56,7.19,Potato,Harvest,Kharif,Sprinkler,River,9.84,No,40.63,Central,Low,Low,28.03,Low
Clay,7.61,43.38,0.52,2.23,38.72,81.84,241.55,10.72,6.43,Sugarcane,Flowering,Kharif,Canal,Reservoir,10.11,Yes,109.54,South,Medium,Medium,110.0,Medium
Loamy,6.1,50.21,1.07,2.42,33.22,54.95,999.33,7.19,11.33,Maize,Flowering,Zaid,Canal,Reservoir,11.0,Yes,25.01,South,Medium,Medium,91.6,Medium
Clay,6.56,62.75,1.15,0.82,40.25,93.42,795.45,5.86,9.8,Potato,Harvest,Kharif,Sprinkler,Groundwater,9.21,No,41.4,East,Low,Low,15.0,Low
Loamy,6.93,52.74,0.32,2.47,12.7,55.46,2067.59,5.91,7.28,Cotton,Harvest,Kharif,Sprinkler,Reservoir,12.46,No,23.56,North,Low,Low,15.0,Low
Sandy,6.84,9.95,0.44,2.76,29.93,75.76,1243.68,5.64,14.27,Potato,Harvest,Kharif,Canal,Reservoir,6.12,Yes,21.23,West,Low,Medium,46.49,Low
Clay,6.42,12.62,1.52,1.17,22.48,42.24,449.03,5.24,18.28,Sugarcane,Flowering,Kharif,Drip,Groundwater,14.91,Yes,36.62,East,Medium,Medium,110.0,Medium
Loamy,7.09,22.87,1.36,1.62,36.66,88.52,614.21,7.63,1.3,Rice,Harvest,Kharif,Sprinkler,Rainwater,7.14,Yes,105.89,North,Low,Low,49.11,Low
Sandy,6.04,15.66,1.02,0.48,35.03,83.86,1880.59,4.1,15.55,Potato,Sowing,Kharif,Drip,River,0.92,No,67.65,East,Medium,Medium,63.19,Medium
Sandy,6.59,59.42,0.51,0.21,35.73,87.07,2142.59,4.49,10.1,Rice,Vegetative,Zaid,Canal,River,2.43,Yes,89.88,East,Medium,Medium,58.59,Medium
Clay,5.83,61.97,1.42,0.65,36.69,25.88,2438.41,5.99,3.55,Cotton,Flowering,Kharif,Rainfed,Reservoir,7.45,Yes,33.17,North,Low,Low,32.26,Low
Loamy,5.96,13.22,0.77,2.93,14.82,85.02,2155.27,6.07,3.92,Rice,Harvest,Kharif,Rainfed,Groundwater,0.32,No,29.24,West,Low,Low,32.11,Low
Sandy,5.71,30.51,1.48,0.46,20.19,55.51,1582.25,6.56,7.12,Wheat,Flowering,Zaid,Sprinkler,Rainwater,13.62,Yes,88.36,East,Low,Low,27.76,Low
Sandy,6.59,29.01,0.65,0.85,13.17,36.83,2297.86,4.25,11.8,Sugarcane,Vegetative,Zaid,Drip,Reservoir,3.52,No,90.39,West,Medium,Medium,81.3,Medium
Clay,6.71,40.8,1.22,0.94,21.18,80.15,1407.34,7.83,7.78,Maize,Sowing,Zaid,Rainfed,Groundwater,13.4,Yes,43.82,North,Low,Low,17.5,Low
Clay,5.45,29.91,1.59,3.08,12.37,28.46,1723.54,5.02,8.33,Maize,Flowering,Kharif,Sprinkler,Rainwater,12.12,Yes,104.99,South,Low,Low,25.58,Low
Sandy,6.36,55.71,0.44,2.13,13.47,39.3,552.01,9.73,17.14,Sugarcane,Sowing,Zaid,Sprinkler,Reservoir,7.64,No,112.49,Central,Low,Low,60.0,Low
Loamy,7.66,54.64,0.81,1.87,23.44,81.91,213.64,6.39,11.96,Potato,Harvest,Zaid,Rainfed,Rainwater,0.81,Yes,58.15,North,Low,Low,35.0,Low
Clay,6.2,22.86,1.02,3.37,16.73,94.78,1129.22,10.74,18.02,Rice,Sowing,Rabi,Drip,Rainwater,6.86,Yes,88.32,West,Low,Low,23.73,Low
Loamy,6.67,33.62,1.51,1.68,22.94,88.72,2115.02,6.37,7.13,Rice,Flowering,Kharif,Canal,Rainwater,8.98,No,61.32,South,Low,Low,51.02,Low
Sandy,6.23,59.46,1.27,1.91,13.03,74.45,2232.38,9.3,12.3,Sugarcane,Flowering,Rabi,Canal,Rainwater,9.04,No,69.01,West,Medium,Medium,77.57,Medium
Silt,7.43,16.73,1.56,3.22,34.83,92.4,862.12,8.16,5.54,Rice,Vegetative,Kharif,Canal,Groundwater,4.24,No,23.36,North,Medium,Medium,110.0,Medium
Silt,5.14,42.15,1.16,0.13,30.23,58.0,1442.89,7.05,1.54,Maize,Harvest,Zaid,Drip,Rainwater,2.78,No,59.05,West,Low,Low,24.22,Low
Sandy,6.14,11.4,0.89,2.14,14.33,59.55,575.47,7.91,2.99,Rice,Sowing,Rabi,Rainfed,River,5.3,Yes,84.7,North,Low,Low,60.0,Low
Sandy,8.02,50.39,0.57,1.55,22.99,70.6,1736.61,10.03,11.64,Potato,Harvest,Rabi,Sprinkler,Groundwater,10.0,Yes,101.19,North,Low,Low,16.86,Low
Sandy,5.5,24.54,1.46,1.27,37.47,87.1,1060.25,4.09,11.49,Sugarcane,Harvest,Kharif,Drip,Rainwater,7.44,No,117.05,South,Medium,Medium,63.98,Medium
Silt,7.29,8.69,1.18,2.17,21.54,82.44,2224.15,5.77,16.3,Maize,Sowing,Rabi,Sprinkler,Reservoir,1.59,No,10.11,Central,Medium,Medium,49.02,Medium
Sandy,6.12,24.22,0.4,1.0,32.66,45.62,1151.9,10.57,11.34,Wheat,Vegetative,Rabi,Rainfed,Rainwater,13.49,No,24.99,West,High,Medium,59.95,High
Clay,7.28,44.17,0.84,3.47,31.35,76.54,537.97,8.89,0.54,Potato,Sowing,Kharif,Canal,Rainwater,1.09,Yes,110.4,Central,Low,Low,40.33,Low
Loamy,5.97,8.56,1.0,1.31,33.26,54.7,796.24,8.41,12.73,Potato,Sowing,Kharif,Sprinkler,Groundwater,2.18,No,21.13,South,Medium,Medium,110.0,Medium
Silt,6.8,23.02,1.08,2.94,24.16,39.16,864.83,8.0,0.86,Rice,Vegetative,Kharif,Drip,Groundwater,1.18,No,24.3,North,Medium,Medium,99.8,Medium
Clay,5.81,37.81,1.57,1.08,40.3,26.93,769.67,5.13,11.06,Potato,Flowering,Zaid,Drip,Groundwater,11.5,No,57.29,North,Medium,Medium,110.0,Medium
Clay,5.76,26.46,1.09,2.51,19.62,27.89,1496.66,5.73,16.87,Potato,Flowering,Zaid,Rainfed,Rainwater,10.05,No,60.24,West,Medium,Medium,110.0,Medium
Silt,7.38,11.26,0.96,1.73,37.07,50.4,1705.22,8.71,9.85,Potato,Vegetative,Rabi,Drip,Groundwater,0.56,Yes,89.76,East,Medium,Medium,81.68,Medium
Silt,7.7,9.23,0.42,0.95,34.38,49.63,1061.38,10.85,18.76,Rice,Sowing,Kharif,Canal,River,7.48,Yes,89.28,North,Medium,Medium,110.0,Medium
Silt,7.4,12.91,0.51,0.53,20.58,65.32,1565.09,4.05,8.22,Rice,Vegetative,Rabi,Canal,River,6.09,Yes,92.54,West,Medium,Medium,83.18,Medium
Loamy,7.86,44.14,0.31,0.71,12.31,26.36,2403.93,7.72,6.08,Cotton,Flowering,Zaid,Rainfed,Groundwater,0.61,Yes,28.36,West,Low,Low,43.79,Low
Loamy,5.79,13.98,1.3,3.08,15.33,27.53,70.7,10.91,2.19,Rice,Harvest,Rabi,Drip,Reservoir,0.97,No,39.65,North,Medium,Medium,81.16,Medium
Silt,6.77,25.39,0.6,1.28,29.59,35.0,1258.51,9.07,3.77,Wheat,Flowering,Zaid,Canal,River,7.61,Yes,85.14,Central,Low,Low,53.98,Low
Clay,5.96,40.46,0.56,2.34,20.56,70.97,1517.64,10.09,16.32,Wheat,Harvest,Kharif,Sprinkler,Groundwater,12.71,Yes,98.81,North,Low,Low,17.97,Low
Clay,5.78,24.94,0.81,3.28,32.9,53.69,377.48,10.03,16.43,Cotton,Vegetative,Kharif,Sprinkler,Groundwater,1.07,Yes,98.98,West,Medium,Medium,110.0,Medium
Clay,7.7,38.46,1.55,1.75,14.61,42.72,1177.39,10.94,2.07,Cotton,Harvest,Kharif,Drip,Rainwater,14.2,No,119.18,West,Low,Low,27.7,Low
Loamy,5.99,56.45,0.76,2.44,15.7,57.12,745.46,6.51,1.48,Sugarcane,Harvest,Zaid,Sprinkler,Groundwater,2.05,Yes,14.23,South,Low,Low,31.93,Low
Silt,5.23,49.36,1.15,0.51,27.03,43.1,351.06,7.21,3.0,Rice,Vegetative,Rabi,Drip,Groundwater,6.44,Yes,112.09,South,Low,Low,60.0,Low
Silt,7.95,17.38,0.76,0.85,35.78,62.36,1547.66,6.86,15.12,Rice,Vegetative,Zaid,Sprinkler,River,10.88,Yes,91.52,South,Medium,Medium,110.0,Medium
Loamy,7.68,63.25,0.58,2.17,32.06,93.17,1574.5,9.63,11.74,Wheat,Harvest,Zaid,Canal,Rainwater,14.84,No,111.27,North,Low,Low,15.0,Low
Sandy,5.74,35.82,1.39,1.82,32.09,61.57,1352.87,6.97,4.36,Maize,Sowing,Zaid,Canal,Rainwater,13.4,Yes,25.58,South,Low,Low,24.52,Low
Sandy,4.82,17.54,1.42,1.63,41.64,50.85,1287.7,8.98,6.27,Rice,Harvest,Kharif,Rainfed,Rainwater,13.27,No,60.99,East,Medium,Medium,110.0,Medium
Sandy,5.02,50.68,1.29,3.28,18.94,45.21,134.24,4.53,18.66,Maize,Sowing,Kharif,Drip,River,13.34,Yes,25.75,Central,Low,Low,58.67,Low
Sandy,7.51,54.06,0.79,0.63,20.8,77.09,153.02,7.57,5.45,Cotton,Harvest,Zaid,Drip,Groundwater,0.97,No,52.24,Central,Low,Low,29.28,Low
Clay,5.45,44.75,0.86,1.55,31.23,91.79,262.78,5.61,13.9,Cotton,Sowing,Rabi,Canal,Groundwater,13.6,No,106.93,East,Medium,Medium,75.65,Medium
Clay,7.28,59.8,0.38,0.16,17.18,71.02,1321.21,4.38,12.62,Rice,Flowering,Rabi,Sprinkler,Reservoir,2.07,Yes,110.69,Central,Low,Low,51.56,Low
Sandy,6.19,8.37,1.08,3.47,16.4,27.25,1211.03,6.26,2.96,Potato,Sowing,Kharif,Canal,Groundwater,4.09,No,118.51,East,Low,Low,48.5,Low
Clay,5.72,26.25,0.35,1.58,14.48,74.04,684.16,5.56,18.64,Sugarcane,Sowing,Rabi,Sprinkler,Rainwater,13.72,No,69.24,Central,Low,Low,58.88,Low
Clay,6.71,42.97,0.58,2.85,20.36,63.61,790.78,5.99,15.06,Wheat,Flowering,Rabi,Rainfed,Rainwater,12.44,No,99.28,South,Medium,Medium,57.3,Medium
Clay,4.9,47.94,0.69,3.23,31.02,55.45,1748.54,6.55,3.54,Potato,Sowing,Zaid,Canal,Reservoir,0.76,No,75.05,Central,Low,Low,44.43,Low
Silt,4.99,11.08,1.17,2.88,18.12,70.18,708.72,8.16,2.11,Sugarcane,Sowing,Kharif,Canal,River,6.98,Yes,50.83,South,Low,Low,60.0,Low
Clay,6.44,49.34,1.08,1.54,18.15,66.72,1840.66,7.75,10.52,Potato,Sowing,Kharif,Rainfed,Rainwater,11.54,Yes,10.68,Central,Low,Low,17.88,Low
Sandy,7.44,27.26,1.35,2.35,27.36,69.55,1433.63,6.21,15.58,Maize,Harvest,Kharif,Canal,Groundwater,4.88,Yes,74.22,South,Low,Low,33.73,Low
Sandy,6.77,59.79,1.32,0.74,25.5,33.15,865.03,4.56,1.61,Rice,Vegetative,Zaid,Canal,River,6.08,No,53.57,South,Low,Low,58.26,Low
Loamy,6.38,22.85,0.95,1.49,27.43,44.63,1048.61,10.83,2.8,Sugarcane,Vegetative,Kharif,Rainfed,Reservoir,1.88,Yes,71.96,East,Medium,Medium,110.0,Medium
Sandy,5.95,49.46,0.33,2.02,24.4,27.96,1307.8,8.97,1.73,Wheat,Harvest,Zaid,Canal,Groundwater,9.29,Yes,87.54,North,Low,Low,24.33,Low
Loamy,6.61,8.21,0.98,2.0,40.84,85.04,176.19,10.24,17.31,Maize,Harvest,Rabi,Rainfed,Rainwater,13.45,No,93.8,Central,High,High,132.38,High
Sandy,7.77,24.18,1.34,0.91,30.29,45.41,565.36,6.91,7.35,Cotton,Vegetative,Rabi,Drip,Rainwater,13.44,Yes,38.63,South,Medium,Medium,110.0,Medium
Silt,6.35,54.25,0.44,0.53,17.09,58.22,1226.29,9.11,18.47,Cotton,Vegetative,Zaid,Rainfed,Groundwater,6.85,Yes,27.11,East,Low,Low,47.35,Low
Loamy,7.82,60.08,1.46,1.53,34.46,84.22,362.12,10.98,10.23,Maize,Vegetative,Zaid,Sprinkler,Reservoir,5.95,No,64.15,East,Medium,Medium,65.45,Medium
Clay,7.3,38.26,1.3,0.63,16.75,60.49,91.99,4.38,12.44,Sugarcane,Vegetative,Rabi,Drip,Rainwater,11.39,Yes,92.11,North,Medium,Medium,103.53,Medium
Sandy,5.73,20.73,1.59,1.89,22.8,37.06,1821.5,4.12,5.47,Rice,Sowing,Rabi,Drip,River,13.33,Yes,57.47,Central,Low,Low,50.25,Low
Clay,4.91,52.38,1.48,1.53,21.6,31.16,1350.4,9.57,4.22,Cotton,Vegetative,Zaid,Sprinkler,River,4.5,Yes,60.68,Central,Low,Low,45.19,Low
Loamy,7.6,43.6,1.44,2.1,17.49,61.52,2233.57,6.67,5.66,Wheat,Flowering,Rabi,Sprinkler,Reservoir,12.58,No,18.54,South,Low,Low,31.69,Low
Sandy,5.13,64.93,1.47,1.4,27.32,78.4,792.21,9.6,17.86,Wheat,Sowing,Rabi,Sprinkler,Groundwater,0.55,Yes,11.46,South,Low,Low,39.67,Low
Silt,7.98,38.85,0.9,2.32,31.45,90.34,300.33,9.0,5.26,Rice,Flowering,Zaid,Canal,Groundwater,9.74,Yes,56.2,North,Low,Low,60.0,Low
Silt,6.7,30.75,0.78,2.43,29.2,65.43,1408.36,10.53,12.21,Wheat,Sowing,Zaid,Canal,River,1.2,Yes,77.79,Central,Low,Low,47.0,Low
Loamy,7.89,26.65,1.26,0.13,37.95,39.24,2304.29,8.63,16.57,Rice,Flowering,Kharif,Sprinkler,Reservoir,7.74,No,18.5,Central,Medium,Medium,94.15,Medium
Silt,4.9,37.58,0.87,1.82,19.42,87.73,2353.78,5.23,13.94,Maize,Vegetative,Rabi,Sprinkler,Rainwater,7.89,No,106.01,East,Medium,Medium,51.33,Medium
Loamy,7.96,30.31,1.01,2.2,13.4,72.94,1190.63,5.28,9.61,Potato,Flowering,Kharif,Rainfed,Reservoir,7.9,Yes,30.87,North,Low,Low,24.34,Low
Silt,7.69,18.9,0.51,0.28,31.03,26.93,415.36,9.26,10.74,Maize,Harvest,Zaid,Canal,Rainwater,0.58,Yes,3.31,North,Medium,Medium,79.75,Medium
Silt,6.33,63.63,0.99,0.75,17.45,31.17,2201.02,10.28,3.6,Rice,Harvest,Rabi,Canal,Reservoir,2.46,No,68.91,Central,Low,Low,16.51,Low
Clay,6.68,58.23,0.4,0.69,33.01,81.75,1014.88,9.8,8.37,Wheat,Flowering,Kharif,Canal,Rainwater,2.19,No,30.57,North,Medium,Medium,61.23,Medium
Sandy,7.2,36.62,0.9,3.19,23.91,88.02,618.39,7.02,3.9,Potato,Vegetative,Kharif,Sprinkler,Reservoir,1.54,Yes,76.4,Central,Low,Low,45.92,Low
Sandy,5.32,55.31,1.3,2.21,34.21,44.44,2149.75,9.79,4.07,Rice,Sowing,Zaid,Sprinkler,Rainwater,8.66,Yes,98.25,Central,Low,Low,41.83,Low
Sandy,7.99,50.84,1.18,1.47,21.43,55.09,1924.68,10.12,14.2,Sugarcane,Vegetative,Zaid,Sprinkler,River,10.41,Yes,2.34,East,Low,Low,35.19,Low
Silt,4.87,23.23,0.33,3.39,35.41,70.0,96.75,8.16,4.3,Potato,Vegetative,Zaid,Rainfed,River,14.28,No,104.54,South,High,Medium,108.55,High
Loamy,6.73,21.22,1.28,0.49,15.74,45.3,2409.39,8.0,18.25,Cotton,Flowering,Kharif,Sprinkler,Reservoir,8.86,No,84.34,Central,Medium,Medium,67.92,Medium
Sandy,4.82,14.93,0.99,0.43,17.72,55.82,2270.68,5.04,8.89,Cotton,Flowering,Zaid,Rainfed,Reservoir,9.43,No,75.86,Central,Medium,Medium,73.05,Medium
Sandy,6.65,39.05,0.9,1.07,24.34,51.96,179.71,8.61,7.73,Wheat,Harvest,Kharif,Canal,Reservoir,8.23,No,115.69,Central,Low,Low,18.49,Low
Sandy,7.11,64.44,0.65,1.41,20.34,38.99,2079.45,4.11,2.18,Cotton,Vegetative,Zaid,Drip,Reservoir,6.65,Yes,50.82,Central,Low,Low,25.64,Low
Silt,6.36,26.82,0.4,2.43,19.79,25.33,1137.5,7.94,16.06,Potato,Harvest,Rabi,Drip,Rainwater,4.17,Yes,116.55,Central,Low,Low,30.13,Low
Clay,5.31,62.07,0.57,3.07,27.91,68.53,690.91,6.64,6.47,Cotton,Flowering,Rabi,Rainfed,Rainwater,11.33,No,5.55,West,Low,Low,41.93,Low
Loamy,5.28,18.89,1.26,1.48,13.68,50.35,253.9,7.16,10.02,Wheat,Harvest,Rabi,Canal,Rainwater,6.39,Yes,51.28,South,Medium,Medium,67.46,Medium
Silt,6.76,25.97,0.37,0.72,26.04,78.14,2200.58,10.44,4.56,Sugarcane,Flowering,Zaid,Rainfed,Rainwater,6.3,Yes,62.32,South,Low,Low,41.05,Low
Silt,7.62,42.78,0.88,1.66,13.88,56.88,841.58,5.05,15.8,Potato,Harvest,Zaid,Canal,Groundwater,5.71,No,31.23,Central,Low,Low,36.93,Low
Clay,6.76,10.76,1.22,3.26,37.91,90.55,2093.64,10.14,14.5,Potato,Harvest,Kharif,Sprinkler,Reservoir,1.17,No,15.13,North,Medium,Medium,50.58,Medium
Clay,6.89,47.83,0.48,0.2,15.83,60.42,1238.54,7.01,17.93,Rice,Vegetative,Zaid,Rainfed,Rainwater,10.55,No,91.27,South,Medium,Medium,79.32,Medium
Sandy,6.71,37.4,1.52,0.82,37.47,32.06,1322.47,4.72,0.92,Rice,Vegetative,Kharif,Canal,Reservoir,11.09,No,108.96,South,Medium,Medium,94.15,Medium
Clay,6.39,25.6,1.3,2.29,25.88,90.23,89.0,8.42,15.51,Wheat,Flowering,Kharif,Drip,River,4.69,No,45.65,Central,Medium,Medium,88.08,Medium
Loamy,6.55,12.47,0.8,0.98,13.88,25.84,1410.7,5.17,11.11,Sugarcane,Harvest,Rabi,Canal,Reservoir,5.64,No,119.61,East,Medium,Medium,65.88,Medium
Silt,8.08,8.64,0.69,2.8,35.58,89.19,770.46,8.64,10.78,Potato,Vegetative,Zaid,Rainfed,Rainwater,13.55,Yes,30.5,East,Medium,Medium,110.0,Medium
Sandy,4.85,21.45,0.71,1.5,41.69,55.39,63.07,8.72,14.72,Maize,Sowing,Kharif,Drip,Groundwater,7.75,No,118.68,South,High,High,180.0,High
Sandy,5.34,31.69,1.47,0.92,17.44,52.35,2141.92,7.49,15.59,Potato,Vegetative,Rabi,Sprinkler,Reservoir,0.94,Yes,90.33,South,Low,Low,36.65,Low
Silt,5.75,64.39,0.86,1.05,13.77,68.11,1414.33,7.9,14.82,Potato,Sowing,Rabi,Drip,River,3.71,No,47.3,North,Low,Low,30.98,Low
Clay,5.9,29.61,0.36,0.32,19.01,38.31,1890.95,5.12,6.82,Cotton,Harvest,Rabi,Canal,Rainwater,12.78,Yes,3.09,North,Low,Low,24.19,Low
Silt,5.15,10.52,0.49,1.0,20.52,83.38,1441.62,8.4,17.95,Maize,Harvest,Kharif,Canal,River,10.42,No,21.77,Central,Medium,Medium,51.54,Medium
Silt,7.7,17.49,0.84,1.51,38.55,30.76,2152.79,5.61,16.96,Wheat,Flowering,Zaid,Drip,Rainwater,7.32,No,111.39,West,High,High,180.0,High
Clay,8.06,10.01,1.58,1.57,34.65,65.73,2320.77,5.15,16.96,Potato,Flowering,Kharif,Sprinkler,Reservoir,7.15,No,6.48,East,High,High,180.0,High
Loamy,4.95,45.06,1.08,1.71,40.46,37.67,575.53,5.09,2.8,Maize,Vegetative,Kharif,Canal,Groundwater,14.36,Yes,115.02,East,Low,Low,31.19,Low
Loamy,7.68,12.03,0.7,1.71,37.24,26.31,1863.04,8.93,3.85,Rice,Flowering,Kharif,Drip,Reservoir,9.5,No,66.81,Central,Medium,Medium,110.0,Medium
Clay,7.58,60.14,0.4,1.64,28.92,45.13,461.58,7.05,16.12,Potato,Vegetative,Rabi,Drip,Groundwater,10.36,No,88.9,Central,Medium,Medium,70.84,Medium
Loamy,7.76,47.35,1.28,1.48,32.65,83.03,167.52,7.43,5.32,Potato,Sowing,Kharif,Sprinkler,Rainwater,3.02,No,97.58,North,Medium,Medium,107.73,Medium
Silt,7.18,55.67,0.38,3.15,36.59,63.28,900.18,9.0,10.01,Maize,Flowering,Rabi,Sprinkler,River,2.4,Yes,105.62,North,Medium,Low,60.0,Medium
Loamy,5.2,21.72,0.83,3.36,18.44,59.21,875.53,5.31,14.48,Wheat,Harvest,Rabi,Rainfed,Reservoir,12.81,No,17.31,South,Medium,Medium,45.0,Medium
Loamy,5.09,9.6,0.56,2.6,20.66,45.12,252.73,6.08,13.32,Rice,Vegetative,Kharif,Sprinkler,River,11.58,No,86.16,East,High,Medium,110.0,High
Loamy,6.06,46.53,1.01,2.02,18.17,53.53,1298.14,7.09,3.95,Rice,Flowering,Rabi,Canal,River,1.35,No,88.43,Central,Low,Low,32.74,Low
Silt,7.14,59.67,0.78,3.13,27.44,75.93,1906.27,6.67,7.94,Wheat,Flowering,Rabi,Drip,Reservoir,7.8,No,96.9,South,Low,Low,41.11,Low
Loamy,6.74,27.69,1.04,0.91,37.96,26.14,847.22,4.84,8.15,Sugarcane,Harvest,Kharif,Drip,Reservoir,4.14,No,107.19,South,Low,Low,38.81,Low
Clay,5.65,9.68,1.08,0.54,23.4,83.86,1098.25,10.81,11.97,Rice,Sowing,Kharif,Drip,Reservoir,12.57,No,11.81,North,Medium,Medium,75.25,Medium
Sandy,5.74,53.69,1.18,3.06,15.8,43.66,1548.52,8.74,8.19,Rice,Sowing,Rabi,Drip,River,8.98,Yes,50.44,Central,Low,Low,39.46,Low
Silt,6.51,36.61,1.53,3.39,26.11,35.64,351.79,5.51,7.32,Sugarcane,Harvest,Kharif,Drip,Rainwater,6.34,Yes,93.61,North,Low,Low,37.1,Low
Clay,5.38,52.99,1.52,2.31,17.72,35.42,856.19,8.07,4.12,Sugarcane,Harvest,Rabi,Rainfed,Rainwater,11.97,Yes,119.76,East,Low,Low,26.1,Low
Sandy,6.71,11.52,1.09,0.54,27.1,42.88,749.88,7.49,18.67,Potato,Harvest,Zaid,Drip,Reservoir,9.04,Yes,93.3,Central,Low,Low,35.39,Low
Loamy,5.16,57.4,1.24,3.34,18.55,93.3,531.1,6.45,12.96,Rice,Flowering,Rabi,Sprinkler,Groundwater,13.68,Yes,34.7,East,Low,Low,60.0,Low
Silt,8.02,29.04,0.42,0.67,26.91,51.5,540.23,9.46,13.81,Cotton,Sowing,Kharif,Rainfed,River,12.35,No,103.82,Central,Low,Low,57.78,Low
Sandy,5.19,12.85,1.17,1.61,12.13,63.42,865.77,8.44,11.73,Cotton,Vegetative,Kharif,Canal,Rainwater,7.96,Yes,113.08,South,Medium,Medium,84.26,Medium
Loamy,5.97,57.66,1.47,1.84,15.57,67.04,2455.44,5.65,8.43,Rice,Sowing,Zaid,Rainfed,River,1.0,No,40.74,North,Low,Low,37.76,Low
Clay,8.08,60.9,1.48,0.9,32.14,83.51,1811.32,6.69,7.25,Cotton,Flowering,Rabi,Rainfed,Rainwater,3.12,No,75.19,East,Medium,Medium,53.53,Medium
Sandy,6.08,46.88,1.38,2.09,12.16,45.18,995.18,7.77,12.46,Rice,Sowing,Kharif,Rainfed,Rainwater,1.56,Yes,64.15,North,Low,Low,45.94,Low
Clay,6.54,9.3,0.76,3.26,37.4,30.27,1285.74,5.56,3.65,Cotton,Vegetative,Zaid,Canal,Rainwater,5.17,Yes,75.89,Central,Medium,Medium,110.0,Medium
Sandy,6.4,36.35,0.75,3.38,40.1,53.12,806.96,4.16,10.47,Maize,Harvest,Kharif,Drip,Reservoir,10.87,No,3.3,South,Low,Low,24.04,Low
Silt,7.88,38.37,1.01,0.6,40.15,75.6,1571.04,9.81,3.38,Cotton,Flowering,Rabi,Canal,Groundwater,4.07,Yes,6.55,Central,Low,Low,29.02,Low
Silt,6.3,10.59,1.13,1.84,33.84,49.67,1199.73,4.09,16.61,Rice,Flowering,Kharif,Rainfed,Groundwater,11.44,Yes,58.16,East,Medium,Medium,110.0,Medium
Silt,5.03,50.92,1.03,0.12,33.24,61.88,2175.54,5.08,10.16,Rice,Flowering,Kharif,Rainfed,Groundwater,7.45,Yes,88.23,North,Medium,Medium,70.78,Medium
Silt,5.58,42.6,0.84,2.54,40.68,26.23,2127.02,10.54,0.61,Sugarcane,Vegetative,Rabi,Canal,Reservoir,13.05,No,15.89,West,Medium,Medium,94.31,Medium
Clay,5.64,30.56,1.15,0.99,41.06,76.92,1876.35,10.3,1.78,Maize,Sowing,Rabi,Drip,Reservoir,1.33,Yes,0.22,North,Low,Low,43.47,Low
Loamy,5.38,52.47,0.34,1.29,28.31,89.83,2413.34,7.3,0.76,Rice,Vegetative,Rabi,Drip,Groundwater,3.6,No,116.73,East,Low,Low,22.71,Low
Loamy,7.44,20.38,0.69,2.32,12.58,66.68,1761.67,7.7,9.49,Maize,Sowing,Kharif,Drip,Reservoir,0.6,Yes,31.6,North,Low,Low,30.87,Low
Clay,7.17,41.62,1.54,1.78,40.94,25.77,2066.13,6.2,4.66,Maize,Sowing,Zaid,Rainfed,Rainwater,12.04,Yes,114.73,East,Low,Low,30.71,Low
Loamy,6.88,57.11,1.58,0.6,33.88,40.52,282.21,5.55,18.93,Maize,Harvest,Zaid,Canal,Reservoir,10.81,No,99.38,West,Medium,Medium,86.22,Medium
Clay,7.43,8.23,1.14,0.76,31.49,77.85,791.02,5.34,9.93,Sugarcane,Flowering,Kharif,Sprinkler,Reservoir,0.48,Yes,56.93,East,Medium,Medium,110.0,Medium
Silt,6.39,19.0,0.77,1.17,18.2,39.55,582.41,9.43,12.53,Sugarcane,Vegetative,Rabi,Rainfed,Rainwater,4.1,No,25.19,East,Medium,Medium,110.0,Medium
Silt,6.81,53.92,1.56,0.16,20.43,89.79,2479.75,6.43,19.01,Wheat,Vegetative,Zaid,Canal,Reservoir,9.2,Yes,51.09,Central,Low,Low,21.36,Low
Loamy,5.37,23.28,0.51,2.98,16.76,31.45,2336.25,10.3,18.06,Potato,Flowering,Rabi,Drip,Reservoir,11.56,Yes,81.5,West,Medium,Medium,59.53,Medium
Silt,7.79,17.61,1.33,1.49,26.38,29.7,1748.12,9.59,17.27,Maize,Flowering,Rabi,Drip,Groundwater,4.68,Yes,107.36,North,Medium,Medium,107.82,Medium
Loamy,7.24,39.68,0.4,2.48,21.43,56.55,413.65,6.25,3.55,Wheat,Sowing,Kharif,Sprinkler,Reservoir,3.62,Yes,116.84,North,Low,Low,60.0,Low
Sandy,6.46,38.22,1.19,0.33,14.76,78.77,1265.3,6.76,7.52,Sugarcane,Harvest,Kharif,Drip,Groundwater,4.95,Yes,74.68,South,Low,Low,28.09,Low
Clay,8.1,35.91,0.63,2.8,12.59,64.87,1741.26,9.94,19.35,Cotton,Sowing,Kharif,Canal,Groundwater,13.53,No,70.74,West,Low,Low,37.17,Low
Loamy,7.95,26.03,1.28,0.31,13.53,44.48,2345.26,7.11,14.04,Rice,Sowing,Kharif,Canal,Reservoir,7.73,No,57.18,Central,Low,Low,58.4,Low
Clay,5.21,54.1,1.17,2.61,40.78,85.31,333.16,4.02,6.59,Maize,Sowing,Rabi,Sprinkler,Reservoir,11.23,Yes,79.73,East,Low,Low,37.78,Low
Loamy,8.17,54.35,0.44,0.23,34.78,50.84,972.21,7.04,3.48,Sugarcane,Vegetative,Rabi,Canal,River,7.33,Yes,38.21,East,Low,Low,45.85,Low
Sandy,5.94,9.89,1.31,1.85,12.74,47.07,271.11,6.8,4.47,Wheat,Sowing,Kharif,Drip,River,14.79,Yes,6.87,West,Medium,Medium,110.0,Medium
Sandy,7.53,11.55,0.81,2.16,37.83,25.24,1367.83,6.69,13.54,Rice,Vegetative,Zaid,Rainfed,River,3.09,No,96.75,South,High,High,180.0,High
Silt,5.12,60.93,0.56,1.85,24.3,74.64,56.84,4.4,16.47,Sugarcane,Flowering,Kharif,Rainfed,Rainwater,13.07,Yes,34.9,East,Medium,Medium,110.0,Medium
Clay,8.04,10.34,0.35,0.89,39.11,82.47,621.23,8.47,14.96,Maize,Vegetative,Rabi,Canal,Groundwater,11.24,No,70.97,South,High,High,180.0,High
Silt,5.89,26.11,0.85,2.34,14.91,77.96,368.18,7.71,9.08,Cotton,Harvest,Rabi,Canal,Groundwater,5.49,No,92.26,West,Low,Low,24.46,Low
Loamy,6.86,49.76,0.43,2.74,15.27,52.03,2350.73,4.62,9.03,Maize,Harvest,Kharif,Canal,Groundwater,1.65,No,20.89,West,Low,Low,15.0,Low
Silt,8.04,54.34,1.19,0.51,28.45,77.39,908.49,7.76,3.13,Maize,Sowing,Kharif,Rainfed,Groundwater,2.52,No,115.96,West,Low,Low,54.44,Low
Sandy,6.52,19.9,1.4,0.8,23.14,92.72,579.3,5.2,12.82,Rice,Harvest,Rabi,Sprinkler,Reservoir,5.62,No,23.58,East,Medium,Medium,58.26,Medium
Silt,5.51,22.72,0.5,3.44,14.35,63.55,1111.85,10.91,5.79,Rice,Vegetative,Rabi,Canal,Groundwater,11.66,No,60.03,North,Medium,Medium,104.59,Medium
Sandy,4.81,56.11,1.49,1.33,16.61,36.67,186.02,4.6,2.71,Maize,Vegetative,Kharif,Drip,Reservoir,6.46,Yes,18.87,South,Medium,Medium,92.53,Medium
Loamy,7.36,59.11,0.71,2.98,16.45,57.52,611.03,9.78,9.59,Maize,Sowing,Zaid,Canal,Reservoir,11.9,Yes,66.28,East,Low,Low,50.19,Low
Sandy,6.07,28.88,1.31,2.34,20.24,33.72,811.91,9.11,10.3,Rice,Vegetative,Kharif,Drip,River,2.78,Yes,4.44,East,Low,Low,39.3,Low
Silt,5.29,48.37,1.31,1.71,34.11,72.73,1744.32,5.44,15.05,Rice,Vegetative,Rabi,Drip,Groundwater,3.67,No,15.5,West,Medium,Medium,81.97,Medium
Loamy,6.91,25.75,1.22,0.99,16.8,53.84,1343.4,5.16,14.73,Wheat,Harvest,Kharif,Rainfed,Rainwater,4.49,Yes,10.36,Central,Low,Low,20.65,Low
Sandy,6.69,44.0,0.93,2.16,24.46,28.39,2182.53,9.4,4.03,Potato,Flowering,Zaid,Rainfed,Rainwater,3.25,Yes,47.57,Central,Low,Low,39.33,Low
Sandy,5.69,58.29,0.33,1.34,21.5,56.12,1034.95,10.08,19.35,Maize,Flowering,Rabi,Canal,River,3.32,No,44.04,West,Medium,Medium,65.5,Medium
Silt,8.17,32.26,1.53,2.42,21.08,51.7,423.61,9.82,1.15,Maize,Vegetative,Zaid,Canal,River,12.32,Yes,73.07,East,Low,Low,60.0,Low
Sandy,6.38,41.69,0.32,2.01,35.72,84.18,1137.17,5.54,5.84,Rice,Harvest,Zaid,Canal,River,5.77,Yes,92.08,North,Low,Low,36.2,Low
Loamy,5.38,37.29,0.8,2.81,28.92,84.85,2172.57,6.81,4.31,Wheat,Vegetative,Zaid,Sprinkler,Groundwater,1.46,Yes,83.98,North,Low,Low,19.75,Low
Clay,4.98,28.54,0.81,3.34,20.39,92.07,1525.4,10.04,14.0,Cotton,Sowing,Rabi,Drip,Groundwater,3.82,No,5.22,Central,Low,Low,17.07,Low
Clay,7.9,45.27,0.63,0.73,33.15,32.57,535.28,5.8,11.13,Sugarcane,Sowing,Kharif,Sprinkler,Rainwater,12.94,No,107.0,South,Low,Low,37.59,Low
Sandy,7.95,14.43,0.98,2.73,13.28,47.18,532.17,6.07,14.74,Cotton,Vegetative,Rabi,Drip,River,7.68,Yes,58.02,South,Medium,Medium,110.0,Medium
Clay,6.86,20.63,0.4,2.13,39.73,57.85,1992.92,8.62,19.81,Rice,Sowing,Kharif,Canal,Rainwater,9.89,No,49.91,West,Medium,Medium,110.0,Medium
Loamy,5.87,52.74,1.26,2.35,32.74,85.25,468.92,5.37,10.91,Rice,Sowing,Kharif,Canal,River,0.91,No,4.56,West,Low,Low,60.0,Low
Clay,6.61,10.81,1.56,1.7,33.28,45.01,448.59,8.32,2.0,Maize,Vegetative,Rabi,Rainfed,Rainwater,10.89,Yes,115.4,Central,Medium,Medium,110.0,Medium
Clay,5.02,10.1,1.52,1.64,23.96,35.9,2097.37,5.98,19.53,Wheat,Vegetative,Rabi,Rainfed,Rainwater,11.58,Yes,57.41,Central,Medium,Medium,64.6,Medium
Clay,5.11,47.6,1.47,0.8,34.77,73.4,831.46,4.06,5.5,Rice,Sowing,Kharif,Rainfed,Groundwater,5.01,Yes,101.42,East,Low,Low,60.0,Low
Sandy,6.55,46.66,0.52,2.94,29.34,83.98,1965.22,6.2,14.53,Maize,Sowing,Rabi,Sprinkler,Rainwater,11.91,No,6.43,South,Low,Low,27.41,Low
Clay,4.99,61.73,0.52,1.35,23.71,26.54,2145.73,9.01,9.61,Rice,Vegetative,Kharif,Rainfed,Groundwater,4.25,Yes,27.65,West,Low,Low,43.42,Low
Sandy,7.1,55.12,0.77,0.94,18.38,34.0,448.57,7.29,6.25,Maize,Flowering,Zaid,Sprinkler,River,7.5,No,82.26,South,Low,Low,37.64,Low
Loamy,6.35,57.47,1.31,2.93,38.35,33.95,2496.5,6.94,0.96,Maize,Harvest,Rabi,Canal,River,10.07,Yes,35.47,South,Low,Low,26.42,Low
Sandy,5.73,43.09,1.22,2.25,28.22,93.7,2339.47,5.18,6.54,Maize,Sowing,Kharif,Drip,Groundwater,2.33,No,94.5,East,Low,Low,25.23,Low
Sandy,5.35,30.08,0.34,0.2,24.97,39.26,1060.03,6.18,17.14,Sugarcane,Sowing,Kharif,Canal,Rainwater,4.76,Yes,2.7,North,Low,Low,48.14,Low
Sandy,6.57,56.51,0.94,1.07,16.51,26.01,667.92,10.41,1.44,Cotton,Harvest,Rabi,Rainfed,Groundwater,7.51,Yes,92.04,Central,Low,Low,30.38,Low
Sandy,6.37,57.15,0.91,2.98,40.83,70.25,2232.82,4.86,4.91,Rice,Vegetative,Zaid,Sprinkler,Reservoir,1.1,Yes,29.32,West,Low,Low,48.64,Low
Sandy,4.9,51.96,0.75,3.42,36.78,47.84,796.35,10.51,6.74,Cotton,Harvest,Kharif,Canal,Rainwater,8.28,Yes,18.23,South,Low,Low,45.96,Low
Loamy,5.65,45.71,0.42,2.7,39.71,94.7,91.08,6.59,15.23,Rice,Flowering,Rabi,Rainfed,River,7.37,No,20.37,South,High,High,180.0,High
Sandy,7.52,35.95,1.17,0.9,15.5,35.43,200.1,4.4,7.41,Cotton,Sowing,Zaid,Canal,Rainwater,6.19,No,68.12,North,Low,Low,36.68,Low
Loamy,7.49,17.18,1.37,3.07,34.49,77.24,2088.39,6.7,19.72,Potato,Harvest,Rabi,Sprinkler,Reservoir,8.06,No,75.35,West,Medium,Medium,57.83,Medium
Sandy,5.18,19.17,0.84,3.36,39.65,27.12,2314.24,4.12,18.49,Rice,Harvest,Rabi,Rainfed,Reservoir,8.03,No,19.72,Central,Medium,Medium,79.94,Medium
Sandy,8.13,53.59,1.49,1.24,13.43,86.56,676.23,10.56,19.46,Potato,Sowing,Rabi,Rainfed,Reservoir,3.62,No,1.51,Central,Low,Low,30.08,Low
Loamy,6.97,27.24,1.35,1.99,22.11,65.85,1080.26,8.04,9.05,Maize,Vegetative,Zaid,Canal,Groundwater,2.96,Yes,33.23,East,Low,Low,21.72,Low
Silt,5.85,13.78,0.51,3.27,34.11,40.88,1881.45,6.38,5.85,Cotton,Vegetative,Zaid,Rainfed,Rainwater,0.44,Yes,116.09,East,Medium,Medium,67.65,Medium
Silt,5.94,28.05,1.38,2.68,33.16,52.79,1147.72,5.27,5.75,Rice,Vegetative,Zaid,Rainfed,Groundwater,7.35,No,108.26,Central,Medium,Medium,110.0,Medium
Sandy,8.18,47.11,1.58,2.29,33.25,57.49,232.68,4.84,8.75,Cotton,Harvest,Zaid,Rainfed,Reservoir,14.47,No,95.05,South,Medium,Medium,56.18,Medium
Loamy,4.86,25.19,1.32,3.43,24.44,53.71,933.4,5.44,17.45,Maize,Vegetative,Kharif,Sprinkler,Groundwater,12.32,No,31.11,North,Medium,Medium,83.2,Medium
Sandy,5.93,8.75,0.57,3.38,26.51,88.73,884.03,10.14,1.48,Cotton,Harvest,Zaid,Rainfed,Groundwater,12.09,Yes,11.28,East,Low,Low,22.8,Low
Sandy,5.18,55.87,0.89,0.64,29.05,90.51,989.86,9.95,14.79,Sugarcane,Sowing,Kharif,Canal,Groundwater,9.94,No,113.34,East,Low,Low,42.99,Low
Clay,6.1,46.6,0.66,2.15,17.04,43.75,110.56,5.67,17.45,Rice,Sowing,Zaid,Drip,Rainwater,4.07,Yes,59.56,West,Low,Low,41.4,Low
Silt,6.78,50.47,0.75,0.13,22.35,87.74,1945.76,6.99,3.78,Rice,Vegetative,Zaid,Drip,Groundwater,1.43,Yes,39.4,East,Low,Low,30.06,Low
Clay,5.53,27.49,1.16,3.38,14.05,74.84,1009.85,5.74,7.24,Potato,Vegetative,Rabi,Canal,Reservoir,12.49,No,87.26,East,Low,Low,23.51,Low
Clay,5.48,40.81,0.78,1.18,41.62,62.77,476.19,10.21,0.74,Cotton,Harvest,Zaid,Sprinkler,Groundwater,7.09,No,87.63,North,Low,Low,40.39,Low
Sandy,6.41,22.68,1.51,1.84,20.94,93.3,1092.38,9.76,4.89,Potato,Vegetative,Rabi,Rainfed,Groundwater,12.38,No,30.19,South,Medium,Medium,56.68,Medium
Loamy,5.1,16.08,1.33,2.07,14.87,26.8,1659.8,9.83,3.36,Wheat,Harvest,Kharif,Canal,Reservoir,4.37,No,26.14,South,Low,Low,21.69,Low
Sandy,5.25,57.39,0.65,0.15,27.15,94.07,1968.63,8.92,11.24,Cotton,Harvest,Rabi,Sprinkler,Groundwater,8.6,No,63.39,East,Low,Low,21.26,Low
Clay,5.65,31.07,0.87,0.84,35.6,35.95,2470.12,9.63,9.9,Sugarcane,Vegetative,Rabi,Drip,Groundwater,1.54,Yes,108.34,West,Low,Low,57.75,Low
Loamy,6.19,20.17,1.17,0.49,26.71,82.3,253.14,8.81,18.05,Maize,Harvest,Kharif,Drip,River,6.79,No,100.04,North,Medium,Medium,59.05,Medium
Loamy,6.65,49.64,0.68,1.62,27.77,61.74,1342.69,8.89,18.44,Rice,Flowering,Kharif,Rainfed,Groundwater,14.38,Yes,62.28,North,Low,Low,44.63,Low
Loamy,5.46,48.72,0.8,2.88,28.19,27.32,1747.09,5.49,11.87,Wheat,Vegetative,Rabi,Canal,Reservoir,14.18,No,31.37,Central,Medium,Medium,55.51,Medium
Silt,6.26,9.5,1.59,2.24,38.43,60.16,2094.55,7.47,1.08,Potato,Flowering,Kharif,Sprinkler,Reservoir,8.1,Yes,22.67,North,Medium,Medium,110.0,Medium
Sandy,6.88,32.75,1.09,2.77,38.75,47.53,1476.79,6.49,15.11,Sugarcane,Sowing,Rabi,Sprinkler,Rainwater,8.66,Yes,116.0,South,Low,Low,60.0,Low
Sandy,5.36,21.5,0.4,3.3,19.96,53.98,1629.18,4.54,15.73,Wheat,Harvest,Kharif,Sprinkler,Rainwater,0.3,No,63.98,East,Medium,Medium,45.0,Medium
Loamy,5.5,41.35,0.48,0.61,34.0,85.16,2390.86,6.02,6.14,Rice,Flowering,Kharif,Drip,Reservoir,8.68,No,107.44,Central,Medium,Medium,79.98,Medium
Loamy,7.43,41.18,0.35,0.72,12.3,86.71,2474.07,9.6,8.61,Wheat,Sowing,Kharif,Canal,Rainwater,1.23,No,106.99,South,Low,Low,25.59,Low
Clay,7.91,49.25,1.15,0.39,26.77,82.14,300.01,7.73,0.86,Cotton,Harvest,Zaid,Drip,Reservoir,11.08,Yes,80.78,East,Low,Low,25.56,Low
Sandy,7.82,13.12,0.91,1.54,41.77,46.23,402.99,9.57,5.11,Wheat,Sowing,Zaid,Canal,Groundwater,13.29,Yes,80.08,East,Low,Low,46.47,Low
Sandy,6.28,55.43,0.56,2.33,14.47,31.11,655.16,5.43,19.15,Cotton,Harvest,Kharif,Sprinkler,Reservoir,5.34,No,71.79,North,Low,Low,26.97,Low
Loamy,5.04,33.43,1.29,1.6,18.92,66.86,1975.06,6.53,18.48,Maize,Harvest,Zaid,Drip,River,8.5,Yes,75.13,South,Low,Low,23.7,Low
Silt,7.19,11.96,0.71,0.69,40.65,46.43,2433.92,10.25,17.99,Wheat,Sowing,Zaid,Drip,Rainwater,14.8,Yes,100.86,East,Medium,Medium,73.96,Medium
Silt,7.92,11.83,0.99,1.17,32.32,37.52,1419.52,9.22,13.57,Cotton,Harvest,Kharif,Rainfed,Groundwater,6.02,No,59.76,North,Medium,Medium,72.63,Medium
Sandy,8.08,22.13,0.33,2.51,41.65,73.84,1721.66,4.14,2.48,Sugarcane,Flowering,Rabi,Canal,Reservoir,11.74,No,15.11,East,Medium,Medium,82.79,Medium
Sandy,5.08,47.57,0.8,0.12,31.28,35.85,1695.3,9.72,7.35,Potato,Sowing,Kharif,Sprinkler,River,3.7,No,75.32,Central,Low,Low,40.33,Low
Sandy,5.59,26.72,1.52,2.63,26.08,88.02,1994.09,7.7,17.69,Rice,Vegetative,Zaid,Rainfed,Rainwater,7.39,Yes,29.52,East,Low,Low,24.65,Low
Loamy,6.1,21.36,1.04,3.23,22.33,52.99,1965.95,7.03,2.17,Wheat,Harvest,Rabi,Sprinkler,Groundwater,6.52,No,59.38,South,Low,Low,16.99,Low
Sandy,6.63,20.98,0.44,1.25,22.78,58.24,1200.88,8.42,14.42,Rice,Sowing,Rabi,Rainfed,Rainwater,4.11,No,24.57,West,Medium,Medium,110.0,Medium
Sandy,8.02,33.99,0.57,1.3,37.21,50.0,1237.99,7.71,9.33,Potato,Flowering,Rabi,Drip,Reservoir,5.66,Yes,6.63,West,Low,Low,53.7,Low
Clay,7.57,33.79,1.51,2.85,33.56,78.25,1309.8,9.84,17.14,Sugarcane,Flowering,Zaid,Canal,Rainwater,10.85,Yes,118.86,Central,Medium,Medium,110.0,Medium
Sandy,6.84,30.11,1.13,1.4,24.54,64.49,2384.8,6.79,13.94,Cotton,Sowing,Kharif,Sprinkler,River,12.87,Yes,97.83,West,Low,Low,36.58,Low
Silt,7.64,19.28,0.98,0.81,41.18,74.09,1356.85,7.38,15.71,Rice,Sowing,Zaid,Canal,Rainwater,3.11,Yes,96.51,West,Medium,Medium,110.0,Medium
Clay,8.18,60.55,1.08,1.57,15.1,57.51,903.65,9.47,0.61,Wheat,Sowing,Rabi,Sprinkler,Rainwater,4.67,No,7.5,East,Low,Low,24.41,Low
Silt,6.44,9.77,0.4,2.7,37.42,78.51,179.93,7.48,15.56,Maize,Sowing,Kharif,Canal,Rainwater,13.49,Yes,44.78,Central,Medium,Medium,110.0,Medium
Loamy,5.85,47.13,1.53,2.19,41.15,67.32,1996.15,9.04,3.86,Rice,Sowing,Rabi,Rainfed,Reservoir,12.64,Yes,3.71,South,Low,Low,30.59,Low
Loamy,7.46,31.94,1.32,3.34,16.43,29.79,1477.99,10.13,19.43,Rice,Flowering,Rabi,Canal,Groundwater,10.87,No,52.59,East,Medium,Medium,110.0,Medium
Sandy,4.92,18.04,0.79,1.4,25.41,26.43,1646.55,9.78,8.7,Wheat,Sowing,Zaid,Sprinkler,Rainwater,4.26,No,34.63,East,Low,Low,56.86,Low
Silt,7.14,42.53,0.65,0.93,31.03,51.72,2355.49,6.03,3.99,Sugarcane,Flowering,Rabi,Canal,Rainwater,6.62,Yes,36.37,North,Low,Low,49.82,Low
Loamy,6.28,45.13,1.15,1.53,24.57,28.41,957.41,8.59,17.75,Potato,Vegetative,Kharif,Rainfed,River,13.26,Yes,17.61,East,Low,Low,59.83,Low
Silt,6.43,45.36,0.42,0.5,17.05,59.05,158.48,5.08,14.86,Maize,Vegetative,Zaid,Rainfed,River,11.15,No,75.19,South,Medium,Medium,97.9,Medium
Silt,8.18,57.92,1.1,2.17,20.81,53.57,83.86,6.81,10.52,Rice,Sowing,Rabi,Rainfed,River,9.71,No,75.38,North,Medium,Medium,110.0,Medium
Loamy,8.16,54.46,1.52,3.06,33.79,28.34,1143.04,4.16,19.54,Maize,Flowering,Rabi,Drip,Groundwater,2.58,Yes,81.97,West,Medium,Medium,71.62,Medium
Loamy,5.14,50.45,1.31,2.58,30.71,36.84,1604.13,9.09,8.66,Cotton,Harvest,Zaid,Drip,Groundwater,14.05,No,21.08,South,Low,Low,25.29,Low
Clay,8.01,38.86,1.15,2.21,31.61,60.57,978.06,9.76,18.75,Cotton,Vegetative,Rabi,Sprinkler,Rainwater,3.46,Yes,57.17,East,Medium,Medium,72.85,Medium
Sandy,7.8,20.32,1.53,0.84,26.72,94.12,503.61,7.53,10.29,Potato,Harvest,Kharif,Canal,Reservoir,11.02,Yes,57.89,Central,Low,Low,35.46,Low
Silt,7.47,53.96,0.47,2.13,12.2,87.69,1918.25,9.31,8.33,Rice,Vegetative,Kharif,Sprinkler,River,9.14,Yes,16.62,South,Low,Low,36.73,Low
Clay,5.92,28.77,1.07,1.36,36.39,36.38,1122.74,6.3,15.72,Sugarcane,Harvest,Zaid,Sprinkler,Rainwater,11.96,Yes,91.04,Central,Low,Low,44.56,Low
Silt,6.15,10.45,0.45,2.57,41.77,80.16,416.44,7.67,3.89,Cotton,Vegetative,Kharif,Drip,Reservoir,7.18,Yes,23.47,North,Medium,Medium,90.22,Medium
Silt,7.02,17.78,0.82,3.07,23.06,86.92,820.44,4.95,10.76,Rice,Vegetative,Kharif,Canal,Reservoir,12.71,No,7.88,South,Medium,Medium,97.5,Medium
Loamy,7.57,26.79,0.96,0.77,34.5,88.89,1415.0,5.8,8.36,Sugarcane,Sowing,Kharif,Drip,Groundwater,8.72,Yes,47.23,West,Low,Low,36.58,Low
Clay,7.32,19.42,1.3,2.0,22.75,74.9,1311.99,8.26,12.38,Sugarcane,Sowing,Zaid,Canal,River,6.3,Yes,55.5,South,Low,Low,46.08,Low
Loamy,7.65,47.74,0.43,3.41,14.09,54.88,2256.92,10.74,2.43,Cotton,Vegetative,Rabi,Drip,Reservoir,14.65,No,111.08,West,Low,Low,19.04,Low
Loamy,6.4,47.75,0.55,3.42,15.83,64.86,1355.64,10.46,16.53,Wheat,Sowing,Rabi,Sprinkler,Groundwater,8.45,No,111.54,North,Low,Low,39.86,Low
Sandy,5.71,39.13,0.8,0.58,40.29,66.72,712.27,9.49,16.99,Potato,Harvest,Rabi,Canal,Groundwater,10.4,Yes,18.7,Central,Low,Low,35.35,Low
Sandy,7.73,23.15,0.47,0.29,37.98,45.08,805.61,8.12,6.88,Cotton,Harvest,Kharif,Drip,River,11.55,No,24.12,North,Medium,Medium,63.24,Medium
Sandy,7.3,43.41,1.07,3.22,39.03,58.99,1235.14,8.47,6.22,Potato,Vegetative,Rabi,Rainfed,Rainwater,11.9,No,72.22,Central,Medium,Medium,93.5,Medium
Loamy,7.04,62.38,0.54,0.79,39.83,34.58,1177.0,5.64,7.76,Cotton,Harvest,Zaid,Canal,Groundwater,7.33,No,92.2,East,Low,Low,21.0,Low
Silt,7.18,42.99,0.93,2.79,34.79,62.29,1842.26,5.83,2.96,Sugarcane,Harvest,Rabi,Canal,Groundwater,5.5,Yes,89.12,West,Low,Low,24.33,Low
Loamy,6.38,27.5,0.84,2.58,30.21,40.37,1077.58,10.36,7.98,Wheat,Harvest,Zaid,Canal,River,1.0,Yes,3.3,West,Low,Low,25.28,Low
Silt,7.19,43.81,1.43,3.42,16.14,29.56,1198.14,9.34,3.3,Wheat,Vegetative,Kharif,Sprinkler,Rainwater,1.71,Yes,106.09,South,Low,Low,43.74,Low
Silt,5.55,37.5,0.96,2.92,41.28,28.36,254.78,4.4,16.77,Rice,Sowing,Rabi,Drip,Rainwater,2.26,No,21.55,North,Medium,Medium,110.0,Medium
Loamy,5.85,30.46,1.28,1.11,28.21,25.0,1565.27,7.58,6.29,Rice,Vegetative,Rabi,Rainfed,Groundwater,12.36,No,38.71,South,Low,Low,60.0,Low
Loamy,7.5,34.04,0.4,0.57,18.37,67.84,48.71,10.99,15.99,Rice,Sowing,Kharif,Canal,Groundwater,10.52,Yes,47.02,South,Low,Low,60.0,Low
Clay,8.11,42.16,1.16,2.94,12.59,28.9,960.1,9.49,11.59,Potato,Sowing,Rabi,Sprinkler,River,11.33,Yes,37.72,South,Low,Low,36.22,Low
Clay,7.42,58.74,0.44,3.21,32.99,26.24,948.35,4.91,1.21,Cotton,Flowering,Rabi,Rainfed,River,1.26,Yes,104.18,Central,Low,Low,60.0,Low
Loamy,6.18,34.64,0.52,2.84,33.47,89.33,2400.51,9.0,4.33,Rice,Harvest,Zaid,Drip,Groundwater,4.88,Yes,70.27,West,Low,Low,15.39,Low
Loamy,8.2,25.17,1.14,2.79,25.03,62.52,970.62,7.73,4.57,Potato,Flowering,Kharif,Rainfed,Groundwater,0.37,Yes,105.15,North,Low,Low,60.0,Low
Silt,7.87,40.63,1.05,3.4,19.74,53.83,72.51,5.57,8.71,Wheat,Sowing,Zaid,Canal,Groundwater,5.74,No,74.34,North,Low,Low,40.78,Low
Sandy,5.68,43.5,1.11,2.65,18.88,36.83,825.7,8.48,18.93,Maize,Sowing,Kharif,Drip,River,4.42,No,76.77,North,Low,Low,58.11,Low
Clay,6.2,56.02,0.97,0.4,40.77,67.12,1894.62,8.19,5.15,Cotton,Flowering,Kharif,Rainfed,Reservoir,9.25,No,2.58,Central,Medium,Medium,87.89,Medium
Silt,5.03,45.5,0.59,0.71,29.9,47.38,717.65,6.66,1.05,Sugarcane,Harvest,Zaid,Canal,Reservoir,6.88,No,2.69,East,Low,Low,46.77,Low
Loamy,5.1,63.81,0.33,1.48,26.96,52.79,2345.98,7.22,19.65,Potato,Vegetative,Kharif,Drip,Groundwater,5.58,No,64.47,North,Medium,Medium,69.95,Medium
Sandy,5.74,17.93,1.41,2.17,25.6,61.86,872.03,7.55,16.99,Cotton,Vegetative,Rabi,Canal,Reservoir,2.91,No,53.3,East,Medium,Medium,97.15,Medium
Sandy,8.06,30.3,1.47,1.21,21.81,62.8,2499.58,7.09,7.07,Rice,Sowing,Rabi,Rainfed,Rainwater,6.88,No,117.3,West,Low,Low,24.31,Low
Sandy,6.17,21.3,0.9,0.95,15.87,43.36,696.27,8.54,3.95,Potato,Sowing,Kharif,Sprinkler,Groundwater,12.96,Yes,59.54,Central,Low,Low,48.69,Low
Clay,5.77,10.26,0.78,0.39,36.35,58.88,446.48,10.82,1.52,Potato,Harvest,Kharif,Rainfed,Groundwater,0.52,No,31.26,North,Medium,Medium,86.52,Medium
Sandy,6.28,28.16,0.76,0.23,20.03,77.48,485.43,9.51,4.87,Maize,Flowering,Rabi,Canal,River,4.39,No,84.63,East,Low,Low,60.0,Low
Loamy,5.13,60.04,1.39,0.3,34.83,40.61,434.54,8.34,6.15,Cotton,Vegetative,Rabi,Rainfed,River,11.55,Yes,41.72,East,Low,Low,38.9,Low
Clay,7.0,17.52,0.33,0.54,13.61,93.58,1101.92,10.21,16.29,Cotton,Flowering,Kharif,Canal,Reservoir,6.18,Yes,49.02,South,Medium,Medium,103.27,Medium
Sandy,6.86,28.68,1.05,0.49,27.68,28.81,123.32,5.9,3.63,Maize,Harvest,Rabi,Drip,Groundwater,7.84,Yes,40.73,East,Low,Low,42.03,Low
Silt,6.25,14.54,1.25,0.2,14.62,58.12,445.34,4.9,11.04,Maize,Harvest,Kharif,Canal,River,10.55,No,11.78,East,Medium,Medium,90.66,Medium
Silt,5.85,25.82,0.59,2.23,34.92,27.62,1048.46,8.94,0.63,Cotton,Harvest,Kharif,Canal,River,14.03,No,12.43,East,Low,Low,18.99,Low
Silt,7.49,28.77,0.44,0.7,41.69,73.15,2405.56,5.22,3.51,Cotton,Harvest,Kharif,Drip,Reservoir,2.91,No,107.6,North,Low,Low,28.18,Low
Clay,7.54,33.96,0.53,0.58,27.67,37.41,2009.27,8.85,12.47,Sugarcane,Sowing,Rabi,Rainfed,Groundwater,1.56,No,94.45,South,Low,Low,60.0,Low
Silt,6.27,18.92,1.45,3.18,24.76,25.89,1565.48,8.33,2.32,Rice,Vegetative,Kharif,Sprinkler,Groundwater,5.64,No,78.07,West,Medium,Medium,98.78,Medium
Silt,7.05,52.24,0.95,3.47,22.98,61.45,2062.93,10.24,11.21,Wheat,Vegetative,Rabi,Sprinkler,Rainwater,6.68,Yes,78.32,Central,Low,Low,24.97,Low
Clay,7.11,40.68,0.8,0.87,36.2,76.74,350.76,10.84,19.52,Potato,Sowing,Kharif,Drip,Rainwater,3.99,No,76.45,East,Low,Low,60.0,Low
Silt,6.57,20.23,0.98,1.91,17.32,60.5,2242.6,8.01,19.61,Rice,Vegetative,Zaid,Rainfed,River,6.35,No,60.13,South,Medium,Medium,59.21,Medium
Sandy,6.09,51.35,0.44,2.69,31.08,83.41,2101.17,9.14,12.98,Maize,Harvest,Rabi,Drip,Groundwater,13.5,Yes,90.29,East,Low,Low,16.07,Low
Sandy,5.29,35.99,1.38,0.79,27.45,61.32,1972.72,9.31,2.43,Cotton,Vegetative,Zaid,Sprinkler,Reservoir,11.97,No,12.24,South,Low,Low,29.57,Low
Silt,5.37,41.44,0.36,0.74,39.67,51.5,2480.59,5.2,13.34,Potato,Vegetative,Rabi,Canal,Groundwater,3.16,No,49.88,West,Medium,Medium,65.29,Medium
Sandy,5.22,9.63,1.51,1.04,27.56,76.88,1399.68,9.52,18.54,Rice,Sowing,Rabi,Sprinkler,River,1.2,Yes,36.29,Central,Low,Low,55.89,Low
Sandy,5.71,49.32,0.93,0.54,34.02,29.25,1750.79,5.61,18.96,Potato,Sowing,Rabi,Rainfed,Groundwater,9.41,Yes,95.67,East,Low,Low,24.65,Low
Loamy,7.7,63.39,0.43,0.3,25.54,92.97,1007.21,9.98,2.19,Sugarcane,Vegetative,Zaid,Sprinkler,River,13.82,Yes,22.95,South,Low,Low,18.99,Low
Silt,6.58,48.69,0.59,0.62,30.16,45.91,1189.52,6.78,10.54,Potato,Vegetative,Rabi,Rainfed,Rainwater,2.85,Yes,61.56,East,Medium,Low,31.3,Medium
Sandy,6.81,40.04,0.92,1.89,32.8,69.67,547.78,5.75,14.31,Rice,Harvest,Rabi,Rainfed,River,4.9,Yes,87.5,East,Low,Low,46.5,Low
Silt,7.56,50.0,0.8,2.23,26.35,81.32,15.1,7.09,2.84,Sugarcane,Vegetative,Rabi,Rainfed,Groundwater,1.56,Yes,74.49,West,Medium,Medium,110.0,Medium
Sandy,6.35,17.45,0.36,3.49,41.75,93.0,808.3,8.04,11.47,Rice,Flowering,Zaid,Sprinkler,Groundwater,8.88,Yes,21.04,Central,Medium,Medium,110.0,Medium
Clay,5.73,39.37,0.76,2.11,34.61,82.61,515.05,7.36,16.04,Cotton,Harvest,Kharif,Rainfed,Rainwater,9.77,Yes,115.34,East,Low,Low,23.74,Low
Loamy,5.77,29.86,1.41,2.26,17.2,47.45,1945.72,5.01,4.22,Maize,Vegetative,Rabi,Sprinkler,Groundwater,7.95,No,34.97,West,Low,Low,27.16,Low
Sandy,6.6,51.05,0.69,2.09,34.71,26.57,431.04,4.24,19.36,Wheat,Harvest,Kharif,Rainfed,Rainwater,10.88,Yes,111.09,South,Low,Low,30.84,Low
Clay,7.84,49.86,1.41,1.25,28.54,39.43,779.94,7.8,0.89,Cotton,Sowing,Rabi,Canal,River,9.51,No,85.91,West,Low,Low,48.19,Low
Clay,4.91,25.84,0.83,1.94,13.66,63.41,2170.5,8.58,7.99,Cotton,Sowing,Kharif,Canal,Reservoir,2.97,Yes,2.63,North,Low,Low,19.32,Low
Sandy,7.62,50.5,0.74,1.7,29.11,92.06,2230.28,8.52,7.25,Cotton,Sowing,Zaid,Canal,River,2.8,No,30.82,Central,Low,Low,30.81,Low
Silt,6.76,41.94,1.11,3.19,35.2,39.75,2385.45,5.45,7.62,Maize,Vegetative,Zaid,Canal,River,12.77,No,111.48,Central,Medium,Medium,62.31,Medium
Clay,6.48,39.74,1.23,2.22,15.09,45.73,174.33,9.99,10.68,Cotton,Flowering,Rabi,Drip,Rainwater,6.81,No,73.18,South,Medium,Medium,110.0,Medium
Silt,7.64,50.01,0.6,1.58,15.05,29.02,640.81,6.76,7.73,Sugarcane,Flowering,Kharif,Sprinkler,Rainwater,11.85,Yes,66.37,North,Low,Low,60.0,Low
Clay,6.93,64.88,1.38,1.11,41.32,42.03,1533.72,9.63,10.49,Rice,Flowering,Kharif,Canal,Rainwater,1.47,No,4.39,West,Medium,Medium,70.06,Medium
Loamy,7.48,63.81,0.35,2.03,13.29,70.06,2424.26,7.03,8.12,Wheat,Harvest,Rabi,Canal,Rainwater,13.4,No,88.74,Central,Low,Low,15.0,Low
Sandy,4.81,34.5,1.36,2.43,38.96,78.68,432.88,7.28,3.89,Maize,Sowing,Zaid,Sprinkler,Rainwater,11.62,No,105.69,East,Low,Low,60.0,Low
Silt,7.63,49.39,0.83,0.29,12.11,64.15,115.94,9.96,11.36,Wheat,Flowering,Zaid,Sprinkler,River,5.24,No,10.96,Central,Medium,Medium,83.05,Medium
Loamy,5.73,47.15,0.75,3.05,31.7,55.52,411.5,9.29,16.15,Potato,Sowing,Kharif,Sprinkler,River,7.31,No,28.22,Central,Low,Low,39.94,Low
Sandy,7.49,63.88,0.74,0.3,21.42,26.08,2365.6,8.59,7.2,Rice,Flowering,Zaid,Rainfed,Rainwater,8.85,Yes,77.62,Central,Low,Low,49.3,Low
Loamy,5.59,60.74,1.34,0.58,12.54,54.3,1589.81,6.68,19.84,Potato,Flowering,Kharif,Canal,Groundwater,9.12,Yes,81.75,Central,Low,Low,18.19,Low
Loamy,5.47,54.43,1.45,1.92,36.59,64.53,688.5,8.44,19.5,Cotton,Harvest,Rabi,Canal,Rainwater,3.53,Yes,94.61,East,Low,Low,32.6,Low
Clay,7.83,19.66,1.57,1.38,18.23,40.4,1371.21,9.78,11.71,Rice,Harvest,Zaid,Rainfed,Rainwater,9.53,Yes,13.35,East,Low,Low,52.03,Low
Sandy,6.21,52.35,1.08,0.19,38.32,93.95,1702.32,4.75,8.73,Wheat,Flowering,Rabi,Sprinkler,Groundwater,7.66,Yes,78.19,North,Low,Low,22.7,Low
Loamy,7.84,36.12,1.45,0.22,12.74,52.34,211.22,10.26,12.62,Cotton,Sowing,Rabi,Drip,River,7.37,Yes,28.7,North,Low,Low,38.5,Low
Clay,7.78,33.87,1.17,0.8,14.78,67.87,643.93,4.19,11.24,Potato,Harvest,Rabi,Sprinkler,Rainwater,11.38,Yes,105.37,South,Low,Low,18.07,Low
Loamy,8.15,42.71,0.45,1.74,40.64,89.5,855.15,4.11,12.71,Rice,Harvest,Rabi,Rainfed,River,14.89,Yes,16.95,West,Low,Low,27.01,Low
Loamy,5.7,49.74,0.67,1.24,40.99,92.74,1153.81,9.11,5.7,Rice,Harvest,Kharif,Rainfed,River,2.88,Yes,73.18,West,Low,Low,18.17,Low
Clay,7.42,9.07,1.19,2.64,17.79,37.18,1895.59,5.96,5.68,Sugarcane,Vegetative,Zaid,Drip,Groundwater,1.71,No,118.57,East,Medium,Medium,106.2,Medium
Clay,6.21,9.05,1.47,1.14,28.22,45.03,1900.35,10.77,14.87,Maize,Sowing,Kharif,Drip,River,5.46,Yes,98.39,Central,Low,Low,28.9,Low
Silt,7.79,64.05,1.23,1.11,28.65,62.45,2459.36,6.55,6.17,Wheat,Harvest,Zaid,Rainfed,Rainwater,7.58,No,11.54,South,Low,Low,15.0,Low
Loamy,6.84,62.73,0.69,3.01,37.31,25.18,887.05,4.59,11.44,Wheat,Sowing,Zaid,Rainfed,River,13.51,Yes,53.0,West,Low,Low,56.91,Low
Clay,6.08,63.42,0.45,1.49,13.9,35.36,1318.73,10.87,7.42,Potato,Harvest,Zaid,Sprinkler,River,14.94,No,60.65,South,Low,Low,24.3,Low
Clay,7.69,17.21,1.15,0.16,14.45,26.35,725.55,10.33,18.66,Maize,Flowering,Zaid,Rainfed,Groundwater,14.79,Yes,18.55,West,Medium,Medium,110.0,Medium
Silt,5.47,23.2,0.81,3.43,41.3,62.24,1968.51,9.91,18.23,Potato,Vegetative,Kharif,Rainfed,Groundwater,9.03,Yes,69.57,South,Medium,Medium,69.12,Medium
Silt,7.73,29.47,0.55,1.82,34.15,36.38,2138.59,6.54,4.32,Potato,Vegetative,Kharif,Drip,Rainwater,10.08,Yes,17.05,South,Low,Low,45.63,Low
Clay,5.47,24.75,1.46,1.15,32.83,77.72,437.2,7.77,7.91,Maize,Harvest,Zaid,Drip,Reservoir,5.06,No,105.0,South,Medium,Medium,65.78,Medium
Silt,5.66,11.03,0.66,0.73,21.3,89.39,1866.46,9.6,3.43,Rice,Sowing,Rabi,Sprinkler,Groundwater,2.62,Yes,65.23,Central,Low,Low,37.58,Low
Loamy,7.0,19.16,0.72,1.89,41.48,42.6,1623.59,7.02,14.43,Potato,Sowing,Kharif,Canal,Rainwater,3.63,No,106.11,East,Medium,Medium,87.57,Medium
Silt,5.6,36.62,1.12,2.66,24.64,30.7,1357.82,5.42,9.42,Rice,Sowing,Zaid,Sprinkler,Rainwater,11.7,Yes,40.4,Central,Low,Low,60.0,Low
Silt,5.05,46.15,0.83,2.82,18.17,29.74,753.63,8.51,8.84,Maize,Sowing,Zaid,Canal,Reservoir,2.47,No,60.56,South,Low,Low,42.0,Low
Sandy,7.24,16.09,1.29,0.86,27.81,55.41,1418.45,8.68,10.38,Potato,Harvest,Zaid,Sprinkler,Reservoir,7.56,Yes,18.41,Central,Low,Low,26.6,Low
Silt,5.74,60.16,1.59,0.32,32.81,69.12,657.27,8.49,1.62,Sugarcane,Sowing,Zaid,Sprinkler,River,9.77,No,79.52,North,Low,Low,38.92,Low
Loamy,5.43,39.11,0.94,2.33,23.79,61.57,2361.66,5.5,7.83,Cotton,Sowing,Rabi,Sprinkler,Groundwater,7.02,No,51.78,North,Low,Low,27.04,Low
Silt,6.54,37.75,0.38,2.33,22.45,69.29,2402.28,4.3,6.09,Maize,Vegetative,Rabi,Rainfed,Groundwater,14.9,Yes,90.31,East,Low,Low,35.82,Low
Sandy,6.72,17.58,0.46,1.53,18.63,85.4,297.74,4.11,14.91,Maize,Harvest,Rabi,Rainfed,River,3.51,No,85.11,Central,Medium,Medium,67.05,Medium
Loamy,6.91,33.54,1.22,2.83,20.63,47.2,164.83,10.07,14.03,Wheat,Vegetative,Kharif,Rainfed,River,0.87,Yes,54.69,West,Medium,Medium,110.0,Medium
Loamy,6.44,42.97,1.45,1.1,28.32,34.39,503.97,10.36,7.59,Maize,Harvest,Kharif,Sprinkler,Rainwater,5.65,No,115.42,North,Low,Low,17.22,Low
Silt,4.92,15.74,1.22,1.3,26.27,38.46,2369.58,10.78,12.26,Cotton,Flowering,Rabi,Rainfed,Reservoir,4.66,No,9.57,West,Medium,Medium,95.4,Medium
Sandy,7.2,29.66,1.11,0.97,26.77,78.48,1097.22,10.78,15.35,Maize,Vegetative,Rabi,Rainfed,River,4.42,No,43.06,East,Medium,Medium,77.82,Medium
Sandy,5.57,10.81,1.17,3.24,24.26,94.69,409.87,7.87,11.74,Wheat,Harvest,Kharif,Canal,Reservoir,10.45,Yes,96.94,East,Low,Low,15.65,Low
Sandy,5.85,29.24,1.18,0.26,22.36,29.29,2105.13,5.97,7.26,Rice,Flowering,Zaid,Canal,Groundwater,1.03,No,0.45,South,Low,Low,37.8,Low
Clay,6.2,61.33,1.32,0.71,40.13,41.66,1424.5,10.11,4.37,Maize,Harvest,Rabi,Canal,Rainwater,14.06,No,50.82,North,Low,Low,26.9,Low
Clay,6.42,28.62,0.33,1.14,39.18,39.58,2460.88,6.65,12.3,Potato,Sowing,Zaid,Drip,Groundwater,13.75,Yes,115.73,North,Low,Low,32.35,Low
Sandy,7.73,39.78,1.26,2.76,25.82,52.44,517.95,6.87,3.33,Maize,Flowering,Rabi,Sprinkler,Reservoir,5.16,Yes,80.39,North,Low,Low,60.0,Low
Loamy,5.07,59.06,1.3,2.63,18.87,51.96,1460.81,9.2,13.44,Rice,Sowing,Kharif,Canal,Rainwater,12.45,Yes,2.55,East,Low,Low,36.66,Low
Sandy,5.9,56.33,0.52,0.45,35.16,58.82,527.4,8.35,1.85,Cotton,Harvest,Rabi,Sprinkler,Rainwater,11.57,Yes,80.15,East,Low,Low,18.82,Low
Silt,6.2,32.85,0.83,2.4,15.48,35.6,851.66,4.93,2.09,Wheat,Sowing,Zaid,Canal,Reservoir,2.94,No,42.43,East,Low,Low,33.81,Low
Loamy,5.43,11.79,1.49,3.48,21.93,37.05,2214.26,8.05,5.41,Cotton,Flowering,Rabi,Rainfed,Groundwater,11.59,Yes,48.76,Central,Medium,Medium,110.0,Medium
Loamy,6.23,25.03,1.21,2.59,14.54,31.93,1676.77,6.24,9.71,Cotton,Vegetative,Kharif,Rainfed,River,12.07,Yes,74.55,South,Low,Low,40.76,Low
Clay,5.73,47.05,1.12,2.82,40.35,70.7,2066.02,5.93,9.42,Rice,Sowing,Zaid,Sprinkler,Rainwater,0.53,Yes,118.72,East,Low,Low,60.0,Low
Clay,6.83,49.19,0.9,1.54,18.61,90.8,1378.08,4.67,0.6,Potato,Vegetative,Zaid,Canal,River,1.33,Yes,59.64,West,Low,Low,30.07,Low
Silt,6.08,47.3,0.62,1.66,33.1,64.06,1975.82,7.93,8.46,Sugarcane,Sowing,Zaid,Drip,River,13.98,No,65.16,South,Low,Low,25.56,Low
Silt,7.93,64.98,1.15,2.74,15.55,62.88,656.09,6.02,18.07,Potato,Harvest,Rabi,Sprinkler,River,0.46,Yes,37.88,West,Low,Low,20.26,Low
Sandy,5.59,28.77,1.55,3.49,35.83,62.18,528.4,5.28,7.16,Sugarcane,Vegetative,Zaid,Drip,Reservoir,12.82,No,108.32,West,Medium,Medium,110.0,Medium
Clay,6.32,21.06,1.36,2.79,26.31,83.48,863.58,4.24,11.98,Maize,Sowing,Rabi,Drip,Groundwater,6.83,Yes,7.36,West,Low,Low,55.95,Low
Sandy,5.23,60.48,1.46,1.13,32.11,57.65,216.12,5.78,2.72,Potato,Flowering,Rabi,Drip,Rainwater,4.46,Yes,5.45,East,Medium,Medium,85.84,Medium
Silt,8.02,27.86,0.41,2.15,38.94,36.22,459.91,8.79,9.97,Potato,Harvest,Rabi,Sprinkler,Groundwater,14.3,No,80.57,Central,Low,Low,44.55,Low
Silt,5.25,10.97,0.47,0.6,29.56,29.31,862.03,6.43,17.6,Potato,Flowering,Rabi,Rainfed,Rainwater,3.9,Yes,102.96,South,Medium,Medium,110.0,Medium
Sandy,7.82,58.98,1.2,1.98,32.31,28.15,322.29,8.0,1.94,Sugarcane,Sowing,Kharif,Rainfed,Rainwater,1.89,Yes,86.79,Central,Low,Low,60.0,Low
Silt,5.83,18.44,0.3,0.49,38.38,74.5,2433.15,6.96,13.97,Potato,Harvest,Rabi,Sprinkler,Rainwater,7.38,No,39.7,Central,Medium,Medium,63.5,Medium
Silt,7.23,24.27,1.11,0.66,19.54,28.43,738.0,7.54,14.86,Maize,Harvest,Rabi,Drip,River,6.99,Yes,83.56,South,Low,Low,27.58,Low
Silt,7.68,17.75,0.88,3.05,15.67,27.94,1440.17,7.6,19.18,Sugarcane,Sowing,Zaid,Canal,Rainwater,2.64,Yes,112.55,Central,Low,Low,54.17,Low
Silt,6.61,32.99,1.47,2.32,31.39,57.69,1960.49,8.79,16.68,Rice,Vegetative,Rabi,Sprinkler,Rainwater,0.5,No,81.16,Central,Medium,Medium,91.62,Medium
Silt,7.18,55.52,0.93,2.19,40.17,71.11,1813.77,6.37,1.11,Maize,Sowing,Zaid,Rainfed,Groundwater,6.32,No,96.81,East,Low,Low,32.35,Low
Silt,6.33,46.82,1.31,1.81,20.14,40.35,1718.33,7.42,17.55,Sugarcane,Vegetative,Rabi,Drip,Groundwater,5.99,No,28.94,Central,Medium,Medium,85.6,Medium
Loamy,5.74,15.71,1.41,1.5,13.46,91.17,935.96,9.62,0.78,Sugarcane,Vegetative,Rabi,Canal,River,14.32,Yes,31.88,North,Medium,Medium,110.0,Medium
Clay,6.09,62.31,1.11,1.47,32.12,74.33,128.9,10.39,19.64,Cotton,Harvest,Kharif,Canal,Reservoir,12.11,Yes,70.68,South,Medium,Medium,59.37,Medium
Silt,7.61,44.01,1.5,0.31,16.85,27.6,1271.77,5.75,12.5,Rice,Vegetative,Kharif,Canal,River,7.54,No,29.33,East,Medium,Medium,108.19,Medium
Silt,7.53,46.88,1.29,0.82,41.36,43.39,282.23,6.55,10.61,Maize,Vegetative,Zaid,Canal,Rainwater,2.96,No,34.31,West,High,Medium,109.31,High
Loamy,5.12,30.22,1.26,0.72,27.67,48.06,326.17,10.31,4.15,Maize,Flowering,Rabi,Canal,Reservoir,6.82,No,29.63,West,Low,Low,60.0,Low
Loamy,7.17,43.13,0.51,0.78,38.97,30.93,791.01,5.42,17.67,Rice,Flowering,Zaid,Sprinkler,Reservoir,14.74,No,54.72,East,Medium,Medium,110.0,Medium
Silt,7.79,13.28,0.71,1.04,21.14,64.02,71.1,7.23,12.37,Wheat,Flowering,Rabi,Rainfed,Rainwater,8.17,No,103.47,South,High,High,166.2,High
Clay,7.26,34.27,1.28,0.88,16.9,51.29,376.79,7.95,18.32,Cotton,Sowing,Kharif,Rainfed,Reservoir,7.05,Yes,33.52,East,Low,Low,60.0,Low
Loamy,7.51,46.34,1.2,1.16,35.77,30.88,1547.14,8.41,7.58,Wheat,Sowing,Kharif,Drip,Rainwater,9.99,Yes,116.65,South,Low,Low,21.11,Low
Loamy,5.61,60.17,0.77,0.5,25.59,74.25,29.58,5.59,6.33,Cotton,Harvest,Zaid,Drip,River,9.2,No,40.79,North,Low,Low,31.67,Low
Sandy,6.83,33.67,0.6,2.33,24.07,46.41,1930.1,4.35,13.41,Cotton,Harvest,Kharif,Drip,Reservoir,7.49,No,50.45,South,Low,Low,19.06,Low
Silt,5.69,8.62,0.38,0.38,30.94,67.11,2027.57,4.71,13.17,Wheat,Vegetative,Zaid,Rainfed,Rainwater,0.98,No,64.25,West,High,High,126.21,High
Loamy,7.64,8.26,0.93,0.41,28.33,60.08,2141.91,6.09,2.41,Rice,Vegetative,Rabi,Canal,Reservoir,12.76,No,96.57,North,Medium,Medium,108.58,Medium
Clay,5.42,36.73,0.74,1.52,16.59,76.88,2476.03,10.34,1.8,Maize,Flowering,Kharif,Sprinkler,Rainwater,13.75,Yes,107.25,Central,Low,Low,42.33,Low
Sandy,6.3,41.64,1.15,2.02,32.34,58.67,2060.45,5.06,11.79,Sugarcane,Sowing,Rabi,Drip,Groundwater,13.88,No,101.62,North,Low,Low,49.68,Low
Silt,5.81,28.64,0.77,0.87,36.28,35.93,1940.26,7.37,18.14,Cotton,Sowing,Rabi,Canal,River,11.69,No,90.45,North,Low,Low,46.86,Low
Silt,5.05,61.45,0.42,1.27,14.6,30.93,284.24,10.51,17.58,Potato,Sowing,Kharif,Sprinkler,Rainwater,10.08,Yes,86.96,South,Low,Low,27.92,Low
Clay,7.0,45.37,1.24,3.25,13.06,70.28,1533.38,7.3,12.33,Maize,Flowering,Kharif,Canal,Reservoir,0.82,Yes,31.94,North,Low,Low,29.2,Low
Loamy,6.03,11.92,1.53,2.71,29.61,75.36,96.65,6.17,13.64,Potato,Harvest,Rabi,Canal,Groundwater,3.93,Yes,117.31,North,Medium,Medium,67.37,Medium
Loamy,5.59,43.7,1.04,0.59,15.96,35.47,397.72,7.59,6.6,Wheat,Harvest,Rabi,Canal,Rainwater,14.14,Yes,13.74,East,Low,Low,31.89,Low
Sandy,5.99,35.91,0.79,2.86,23.09,59.17,166.44,8.98,6.57,Potato,Vegetative,Zaid,Sprinkler,Groundwater,7.02,Yes,61.4,East,Medium,Medium,110.0,Medium
Silt,5.22,45.45,1.26,1.17,32.35,78.31,1859.4,10.03,2.43,Sugarcane,Vegetative,Kharif,Drip,River,0.67,No,67.94,East,Medium,Medium,81.19,Medium
Loamy,6.05,21.11,0.42,1.35,16.89,26.29,1651.56,4.15,10.46,Wheat,Flowering,Kharif,Rainfed,Rainwater,12.77,No,1.43,North,Medium,Medium,48.64,Medium
Sandy,7.72,57.99,1.54,2.66,30.67,92.63,1485.99,6.25,18.28,Cotton,Vegetative,Kharif,Sprinkler,Reservoir,1.4,Yes,74.59,West,Medium,Medium,48.8,Medium
Silt,4.87,21.67,0.89,2.09,41.2,58.55,763.2,8.78,10.54,Potato,Harvest,Rabi,Sprinkler,Reservoir,14.69,No,33.53,Central,Medium,Medium,87.94,Medium
Clay,6.27,42.76,0.99,1.99,35.84,64.82,1527.37,6.96,16.11,Maize,Harvest,Zaid,Canal,River,0.87,Yes,33.31,East,Low,Low,15.0,Low
Silt,5.42,13.58,1.58,2.42,40.92,64.81,962.05,7.57,13.78,Potato,Harvest,Zaid,Sprinkler,Reservoir,12.57,Yes,117.34,East,Medium,Medium,60.31,Medium
Sandy,6.53,19.98,0.57,0.92,38.1,73.35,572.88,6.88,14.87,Cotton,Vegetative,Kharif,Sprinkler,Groundwater,14.8,Yes,7.25,South,Medium,Medium,86.04,Medium
Sandy,5.46,53.09,0.33,1.08,39.97,68.48,900.72,4.8,3.51,Cotton,Sowing,Zaid,Rainfed,Rainwater,5.89,No,42.75,West,Low,Low,60.0,Low
Clay,5.31,53.86,1.21,2.15,27.01,74.3,835.87,5.93,2.52,Potato,Sowing,Kharif,Drip,Reservoir,2.73,Yes,82.05,South,Low,Low,58.11,Low
Clay,7.73,52.47,0.48,2.12,37.47,62.16,541.1,4.58,19.2,Cotton,Sowing,Zaid,Rainfed,Groundwater,3.38,Yes,113.6,Central,Low,Low,41.86,Low
Silt,6.93,53.56,1.52,2.1,32.99,87.73,2220.98,5.15,19.3,Maize,Harvest,Rabi,Canal,Groundwater,9.21,No,43.09,South,Low,Low,15.0,Low
Silt,7.46,43.06,1.09,0.96,18.05,30.24,1225.05,6.77,5.7,Cotton,Sowing,Kharif,Rainfed,Groundwater,14.13,No,111.96,East,Low,Low,32.5,Low
Silt,6.33,59.87,0.77,0.77,28.36,49.47,1899.97,5.3,12.4,Wheat,Harvest,Zaid,Sprinkler,River,3.39,No,52.8,West,Low,Low,23.07,Low
Clay,6.07,50.81,1.5,3.11,21.07,75.32,451.64,8.22,15.16,Maize,Harvest,Kharif,Drip,Rainwater,12.85,No,7.81,East,Low,Low,28.95,Low
Loamy,8.0,51.78,0.96,3.34,16.11,81.39,1492.01,10.8,19.18,Sugarcane,Flowering,Zaid,Rainfed,Groundwater,8.73,Yes,17.63,West,Low,Low,28.5,Low
Clay,5.16,31.7,1.13,0.98,37.08,53.41,591.23,10.35,17.38,Wheat,Vegetative,Rabi,Drip,Rainwater,4.29,No,114.01,Central,Medium,Medium,85.61,Medium
Sandy,6.89,61.33,0.95,3.22,39.47,75.77,1057.63,9.17,5.38,Wheat,Harvest,Kharif,Sprinkler,River,3.26,Yes,85.3,South,Low,Low,15.0,Low
Silt,7.72,55.14,0.49,1.49,28.54,63.34,85.03,4.41,9.5,Maize,Vegetative,Kharif,Canal,Groundwater,1.06,No,15.68,North,Medium,Medium,105.6,Medium
Silt,6.42,21.86,0.9,1.82,38.05,44.78,777.61,4.47,1.44,Rice,Flowering,Zaid,Sprinkler,Rainwater,8.19,Yes,16.74,North,Medium,Medium,110.0,Medium
Sandy,6.65,15.77,0.8,1.6,30.32,65.32,864.36,9.95,4.74,Sugarcane,Vegetative,Kharif,Canal,River,13.09,Yes,33.21,Central,Medium,Medium,110.0,Medium
Loamy,5.88,53.16,0.87,0.24,12.13,86.82,1752.32,10.69,3.88,Rice,Sowing,Kharif,Rainfed,Reservoir,10.67,Yes,3.34,South,Low,Low,18.19,Low
Loamy,6.79,30.66,1.35,1.2,26.15,35.44,33.48,7.83,10.0,Maize,Sowing,Kharif,Rainfed,Groundwater,10.45,Yes,102.55,West,Low,Low,41.26,Low
Loamy,7.42,40.77,0.53,2.02,30.86,83.81,362.29,6.41,9.05,Maize,Sowing,Zaid,Drip,Rainwater,14.09,No,99.24,North,Low,Low,60.0,Low
Sandy,6.24,56.25,1.02,3.07,17.6,65.12,1869.34,4.37,13.13,Sugarcane,Flowering,Rabi,Canal,River,7.88,No,20.21,North,Medium,Medium,63.46,Medium
Clay,5.73,28.52,0.55,2.54,14.53,39.69,2235.42,5.96,16.18,Maize,Sowing,Kharif,Drip,Groundwater,10.59,No,24.78,North,Low,Low,41.59,Low
Loamy,7.49,33.98,0.52,2.44,18.4,50.13,1351.14,5.28,8.8,Maize,Vegetative,Rabi,Rainfed,River,3.12,Yes,85.19,East,Low,Low,43.53,Low
Silt,5.59,49.25,0.96,2.92,12.32,71.08,230.45,8.54,10.68,Rice,Vegetative,Kharif,Rainfed,River,3.89,No,73.64,North,Medium,Medium,101.29,Medium
Loamy,6.26,39.38,0.71,1.53,23.65,61.44,2235.3,4.48,7.8,Cotton,Sowing,Zaid,Canal,River,9.78,No,49.66,Central,Low,Low,21.82,Low
Clay,7.94,31.65,1.39,2.46,29.15,37.71,973.72,4.04,10.4,Rice,Vegetative,Rabi,Canal,Reservoir,11.8,No,43.65,Central,Medium,Medium,109.15,Medium
Clay,6.13,54.89,0.38,0.25,22.37,58.29,281.76,4.25,7.4,Sugarcane,Harvest,Rabi,Drip,Groundwater,10.62,No,89.89,North,Low,Low,40.43,Low
Clay,6.92,23.94,0.38,3.42,19.99,49.43,259.41,8.31,4.67,Sugarcane,Harvest,Kharif,Sprinkler,River,5.25,No,58.93,East,Medium,Medium,93.67,Medium
Clay,7.56,9.19,1.02,2.96,20.15,72.99,249.34,7.69,11.04,Maize,Sowing,Kharif,Sprinkler,Rainwater,10.48,No,116.78,Central,Medium,Medium,110.0,Medium
Clay,6.16,32.57,0.55,2.46,13.34,79.48,2224.5,9.18,12.68,Wheat,Flowering,Kharif,Canal,Reservoir,11.34,Yes,97.26,West,Low,Low,29.2,Low
Silt,7.84,28.0,0.33,1.32,23.19,69.98,2353.38,9.95,1.24,Potato,Sowing,Kharif,Rainfed,Reservoir,7.13,Yes,21.0,South,Low,Low,19.5,Low
Silt,5.18,50.2,0.48,0.27,39.37,88.99,109.82,5.0,3.35,Sugarcane,Harvest,Zaid,Canal,River,10.21,Yes,113.25,East,Low,Low,50.35,Low
Silt,7.37,56.2,1.33,1.7,13.8,79.94,2151.49,9.22,3.97,Potato,Harvest,Kharif,Canal,River,3.23,No,119.11,North,Low,Low,21.38,Low
Clay,7.73,15.0,1.15,2.23,36.94,84.5,518.12,5.64,9.77,Maize,Flowering,Zaid,Rainfed,River,10.86,No,15.4,East,Medium,Medium,106.38,Medium
Loamy,5.37,30.24,1.36,1.97,21.15,46.02,496.27,6.61,18.49,Wheat,Harvest,Kharif,Drip,River,4.13,No,45.39,East,Low,Low,41.14,Low
Sandy,8.13,58.69,1.26,2.57,41.08,48.6,2.26,7.28,2.89,Maize,Harvest,Kharif,Canal,Rainwater,12.62,No,62.22,West,Medium,Medium,78.71,Medium
Loamy,7.31,62.99,1.44,1.2,41.35,71.4,1842.2,5.84,0.97,Wheat,Flowering,Kharif,Rainfed,Reservoir,11.8,Yes,18.05,Central,Low,Low,27.99,Low
Silt,7.82,58.71,0.75,3.3,14.77,85.56,355.07,7.49,2.56,Maize,Harvest,Rabi,Canal,Reservoir,4.34,Yes,84.57,West,Low,Low,27.59,Low
Sandy,6.26,43.65,0.73,0.77,21.08,92.05,466.79,6.16,19.88,Sugarcane,Sowing,Zaid,Sprinkler,Groundwater,13.68,Yes,44.98,Central,Low,Low,60.0,Low
Clay,6.51,47.57,1.28,0.48,27.25,88.36,1612.99,6.82,16.49,Rice,Sowing,Zaid,Sprinkler,Rainwater,2.88,No,50.89,West,Low,Low,40.53,Low
Sandy,7.89,11.61,0.73,1.48,32.67,41.67,2464.2,6.93,7.09,Potato,Vegetative,Rabi,Canal,River,2.92,No,52.81,East,Medium,Medium,76.78,Medium
Clay,7.6,52.28,1.34,2.91,17.62,76.32,145.64,5.56,14.57,Rice,Sowing,Rabi,Drip,Rainwater,2.51,No,13.51,Central,Medium,Medium,102.86,Medium
Clay,7.97,35.13,1.39,1.93,28.36,56.31,653.58,8.21,19.25,Maize,Vegetative,Kharif,Rainfed,Reservoir,6.78,No,114.39,South,Medium,Medium,110.0,Medium
Sandy,5.79,59.75,1.12,2.8,31.48,70.04,1411.53,7.41,6.78,Cotton,Flowering,Zaid,Rainfed,Reservoir,12.65,No,49.6,South,Medium,Medium,68.11,Medium
Sandy,6.26,30.35,0.56,2.41,14.57,78.65,2481.94,9.07,13.3,Cotton,Flowering,Zaid,Rainfed,River,10.26,Yes,62.53,West,Low,Low,28.15,Low
Silt,5.9,18.55,1.38,1.17,29.85,33.11,351.93,9.87,2.88,Potato,Vegetative,Rabi,Rainfed,Groundwater,1.88,No,98.84,Central,Medium,Medium,110.0,Medium
Sandy,5.41,24.93,0.4,1.16,36.4,38.1,2483.32,5.07,11.68,Rice,Vegetative,Rabi,Canal,Rainwater,11.11,Yes,30.23,Central,Medium,Medium,102.68,Medium
Loamy,7.98,36.61,1.44,0.2,33.56,37.48,456.98,10.39,12.11,Maize,Sowing,Kharif,Sprinkler,River,8.24,No,35.08,East,Low,Low,60.0,Low
Loamy,5.6,27.04,1.38,2.85,33.97,49.05,497.7,7.42,10.47,Potato,Flowering,Rabi,Rainfed,Rainwater,5.72,Yes,7.13,North,Medium,Medium,110.0,Medium
Silt,5.18,9.74,1.19,3.03,16.49,54.19,2213.79,5.6,9.91,Sugarcane,Harvest,Kharif,Rainfed,Groundwater,13.11,Yes,87.95,South,Low,Low,22.65,Low
Silt,4.96,17.87,0.45,0.11,28.37,84.68,327.51,10.58,7.07,Maize,Vegetative,Kharif,Sprinkler,Reservoir,9.15,No,70.21,West,Medium,Medium,88.19,Medium
Loamy,5.09,42.66,0.96,0.42,33.08,60.16,1937.37,5.8,11.64,Maize,Harvest,Zaid,Rainfed,River,7.34,No,3.4,Central,Low,Low,15.0,Low
Loamy,6.22,26.75,0.96,1.1,18.61,62.08,1559.64,6.17,19.84,Wheat,Flowering,Zaid,Canal,Groundwater,5.18,No,25.21,East,Medium,Medium,69.5,Medium
Clay,8.13,39.19,0.33,3.16,18.44,46.8,1055.02,10.35,10.4,Wheat,Vegetative,Zaid,Canal,River,7.8,No,115.98,East,Medium,Medium,76.69,Medium
Silt,6.0,52.52,1.23,2.06,28.58,63.37,1122.68,6.99,2.87,Potato,Harvest,Zaid,Rainfed,Rainwater,8.31,No,73.61,Central,Low,Low,19.55,Low
Loamy,8.18,64.41,0.59,1.42,27.44,26.76,1141.95,8.94,1.46,Sugarcane,Flowering,Kharif,Drip,Groundwater,8.07,Yes,97.78,West,Low,Low,59.47,Low
Silt,5.66,9.63,0.99,0.9,13.4,72.41,2306.96,9.44,18.5,Wheat,Harvest,Kharif,Canal,Groundwater,3.8,Yes,4.77,West,Low,Low,23.72,Low
Sandy,7.96,8.44,0.85,2.04,22.46,86.94,1946.77,10.57,6.03,Rice,Flowering,Zaid,Canal,Reservoir,10.81,No,0.42,East,Medium,Medium,104.14,Medium
Sandy,5.12,42.06,0.61,0.63,29.83,56.16,840.77,9.23,4.88,Maize,Vegetative,Zaid,Sprinkler,Rainwater,14.13,Yes,64.47,South,Low,Low,60.0,Low
Sandy,5.73,56.02,1.06,1.77,20.04,59.05,1091.01,7.43,2.76,Sugarcane,Harvest,Rabi,Sprinkler,Groundwater,13.02,No,72.59,South,Low,Low,21.43,Low
Loamy,7.15,10.98,1.13,2.23,15.94,46.5,1707.39,9.19,5.74,Potato,Harvest,Kharif,Canal,Rainwater,14.71,Yes,115.02,East,Low,Low,31.23,Low
Loamy,6.2,56.37,0.69,0.3,18.48,89.11,145.78,8.68,3.85,Rice,Flowering,Zaid,Drip,River,3.55,Yes,79.59,West,Medium,Medium,107.38,Medium
Sandy,6.46,15.86,0.85,2.97,18.58,91.01,1301.82,4.34,4.28,Sugarcane,Flowering,Zaid,Canal,River,4.11,Yes,28.82,North,Medium,Medium,110.0,Medium
Clay,8.06,63.9,0.37,1.72,14.1,35.04,368.2,5.11,19.46,Maize,Harvest,Kharif,Rainfed,Rainwater,11.86,No,87.14,North,Low,Low,28.17,Low
Loamy,7.53,47.15,0.44,2.25,19.72,66.89,2162.43,10.97,15.65,Rice,Flowering,Zaid,Drip,Reservoir,3.04,Yes,87.07,North,Low,Low,46.22,Low
Sandy,5.18,42.34,1.46,0.7,12.42,42.75,1906.6,7.77,1.53,Potato,Harvest,Kharif,Sprinkler,Groundwater,14.4,Yes,63.68,North,Low,Low,22.35,Low
Loamy,7.85,13.85,1.13,0.34,18.08,74.58,631.51,5.53,18.23,Sugarcane,Sowing,Zaid,Sprinkler,Rainwater,3.77,No,91.22,South,Medium,Medium,100.48,Medium
Clay,7.95,55.11,0.83,0.75,34.77,33.59,1729.89,9.06,14.7,Sugarcane,Flowering,Kharif,Drip,Groundwater,9.54,No,67.8,East,Medium,Medium,98.83,Medium
Sandy,5.94,34.09,1.56,1.22,36.41,50.37,2140.41,8.54,11.13,Potato,Sowing,Zaid,Canal,Groundwater,2.83,No,7.85,South,Low,Low,60.0,Low
Clay,6.78,24.11,1.06,0.97,37.58,72.14,1410.68,10.28,12.8,Sugarcane,Vegetative,Zaid,Canal,River,13.39,Yes,63.23,East,Medium,Medium,110.0,Medium
Silt,5.5,40.09,0.89,2.29,15.67,37.12,1515.15,9.55,18.42,Sugarcane,Vegetative,Zaid,Sprinkler,Rainwater,6.9,No,69.72,West,Medium,Medium,54.39,Medium
Loamy,6.04,49.66,0.83,0.46,12.79,60.05,1233.01,10.67,1.43,Wheat,Harvest,Kharif,Rainfed,Groundwater,11.65,No,98.11,West,Low,Low,15.0,Low
Loamy,6.87,14.89,1.4,1.81,41.06,68.22,2192.7,8.89,18.76,Rice,Flowering,Kharif,Sprinkler,Groundwater,13.73,No,30.77,East,High,High,171.65,High
Loamy,7.41,41.23,1.49,2.99,21.5,49.01,1185.97,7.74,4.29,Maize,Flowering,Zaid,Rainfed,Rainwater,7.44,Yes,48.76,Central,Low,Low,48.24,Low
Loamy,5.21,27.47,0.33,2.34,26.4,60.66,1788.74,6.27,9.89,Maize,Flowering,Kharif,Canal,Groundwater,6.7,Yes,7.6,East,Low,Low,46.58,Low
Sandy,5.94,17.11,1.33,2.68,32.53,94.26,1354.61,6.84,2.39,Maize,Vegetative,Zaid,Rainfed,River,12.13,Yes,5.13,South,Medium,Medium,69.55,Medium
Sandy,4.88,63.93,0.37,2.92,34.56,52.82,2268.84,7.15,4.73,Rice,Harvest,Kharif,Drip,River,14.3,Yes,16.32,South,Low,Low,21.69,Low
Loamy,5.96,57.94,0.9,1.44,35.41,32.96,1961.15,4.57,1.85,Wheat,Harvest,Rabi,Drip,Rainwater,1.89,Yes,32.28,Central,Low,Low,26.32,Low
Clay,5.36,36.56,1.32,3.47,15.11,45.69,1123.24,9.48,2.78,Wheat,Sowing,Rabi,Canal,Groundwater,4.34,Yes,70.59,North,Low,Low,44.3,Low
Clay,4.82,38.97,0.55,3.38,12.38,39.27,1564.96,5.86,11.5,Potato,Flowering,Zaid,Rainfed,Groundwater,4.1,No,20.97,North,Medium,Medium,82.49,Medium
Loamy,6.16,55.4,0.71,3.4,18.8,54.95,2175.75,9.77,16.07,Rice,Flowering,Rabi,Sprinkler,Reservoir,11.39,Yes,99.54,North,Low,Low,46.62,Low
Clay,7.66,11.2,1.09,3.1,30.97,70.71,524.0,9.28,4.62,Wheat,Sowing,Zaid,Drip,Reservoir,5.41,No,106.35,West,Medium,Medium,103.19,Medium
Loamy,7.22,60.14,1.21,0.14,27.55,26.03,642.9,5.11,11.28,Wheat,Sowing,Kharif,Drip,Groundwater,6.15,Yes,69.26,East,Low,Low,30.24,Low
Clay,7.8,33.24,1.01,2.25,28.31,61.08,1887.36,10.64,19.19,Potato,Vegetative,Kharif,Drip,River,12.8,No,27.04,South,Medium,Medium,73.9,Medium
Sandy,6.39,27.21,1.25,2.2,24.35,37.13,1332.7,7.43,13.65,Rice,Flowering,Kharif,Sprinkler,Groundwater,12.89,Yes,68.26,South,Low,Low,60.0,Low
Silt,5.94,62.3,0.88,0.55,20.22,35.55,1040.13,5.0,17.9,Sugarcane,Harvest,Zaid,Drip,River,0.57,No,42.71,South,Low,Low,28.73,Low
Clay,7.9,33.01,0.3,1.69,23.19,81.43,110.69,8.88,8.8,Maize,Vegetative,Rabi,Rainfed,River,14.12,Yes,16.3,South,Medium,Medium,88.63,Medium
Loamy,5.45,27.95,0.61,1.38,38.48,37.58,260.6,4.81,1.93,Potato,Harvest,Zaid,Sprinkler,Reservoir,14.15,Yes,57.09,West,Low,Low,55.07,Low
Silt,6.11,45.23,1.26,1.57,33.0,60.17,2312.12,9.28,9.49,Sugarcane,Sowing,Kharif,Rainfed,River,14.4,Yes,24.7,North,Low,Low,27.21,Low
Sandy,8.13,41.83,0.44,0.41,26.46,49.74,630.23,6.48,1.85,Rice,Flowering,Rabi,Canal,Reservoir,6.7,No,66.09,West,Low,Low,60.0,Low
Sandy,5.01,10.59,1.59,1.41,14.7,62.24,565.52,4.8,15.97,Maize,Vegetative,Rabi,Drip,Groundwater,13.4,Yes,56.95,West,Medium,Medium,67.97,Medium
Sandy,7.16,17.74,0.78,0.43,40.89,73.99,2305.59,8.99,9.07,Rice,Flowering,Zaid,Sprinkler,Groundwater,13.61,No,103.6,Central,Medium,Medium,104.96,Medium
Loamy,6.01,35.22,1.11,2.29,19.16,85.53,340.96,7.55,15.1,Maize,Vegetative,Zaid,Rainfed,River,7.64,No,40.47,South,Medium,Medium,92.87,Medium
Silt,5.65,62.33,0.73,0.39,13.69,47.76,914.52,8.74,11.51,Sugarcane,Harvest,Zaid,Canal,Groundwater,1.38,Yes,87.55,West,Low,Low,36.4,Low
Loamy,7.45,29.9,0.53,2.9,23.08,54.89,1743.44,8.15,9.67,Rice,Sowing,Zaid,Drip,Reservoir,9.89,No,24.7,South,Low,Low,28.84,Low
Silt,5.23,38.93,1.25,1.13,28.88,30.37,682.2,10.05,11.71,Wheat,Flowering,Rabi,Sprinkler,River,0.55,No,44.48,East,Medium,Medium,102.87,Medium
Silt,7.8,47.82,1.26,0.98,25.53,50.63,2142.06,7.12,3.07,Maize,Vegetative,Rabi,Drip,River,11.23,Yes,45.26,North,Low,Low,42.86,Low
Clay,5.98,49.37,0.36,0.41,20.66,33.9,2252.81,5.64,4.93,Rice,Flowering,Kharif,Rainfed,Groundwater,3.88,No,69.74,East,Low,Low,32.29,Low
Loamy,5.81,28.22,1.26,0.37,39.1,79.76,116.7,10.85,1.66,Maize,Vegetative,Zaid,Sprinkler,River,9.74,Yes,108.55,West,Medium,Medium,110.0,Medium
Clay,6.54,56.81,1.33,2.55,37.1,65.35,2352.45,6.26,14.77,Maize,Sowing,Zaid,Sprinkler,Reservoir,10.76,Yes,29.92,Central,Low,Low,40.21,Low
Silt,6.94,48.59,1.29,0.39,12.07,52.8,2046.66,7.89,6.16,Potato,Harvest,Kharif,Canal,River,14.78,Yes,68.54,South,Low,Low,21.67,Low
Loamy,7.39,14.01,1.23,1.2,21.99,86.9,185.92,9.0,17.91,Wheat,Harvest,Zaid,Sprinkler,River,7.41,No,78.67,South,Medium,Medium,45.0,Medium
Sandy,5.16,13.3,1.1,2.14,30.42,50.94,1119.62,4.15,9.57,Rice,Harvest,Kharif,Drip,River,14.44,Yes,100.36,West,Low,Low,37.31,Low
Sandy,5.03,63.12,1.31,3.22,36.87,86.93,1669.03,8.06,15.56,Potato,Vegetative,Kharif,Drip,Reservoir,8.89,No,13.85,South,Medium,Medium,58.78,Medium
Clay,7.04,55.41,0.39,1.52,37.25,63.37,422.21,7.3,16.3,Wheat,Flowering,Rabi,Rainfed,Rainwater,13.57,Yes,6.01,North,Medium,Medium,110.0,Medium
Silt,8.08,22.54,1.44,1.46,39.25,77.77,209.43,6.05,10.36,Wheat,Harvest,Kharif,Sprinkler,Rainwater,10.47,No,91.91,East,High,Medium,45.62,High
Loamy,7.1,40.46,0.69,1.13,40.28,52.83,2346.47,6.31,1.35,Maize,Flowering,Zaid,Sprinkler,Reservoir,10.31,Yes,10.79,South,Low,Low,51.45,Low
Silt,5.78,33.59,0.38,1.49,30.95,77.53,800.49,6.39,13.31,Cotton,Harvest,Kharif,Rainfed,Groundwater,9.79,Yes,23.99,North,Low,Low,16.95,Low
Sandy,7.62,50.97,0.73,1.15,36.16,76.81,1231.81,9.38,7.33,Rice,Flowering,Rabi,Drip,Rainwater,2.82,Yes,55.48,North,Low,Low,60.0,Low
Clay,4.82,52.77,1.12,1.63,31.47,35.75,1898.25,8.17,1.12,Rice,Flowering,Rabi,Canal,River,2.41,No,15.0,Central,Medium,Medium,83.16,Medium
Loamy,5.62,56.88,0.34,0.9,40.11,83.57,1483.67,10.04,16.55,Rice,Harvest,Rabi,Drip,River,9.34,Yes,104.25,North,Low,Low,38.46,Low
Clay,6.1,11.81,1.59,0.62,20.34,39.27,222.51,5.7,19.91,Sugarcane,Vegetative,Kharif,Drip,Rainwater,5.42,No,103.14,East,High,High,180.0,High
Silt,7.97,18.13,0.41,1.56,22.34,38.49,1955.13,9.74,7.49,Cotton,Sowing,Rabi,Drip,Reservoir,4.12,No,47.92,North,Low,Low,34.02,Low
Silt,4.82,12.37,1.52,2.26,30.58,67.98,1695.23,5.43,13.05,Cotton,Flowering,Kharif,Drip,Reservoir,1.9,No,18.91,North,High,High,122.3,High
Sandy,6.42,45.81,0.55,3.18,29.24,67.93,140.71,8.71,5.3,Rice,Vegetative,Rabi,Canal,Reservoir,10.07,No,54.16,West,Medium,Medium,110.0,Medium
Clay,7.99,21.51,0.37,2.2,30.64,37.29,225.09,8.36,19.16,Maize,Vegetative,Rabi,Canal,River,9.28,No,92.68,East,High,High,180.0,High
Sandy,5.81,59.84,0.61,2.89,28.97,88.22,1816.03,6.64,9.62,Maize,Vegetative,Zaid,Canal,Rainwater,10.05,Yes,21.44,East,Low,Low,37.55,Low
Silt,7.11,60.07,0.94,2.65,12.14,91.06,1667.55,8.83,6.2,Maize,Sowing,Rabi,Canal,Reservoir,1.25,Yes,8.88,West,Low,Low,16.85,Low
Loamy,7.61,47.94,1.26,2.38,37.82,39.64,1034.89,4.37,4.81,Maize,Flowering,Kharif,Canal,Reservoir,1.14,Yes,73.36,South,Low,Low,48.8,Low
Sandy,8.17,17.17,0.82,1.82,25.86,52.86,1018.47,5.64,19.27,Potato,Harvest,Kharif,Rainfed,Rainwater,1.61,No,94.92,South,Medium,Medium,81.21,Medium
Loamy,6.53,25.93,1.29,1.26,21.29,48.36,776.46,6.05,17.85,Potato,Vegetative,Kharif,Sprinkler,River,12.11,No,56.79,West,Medium,Medium,110.0,Medium
Loamy,5.03,29.03,0.85,3.41,14.43,29.14,302.66,8.94,11.15,Sugarcane,Harvest,Zaid,Sprinkler,Rainwater,7.18,No,107.07,North,Low,Low,43.71,Low
Sandy,6.12,14.71,1.4,2.25,24.66,82.24,1794.78,8.56,2.11,Rice,Harvest,Rabi,Drip,Groundwater,4.14,Yes,77.43,South,Low,Low,21.23,Low
Clay,6.62,57.51,1.02,2.93,33.23,40.16,1747.41,7.69,12.86,Maize,Sowing,Kharif,Canal,River,12.81,No,102.57,West,Low,Low,32.91,Low
Loamy,7.45,31.16,1.45,1.78,21.41,28.69,2157.11,6.35,19.79,Rice,Vegetative,Kharif,Drip,Groundwater,10.11,No,61.11,West,Medium,Medium,93.62,Medium
Sandy,5.49,9.9,1.09,0.97,12.79,67.15,2462.76,6.48,3.93,Sugarcane,Sowing,Kharif,Sprinkler,Rainwater,2.73,No,65.58,South,Low,Low,24.76,Low
Sandy,5.12,45.24,0.53,1.94,27.45,60.81,1533.63,4.9,6.47,Potato,Harvest,Rabi,Drip,Groundwater,3.88,No,106.21,East,Low,Low,21.73,Low
Loamy,7.4,23.92,0.86,1.63,36.41,75.84,1133.04,8.77,15.65,Sugarcane,Harvest,Zaid,Sprinkler,River,5.7,No,58.57,East,Medium,Medium,59.9,Medium
Sandy,6.25,51.12,1.0,2.9,13.74,61.7,466.32,8.94,14.28,Sugarcane,Sowing,Rabi,Rainfed,Groundwater,0.35,No,7.31,North,Low,Low,60.0,Low
Silt,4.83,25.14,1.18,2.64,12.45,88.72,1648.8,5.97,15.43,Maize,Vegetative,Rabi,Rainfed,Groundwater,12.97,No,75.09,West,Medium,Medium,45.0,Medium
Loamy,5.55,56.14,0.45,0.61,18.35,38.33,1611.61,7.93,6.72,Sugarcane,Sowing,Kharif,Canal,Rainwater,12.72,Yes,93.98,West,Low,Low,41.31,Low
Silt,8.14,17.28,1.48,3.24,21.6,54.6,450.38,4.47,19.53,Maize,Sowing,Kharif,Canal,Rainwater,6.92,Yes,33.62,West,Low,Low,60.0,Low
Loamy,6.3,17.65,1.45,2.91,28.25,56.69,2039.01,5.18,14.88,Wheat,Vegetative,Kharif,Canal,Groundwater,5.03,Yes,15.87,Central,Medium,Medium,86.26,Medium
Silt,6.54,44.55,1.4,2.3,39.74,57.24,1624.17,4.19,4.71,Sugarcane,Sowing,Rabi,Drip,Groundwater,1.34,No,101.29,South,Low,Low,30.42,Low
Loamy,6.05,44.47,1.43,3.2,18.76,27.16,596.14,8.81,14.18,Cotton,Sowing,Kharif,Canal,River,13.85,No,75.74,West,Low,Low,46.9,Low
Silt,5.44,18.15,0.93,2.65,13.26,52.42,1113.8,4.45,8.05,Sugarcane,Sowing,Zaid,Canal,River,13.3,No,14.75,Central,Low,Low,60.0,Low
Clay,5.28,51.82,0.5,2.31,18.56,69.14,357.75,4.92,11.67,Rice,Sowing,Kharif,Sprinkler,River,10.41,Yes,86.29,South,Low,Low,59.61,Low
Loamy,5.3,25.02,1.23,2.22,31.41,58.44,1177.52,6.27,18.39,Sugarcane,Flowering,Rabi,Sprinkler,Reservoir,6.78,Yes,45.31,East,Medium,Medium,110.0,Medium
Loamy,6.87,42.57,0.63,2.96,18.52,93.76,2281.72,5.07,5.1,Wheat,Flowering,Zaid,Rainfed,Groundwater,9.65,No,78.78,Central,Low,Low,26.65,Low
Loamy,6.28,23.48,1.07,3.01,19.74,66.36,580.41,10.64,2.18,Cotton,Harvest,Kharif,Drip,Reservoir,6.32,Yes,111.85,South,Low,Low,30.68,Low
Sandy,5.76,28.83,1.08,1.62,28.09,35.06,402.9,5.98,17.71,Sugarcane,Harvest,Rabi,Sprinkler,Reservoir,5.97,Yes,99.71,Central,Low,Low,37.63,Low
Clay,7.79,35.89,0.73,2.31,13.24,45.46,1661.41,8.08,14.16,Maize,Sowing,Rabi,Rainfed,Groundwater,6.15,Yes,39.76,North,Low,Low,43.21,Low
Silt,7.95,17.25,1.22,1.24,14.65,67.65,133.35,5.16,4.13,Cotton,Harvest,Kharif,Rainfed,Groundwater,11.06,Yes,85.47,West,Medium,Medium,66.05,Medium
Loamy,5.77,51.05,1.57,1.55,35.68,92.71,1800.55,6.4,7.31,Maize,Harvest,Zaid,Sprinkler,River,2.02,Yes,63.55,East,Low,Low,15.0,Low
Clay,4.95,54.17,0.45,0.63,31.82,31.3,1925.84,8.16,14.94,Rice,Vegetative,Kharif,Rainfed,Groundwater,0.83,No,48.14,East,Medium,Medium,66.28,Medium
Loamy,5.69,54.59,0.39,3.09,24.71,85.14,946.77,5.98,10.13,Cotton,Sowing,Rabi,Rainfed,Reservoir,3.97,No,18.18,North,Low,Low,29.1,Low
Sandy,6.9,34.58,1.54,3.11,41.32,65.55,853.15,8.04,19.39,Sugarcane,Vegetative,Kharif,Sprinkler,River,1.62,No,110.97,South,Medium,Medium,110.0,Medium
Silt,6.61,30.97,1.52,3.43,38.19,71.98,1263.19,5.13,14.72,Sugarcane,Flowering,Rabi,Canal,Groundwater,12.2,No,10.02,South,Medium,Medium,110.0,Medium
Loamy,5.36,22.04,0.58,3.01,38.95,27.43,1540.52,8.84,4.2,Potato,Harvest,Kharif,Rainfed,River,2.77,Yes,78.61,Central,Low,Low,34.17,Low
Silt,5.33,29.79,1.07,2.2,30.73,55.76,675.85,5.06,14.31,Cotton,Flowering,Kharif,Canal,Groundwater,11.47,No,84.92,West,Medium,Medium,110.0,Medium
Sandy,5.35,20.54,1.34,1.73,40.07,45.59,2065.09,7.67,7.02,Sugarcane,Vegetative,Kharif,Drip,Reservoir,2.58,No,17.63,West,Medium,Medium,98.78,Medium
Sandy,4.95,44.69,1.55,1.26,31.16,36.54,282.29,8.77,10.04,Cotton,Sowing,Rabi,Canal,Rainwater,0.34,No,95.11,West,Medium,Medium,93.34,Medium
Clay,7.01,34.7,1.14,2.68,22.38,39.12,2437.46,5.17,11.04,Cotton,Vegetative,Kharif,Sprinkler,River,8.39,Yes,91.67,West,Low,Low,27.62,Low
Silt,7.97,36.63,1.6,1.19,17.67,79.07,1124.03,9.53,15.85,Cotton,Vegetative,Kharif,Sprinkler,Rainwater,0.4,No,79.55,South,Medium,Medium,65.37,Medium
Loamy,6.67,59.2,1.07,2.59,27.3,53.85,1028.13,8.96,3.86,Cotton,Vegetative,Zaid,Rainfed,Rainwater,3.3,No,71.5,West,Low,Low,26.8,Low
Silt,6.85,52.02,0.84,1.03,13.43,79.99,635.78,9.02,16.06,Potato,Vegetative,Kharif,Canal,Groundwater,10.77,No,80.35,East,Medium,Medium,67.16,Medium
Clay,7.64,16.79,0.78,2.31,37.71,86.05,1911.35,6.54,5.34,Rice,Flowering,Rabi,Canal,River,3.86,Yes,115.58,West,Medium,Medium,110.0,Medium
Silt,6.42,33.84,1.22,1.75,30.54,85.17,585.93,10.47,14.86,Wheat,Vegetative,Rabi,Drip,Reservoir,7.68,Yes,89.33,West,Medium,Medium,84.55,Medium
Loamy,5.41,34.91,0.94,2.55,28.16,79.21,525.52,4.75,2.62,Sugarcane,Vegetative,Zaid,Canal,Rainwater,5.39,Yes,52.04,North,Low,Low,60.0,Low
Loamy,6.77,25.95,0.49,0.49,28.8,80.72,843.02,6.21,7.32,Potato,Vegetative,Kharif,Rainfed,Groundwater,14.94,Yes,37.64,Central,Low,Low,60.0,Low
Clay,6.7,15.15,1.31,0.45,29.39,34.47,2310.19,5.27,5.59,Potato,Harvest,Rabi,Canal,Rainwater,12.49,Yes,45.38,North,Low,Low,33.3,Low
Sandy,7.29,32.16,0.65,2.77,17.83,42.46,2276.91,9.96,5.27,Maize,Sowing,Zaid,Drip,River,14.64,Yes,114.1,East,Low,Low,31.51,Low
Loamy,5.31,38.25,0.68,1.78,25.64,88.67,2174.65,9.83,8.58,Cotton,Harvest,Kharif,Canal,Groundwater,0.85,No,47.13,West,Low,Low,19.7,Low
Sandy,8.09,21.42,0.38,2.18,20.98,51.4,1575.52,5.54,15.77,Cotton,Harvest,Kharif,Drip,Rainwater,3.59,No,86.9,West,Medium,Medium,45.86,Medium
Clay,6.01,57.1,0.46,2.12,17.78,32.28,210.51,9.53,16.79,Cotton,Sowing,Zaid,Rainfed,Rainwater,12.92,Yes,18.68,East,Low,Low,33.96,Low
Loamy,6.87,36.97,1.01,0.92,13.92,29.27,12.76,5.17,3.26,Potato,Harvest,Zaid,Rainfed,Rainwater,0.79,No,40.34,South,Low,Low,32.87,Low
Clay,5.19,46.73,0.77,0.62,12.27,43.32,1718.84,7.18,19.26,Cotton,Sowing,Zaid,Sprinkler,River,5.07,No,60.48,North,Low,Low,39.67,Low
Sandy,5.25,35.56,1.4,1.31,31.96,88.86,1378.07,9.62,16.76,Maize,Vegetative,Rabi,Drip,River,7.94,No,38.42,West,Medium,Medium,65.7,Medium
Loamy,6.8,50.78,0.63,2.12,15.13,68.56,803.69,6.22,17.39,Maize,Harvest,Rabi,Sprinkler,Rainwater,10.91,Yes,100.47,North,Low,Low,23.47,Low
Loamy,7.01,50.33,1.04,1.2,26.43,55.49,2263.24,6.9,14.04,Cotton,Sowing,Zaid,Drip,River,6.48,Yes,66.4,West,Low,Low,38.25,Low
Sandy,5.04,29.2,1.25,0.99,18.99,40.9,1756.11,6.59,5.21,Cotton,Vegetative,Rabi,Drip,River,2.06,Yes,62.61,East,Low,Low,23.63,Low
Clay,7.61,44.76,1.04,1.83,18.54,38.73,2220.93,4.46,12.71,Wheat,Sowing,Rabi,Sprinkler,Reservoir,2.23,Yes,84.53,West,Low,Low,24.39,Low
Sandy,5.06,12.66,1.16,0.98,41.58,39.12,632.11,10.16,1.95,Potato,Harvest,Rabi,Canal,Rainwater,2.16,Yes,16.25,North,Low,Low,39.69,Low
Sandy,7.96,29.52,0.79,1.0,39.42,78.89,2336.06,4.11,2.27,Wheat,Harvest,Kharif,Sprinkler,Groundwater,2.58,No,27.98,Central,Low,Low,15.0,Low
Silt,7.99,28.68,0.71,1.53,37.34,39.08,912.65,10.94,15.38,Cotton,Flowering,Zaid,Drip,Groundwater,6.33,Yes,19.37,North,Medium,Medium,96.21,Medium
Silt,6.48,28.17,0.5,1.07,39.55,66.06,727.49,8.13,4.79,Potato,Flowering,Kharif,Canal,Rainwater,5.3,Yes,20.93,West,Low,Low,60.0,Low
Silt,4.85,42.29,0.33,3.35,37.99,79.08,255.03,10.89,17.42,Rice,Sowing,Zaid,Canal,Groundwater,3.28,Yes,1.61,West,Medium,Medium,110.0,Medium
Sandy,5.58,20.67,0.4,0.92,15.05,91.23,185.54,7.25,1.17,Rice,Vegetative,Kharif,Canal,Reservoir,3.05,No,105.44,South,High,Medium,108.0,High
Silt,7.46,14.4,0.38,1.66,32.8,45.55,687.89,6.6,14.78,Maize,Sowing,Zaid,Canal,Rainwater,11.72,No,36.21,East,Medium,Medium,110.0,Medium
Loamy,5.92,53.1,1.05,0.36,27.13,50.39,442.92,9.65,5.81,Cotton,Flowering,Kharif,Rainfed,Groundwater,13.28,Yes,86.94,West,Low,Low,60.0,Low
Clay,6.2,63.67,0.65,0.22,13.45,25.94,1279.5,6.17,16.26,Potato,Harvest,Zaid,Canal,Groundwater,0.66,No,89.22,North,Low,Low,15.2,Low
Sandy,5.23,41.31,0.73,1.06,27.25,65.29,155.29,4.16,12.64,Rice,Harvest,Zaid,Sprinkler,Reservoir,2.85,No,41.51,North,Medium,Medium,73.47,Medium
Loamy,6.03,10.26,1.12,1.41,16.75,25.82,1462.43,9.56,13.56,Cotton,Harvest,Kharif,Canal,Reservoir,0.53,No,45.64,North,Medium,Medium,68.63,Medium
Clay,6.24,46.83,0.98,2.4,14.8,56.55,2264.81,10.25,2.66,Sugarcane,Vegetative,Kharif,Canal,Rainwater,10.6,No,102.67,South,Low,Low,47.59,Low
Loamy,4.91,41.22,1.49,2.07,20.27,48.1,1093.74,8.96,10.55,Cotton,Harvest,Zaid,Sprinkler,Groundwater,3.05,Yes,69.55,Central,Low,Low,15.91,Low
Loamy,6.62,55.39,1.27,2.4,13.38,53.97,1447.37,6.73,3.39,Maize,Vegetative,Kharif,Sprinkler,Groundwater,7.21,No,78.88,South,Low,Low,45.03,Low
Clay,4.99,24.46,1.47,2.78,17.56,87.48,981.84,6.87,4.23,Sugarcane,Harvest,Rabi,Canal,River,6.98,Yes,112.28,West,Low,Low,26.23,Low
Clay,4.93,59.83,0.59,2.95,35.44,78.9,1022.15,9.29,12.97,Maize,Flowering,Zaid,Drip,Rainwater,3.55,No,71.12,West,Medium,Medium,87.32,Medium
Silt,5.9,26.69,1.38,0.66,28.38,64.69,867.5,8.35,17.48,Sugarcane,Harvest,Rabi,Rainfed,Rainwater,8.78,No,110.24,East,Low,Low,24.14,Low
Sandy,5.85,9.5,1.12,0.87,35.88,76.18,245.92,8.93,11.01,Sugarcane,Sowing,Zaid,Canal,Rainwater,7.56,No,105.34,South,High,Medium,110.0,High
Sandy,4.99,60.57,1.42,1.78,27.56,25.09,995.24,9.95,17.27,Wheat,Sowing,Rabi,Rainfed,Groundwater,12.03,No,66.61,South,Low,Low,43.74,Low
Loamy,8.19,32.62,0.91,1.03,34.58,69.57,248.38,5.24,4.13,Rice,Flowering,Kharif,Rainfed,Reservoir,1.17,Yes,19.06,Central,Medium,Medium,110.0,Medium
Clay,5.55,33.59,0.53,1.96,23.08,68.02,422.43,7.94,4.84,Cotton,Harvest,Zaid,Rainfed,Rainwater,10.01,No,117.74,North,Low,Low,26.46,Low
Silt,5.69,36.79,0.69,1.83,20.11,62.51,1398.4,5.18,1.76,Potato,Vegetative,Zaid,Sprinkler,Reservoir,0.93,Yes,6.7,South,Low,Low,44.71,Low
Silt,5.87,63.1,1.09,2.44,15.16,85.09,177.45,10.98,15.95,Cotton,Flowering,Rabi,Drip,Reservoir,2.62,No,88.4,South,Medium,Medium,77.86,Medium
Clay,5.47,39.11,1.1,1.54,29.26,60.4,157.38,8.61,6.15,Sugarcane,Flowering,Kharif,Drip,Reservoir,12.7,Yes,84.97,Central,Medium,Medium,110.0,Medium
Loamy,6.96,32.66,1.18,3.21,16.08,59.57,430.0,7.47,11.39,Rice,Harvest,Kharif,Canal,River,1.11,Yes,7.48,Central,Low,Low,46.08,Low
Loamy,4.86,34.28,0.97,0.2,12.29,42.92,2211.0,10.35,0.57,Wheat,Vegetative,Zaid,Rainfed,River,9.81,No,3.38,North,Low,Low,20.04,Low
Silt,7.55,58.78,1.39,2.6,23.5,65.18,960.23,10.04,8.52,Wheat,Sowing,Zaid,Rainfed,Rainwater,2.89,No,100.13,West,Low,Low,41.46,Low
Loamy,7.6,59.14,0.88,0.13,26.39,38.41,583.02,10.46,4.37,Sugarcane,Sowing,Kharif,Canal,Rainwater,2.18,No,61.77,Central,Low,Low,60.0,Low
Sandy,7.25,24.58,0.83,3.5,16.39,72.54,1058.76,4.54,4.62,Potato,Harvest,Kharif,Canal,Rainwater,4.65,No,102.16,West,Low,Low,31.64,Low
Sandy,5.52,30.75,1.18,2.43,21.68,77.42,775.91,10.86,15.97,Cotton,Harvest,Kharif,Canal,Rainwater,6.12,Yes,60.17,North,Low,Low,15.34,Low
Loamy,6.27,43.49,1.05,0.48,20.7,80.85,2440.01,5.21,13.41,Wheat,Harvest,Zaid,Drip,River,5.83,No,99.09,Central,Low,Low,15.0,Low
Silt,6.28,37.72,1.36,3.38,23.42,89.7,2080.67,10.89,19.23,Maize,Vegetative,Zaid,Rainfed,Reservoir,14.18,No,29.8,East,Medium,Medium,45.0,Medium
